image_id,class_name,label,raw_path,processed_path,orig_height,orig_width,detected_direction,flipped,platform_y,bbox_ymin,bbox_ymax,bbox_xmin,bbox_xmax,status
NORMAL_0001_UNKNOWN,normal,0,C:\Users\tahsinsoyak\Desktop\proje_github_clone\flatfoot_classifier\data\raw\Normal_PNG_Standardized\NORMAL_0001_UNKNOWN.png,C:\Users\tahsinsoyak\Desktop\proje_github_clone\flatfoot_classifier\data\processed\normal\NORMAL_0001_UNKNOWN.jpg,2428,3003,left,True,1599,727,1629,378,2407,success
NORMAL_0003_UNKNOWN,normal,0,C:\Users\tahsinsoyak\Desktop\proje_github_clone\flatfoot_classifier\data\raw\Normal_PNG_Standardized\NORMAL_0003_UNKNOWN.png,C:\Users\tahsinsoyak\Desktop\proje_github_clone\flatfoot_classifier\data\processed\normal\NORMAL_0003_UNKNOWN.jpg,3026,3008,left,True,1509,635,1539,454,2487,success
NORMAL_0005_UNKNOWN,normal,0,C:\Users\tahsinsoyak\Desktop\proje_github_clone\flatfoot_classifier\data\raw\Normal_PNG_Standardized\NORMAL_0005_UNKNOWN.png,C:\Users\tahsinsoyak\Desktop\proje_github_clone\flatfoot_classifier\data\processed\normal\NORMAL_0005_UNKNOWN.jpg,3026,3008,right,False,1781,919,1811,0,2005,success
NORMAL_0007_UNKNOWN,normal,0,C:\Users\tahsinsoyak\Desktop\proje_github_clone\flatfoot_classifier\data\raw\Normal_PNG_Standardized\NORMAL_0007_UNKNOWN.png,C:\Users\tahsinsoyak\Desktop\proje_github_clone\flatfoot_classifier\data\processed\normal\NORMAL_0007_UNKNOWN.jpg,3026,3008,right,False,1874,1000,1904,171,2204,success
NORMAL_0008_UNKNOWN,normal,0,C:\Users\tahsinsoyak\Desktop\proje_github_clone\flatfoot_classifier\data\raw\Normal_PNG_Standardized\NORMAL_0008_UNKNOWN.png,C:\Users\tahsinsoyak\Desktop\proje_github_clone\flatfoot_classifier\data\processed\normal\NORMAL_0008_UNKNOWN.jpg,3026,3008,left,True,1874,1000,1904,458,2491,success
NORMAL_0009_UNKNOWN,normal,0,C:\Users\tahsinsoyak\Desktop\proje_github_clone\flatfoot_classifier\data\raw\Normal_PNG_Standardized\NORMAL_0009_UNKNOWN.png,C:\Users\tahsinsoyak\Desktop\proje_github_clone\flatfoot_classifier\data\processed\normal\NORMAL_0009_UNKNOWN.jpg,3026,3008,right,False,2221,1347,2251,29,2062,success
NORMAL_0010_UNKNOWN,normal,0,C:\Users\tahsinsoyak\Desktop\proje_github_clone\flatfoot_classifier\data\raw\Normal_PNG_Standardized\NORMAL_0010_UNKNOWN.png,C:\Users\tahsinsoyak\Desktop\proje_github_clone\flatfoot_classifier\data\processed\normal\NORMAL_0010_UNKNOWN.jpg,3026,3008,left,True,2214,1340,2244,527,2560,success
NORMAL_0011_UNKNOWN,normal,0,C:\Users\tahsinsoyak\Desktop\proje_github_clone\flatfoot_classifier\data\raw\Normal_PNG_Standardized\NORMAL_0011_UNKNOWN.png,C:\Users\tahsinsoyak\Desktop\proje_github_clone\flatfoot_classifier\data\processed\normal\NORMAL_0011_UNKNOWN.jpg,3026,3008,left,True,2224,1350,2254,685,2718,success
NORMAL_0012_UNKNOWN,normal,0,C:\Users\tahsinsoyak\Desktop\proje_github_clone\flatfoot_classifier\data\raw\Normal_PNG_Standardized\NORMAL_0012_UNKNOWN.png,C:\Users\tahsinsoyak\Desktop\proje_github_clone\flatfoot_classifier\data\processed\normal\NORMAL_0012_UNKNOWN.jpg,3026,3008,right,False,2359,1485,2389,238,2271,success
NORMAL_0013_UNKNOWN,normal,0,C:\Users\tahsinsoyak\Desktop\proje_github_clone\flatfoot_classifier\data\raw\Normal_PNG_Standardized\NORMAL_0013_UNKNOWN.png,C:\Users\tahsinsoyak\Desktop\proje_github_clone\flatfoot_classifier\data\processed\normal\NORMAL_0013_UNKNOWN.jpg,3026,3008,left,True,2024,1150,2054,744,2777,success
NORMAL_0017_UNKNOWN,normal,0,C:\Users\tahsinsoyak\Desktop\proje_github_clone\flatfoot_classifier\data\raw\Normal_PNG_Standardized\NORMAL_0017_UNKNOWN.png,C:\Users\tahsinsoyak\Desktop\proje_github_clone\flatfoot_classifier\data\processed\normal\NORMAL_0017_UNKNOWN.jpg,3026,3008,right,False,2242,1368,2272,147,2180,success
NORMAL_0018_UNKNOWN,normal,0,C:\Users\tahsinsoyak\Desktop\proje_github_clone\flatfoot_classifier\data\raw\Normal_PNG_Standardized\NORMAL_0018_UNKNOWN.png,C:\Users\tahsinsoyak\Desktop\proje_github_clone\flatfoot_classifier\data\processed\normal\NORMAL_0018_UNKNOWN.jpg,3026,3008,left,True,2242,1380,2272,1003,3008,success
NORMAL_0019_UNKNOWN,normal,0,C:\Users\tahsinsoyak\Desktop\proje_github_clone\flatfoot_classifier\data\raw\Normal_PNG_Standardized\NORMAL_0019_UNKNOWN.png,C:\Users\tahsinsoyak\Desktop\proje_github_clone\flatfoot_classifier\data\processed\normal\NORMAL_0019_UNKNOWN.jpg,3026,3008,right,False,2033,1159,2063,473,2506,success
NORMAL_0020_UNKNOWN,normal,0,C:\Users\tahsinsoyak\Desktop\proje_github_clone\flatfoot_classifier\data\raw\Normal_PNG_Standardized\NORMAL_0020_UNKNOWN.png,C:\Users\tahsinsoyak\Desktop\proje_github_clone\flatfoot_classifier\data\processed\normal\NORMAL_0020_UNKNOWN.jpg,3026,3008,left,True,2024,1150,2054,714,2747,success
NORMAL_0021_UNKNOWN,normal,0,C:\Users\tahsinsoyak\Desktop\proje_github_clone\flatfoot_classifier\data\raw\Normal_PNG_Standardized\NORMAL_0021_UNKNOWN.png,C:\Users\tahsinsoyak\Desktop\proje_github_clone\flatfoot_classifier\data\processed\normal\NORMAL_0021_UNKNOWN.jpg,3026,3008,left,True,1926,1052,1956,577,2610,success
NORMAL_0024_UNKNOWN,normal,0,C:\Users\tahsinsoyak\Desktop\proje_github_clone\flatfoot_classifier\data\raw\Normal_PNG_Standardized\NORMAL_0024_UNKNOWN.png,C:\Users\tahsinsoyak\Desktop\proje_github_clone\flatfoot_classifier\data\processed\normal\NORMAL_0024_UNKNOWN.jpg,3026,3008,left,True,1447,573,1477,418,2451,success
NORMAL_0025_UNKNOWN,normal,0,C:\Users\tahsinsoyak\Desktop\proje_github_clone\flatfoot_classifier\data\raw\Normal_PNG_Standardized\NORMAL_0025_UNKNOWN.png,C:\Users\tahsinsoyak\Desktop\proje_github_clone\flatfoot_classifier\data\processed\normal\NORMAL_0025_UNKNOWN.jpg,3026,3008,left,True,1905,1031,1935,838,2871,success
NORMAL_0026_UNKNOWN,normal,0,C:\Users\tahsinsoyak\Desktop\proje_github_clone\flatfoot_classifier\data\raw\Normal_PNG_Standardized\NORMAL_0026_UNKNOWN.png,C:\Users\tahsinsoyak\Desktop\proje_github_clone\flatfoot_classifier\data\processed\normal\NORMAL_0026_UNKNOWN.jpg,3026,3008,right,False,1904,1030,1934,57,2090,success
NORMAL_0027_UNKNOWN,normal,0,C:\Users\tahsinsoyak\Desktop\proje_github_clone\flatfoot_classifier\data\raw\Normal_PNG_Standardized\NORMAL_0027_UNKNOWN.png,C:\Users\tahsinsoyak\Desktop\proje_github_clone\flatfoot_classifier\data\processed\normal\NORMAL_0027_UNKNOWN.jpg,3026,3008,right,False,2051,1177,2081,414,2447,success
NORMAL_0028_UNKNOWN,normal,0,C:\Users\tahsinsoyak\Desktop\proje_github_clone\flatfoot_classifier\data\raw\Normal_PNG_Standardized\NORMAL_0028_UNKNOWN.png,C:\Users\tahsinsoyak\Desktop\proje_github_clone\flatfoot_classifier\data\processed\normal\NORMAL_0028_UNKNOWN.jpg,3026,3008,left,True,2076,1202,2106,517,2550,success
NORMAL_0031_UNKNOWN,normal,0,C:\Users\tahsinsoyak\Desktop\proje_github_clone\flatfoot_classifier\data\raw\Normal_PNG_Standardized\NORMAL_0031_UNKNOWN.png,C:\Users\tahsinsoyak\Desktop\proje_github_clone\flatfoot_classifier\data\processed\normal\NORMAL_0031_UNKNOWN.jpg,3026,3008,left,True,1713,839,1743,444,2477,success
NORMAL_0032_UNKNOWN,normal,0,C:\Users\tahsinsoyak\Desktop\proje_github_clone\flatfoot_classifier\data\raw\Normal_PNG_Standardized\NORMAL_0032_UNKNOWN.png,C:\Users\tahsinsoyak\Desktop\proje_github_clone\flatfoot_classifier\data\processed\normal\NORMAL_0032_UNKNOWN.jpg,3026,3008,right,False,1737,877,1767,0,2002,success
NORMAL_0033_UNKNOWN,normal,0,C:\Users\tahsinsoyak\Desktop\proje_github_clone\flatfoot_classifier\data\raw\Normal_PNG_Standardized\NORMAL_0033_UNKNOWN.png,C:\Users\tahsinsoyak\Desktop\proje_github_clone\flatfoot_classifier\data\processed\normal\NORMAL_0033_UNKNOWN.jpg,1777,3003,left,True,1318,446,1348,343,2372,success
NORMAL_0035_UNKNOWN,normal,0,C:\Users\tahsinsoyak\Desktop\proje_github_clone\flatfoot_classifier\data\raw\Normal_PNG_Standardized\NORMAL_0035_UNKNOWN.png,C:\Users\tahsinsoyak\Desktop\proje_github_clone\flatfoot_classifier\data\processed\normal\NORMAL_0035_UNKNOWN.jpg,3026,3008,left,True,1748,874,1778,433,2466,success
NORMAL_0038_UNKNOWN,normal,0,C:\Users\tahsinsoyak\Desktop\proje_github_clone\flatfoot_classifier\data\raw\Normal_PNG_Standardized\NORMAL_0038_UNKNOWN.png,C:\Users\tahsinsoyak\Desktop\proje_github_clone\flatfoot_classifier\data\processed\normal\NORMAL_0038_UNKNOWN.jpg,3026,3008,right,False,2134,1260,2164,309,2342,success
NORMAL_0039_UNKNOWN,normal,0,C:\Users\tahsinsoyak\Desktop\proje_github_clone\flatfoot_classifier\data\raw\Normal_PNG_Standardized\NORMAL_0039_UNKNOWN.png,C:\Users\tahsinsoyak\Desktop\proje_github_clone\flatfoot_classifier\data\processed\normal\NORMAL_0039_UNKNOWN.jpg,3026,3008,left,True,2101,1227,2131,479,2512,success
NORMAL_0040_UNKNOWN,normal,0,C:\Users\tahsinsoyak\Desktop\proje_github_clone\flatfoot_classifier\data\raw\Normal_PNG_Standardized\NORMAL_0040_UNKNOWN.png,C:\Users\tahsinsoyak\Desktop\proje_github_clone\flatfoot_classifier\data\processed\normal\NORMAL_0040_UNKNOWN.jpg,3026,3008,right,False,2105,1231,2135,422,2455,success
NORMAL_0041_UNKNOWN,normal,0,C:\Users\tahsinsoyak\Desktop\proje_github_clone\flatfoot_classifier\data\raw\Normal_PNG_Standardized\NORMAL_0041_UNKNOWN.png,C:\Users\tahsinsoyak\Desktop\proje_github_clone\flatfoot_classifier\data\processed\normal\NORMAL_0041_UNKNOWN.jpg,3026,3008,right,False,2159,1285,2189,361,2394,success
NORMAL_0044_UNKNOWN,normal,0,C:\Users\tahsinsoyak\Desktop\proje_github_clone\flatfoot_classifier\data\raw\Normal_PNG_Standardized\NORMAL_0044_UNKNOWN.png,C:\Users\tahsinsoyak\Desktop\proje_github_clone\flatfoot_classifier\data\processed\normal\NORMAL_0044_UNKNOWN.jpg,3026,3008,left,True,1850,976,1880,610,2643,success
NORMAL_0047_UNKNOWN,normal,0,C:\Users\tahsinsoyak\Desktop\proje_github_clone\flatfoot_classifier\data\raw\Normal_PNG_Standardized\NORMAL_0047_UNKNOWN.png,C:\Users\tahsinsoyak\Desktop\proje_github_clone\flatfoot_classifier\data\processed\normal\NORMAL_0047_UNKNOWN.jpg,3026,3008,right,False,1839,965,1869,651,2684,success
NORMAL_0048_UNKNOWN,normal,0,C:\Users\tahsinsoyak\Desktop\proje_github_clone\flatfoot_classifier\data\raw\Normal_PNG_Standardized\NORMAL_0048_UNKNOWN.png,C:\Users\tahsinsoyak\Desktop\proje_github_clone\flatfoot_classifier\data\processed\normal\NORMAL_0048_UNKNOWN.jpg,3026,3008,left,True,2295,1421,2325,537,2570,success
NORMAL_0050_UNKNOWN,normal,0,C:\Users\tahsinsoyak\Desktop\proje_github_clone\flatfoot_classifier\data\raw\Normal_PNG_Standardized\NORMAL_0050_UNKNOWN.png,C:\Users\tahsinsoyak\Desktop\proje_github_clone\flatfoot_classifier\data\processed\normal\NORMAL_0050_UNKNOWN.jpg,3026,3008,right,False,2280,1406,2310,112,2145,success
NORMAL_0051_UNKNOWN,normal,0,C:\Users\tahsinsoyak\Desktop\proje_github_clone\flatfoot_classifier\data\raw\Normal_PNG_Standardized\NORMAL_0051_UNKNOWN.png,C:\Users\tahsinsoyak\Desktop\proje_github_clone\flatfoot_classifier\data\processed\normal\NORMAL_0051_UNKNOWN.jpg,3026,3008,left,True,2280,1406,2310,543,2576,success
NORMAL_0052_UNKNOWN,normal,0,C:\Users\tahsinsoyak\Desktop\proje_github_clone\flatfoot_classifier\data\raw\Normal_PNG_Standardized\NORMAL_0052_UNKNOWN.png,C:\Users\tahsinsoyak\Desktop\proje_github_clone\flatfoot_classifier\data\processed\normal\NORMAL_0052_UNKNOWN.jpg,3026,3008,right,False,2101,1227,2131,342,2375,success
NORMAL_0057_UNKNOWN,normal,0,C:\Users\tahsinsoyak\Desktop\proje_github_clone\flatfoot_classifier\data\raw\Normal_PNG_Standardized\NORMAL_0057_UNKNOWN.png,C:\Users\tahsinsoyak\Desktop\proje_github_clone\flatfoot_classifier\data\processed\normal\NORMAL_0057_UNKNOWN.jpg,3026,3008,right,False,2222,1348,2252,249,2282,success
NORMAL_0058_UNKNOWN,normal,0,C:\Users\tahsinsoyak\Desktop\proje_github_clone\flatfoot_classifier\data\raw\Normal_PNG_Standardized\NORMAL_0058_UNKNOWN.png,C:\Users\tahsinsoyak\Desktop\proje_github_clone\flatfoot_classifier\data\processed\normal\NORMAL_0058_UNKNOWN.jpg,3026,3008,left,True,2356,1499,2386,1014,3008,success
NORMAL_0059_UNKNOWN,normal,0,C:\Users\tahsinsoyak\Desktop\proje_github_clone\flatfoot_classifier\data\raw\Normal_PNG_Standardized\NORMAL_0059_UNKNOWN.png,C:\Users\tahsinsoyak\Desktop\proje_github_clone\flatfoot_classifier\data\processed\normal\NORMAL_0059_UNKNOWN.jpg,3026,3008,right,False,2280,1406,2310,431,2464,success
NORMAL_0060_UNKNOWN,normal,0,C:\Users\tahsinsoyak\Desktop\proje_github_clone\flatfoot_classifier\data\raw\Normal_PNG_Standardized\NORMAL_0060_UNKNOWN.png,C:\Users\tahsinsoyak\Desktop\proje_github_clone\flatfoot_classifier\data\processed\normal\NORMAL_0060_UNKNOWN.jpg,3026,3008,left,True,2261,1387,2291,942,2975,success
NORMAL_0061_UNKNOWN,normal,0,C:\Users\tahsinsoyak\Desktop\proje_github_clone\flatfoot_classifier\data\raw\Normal_PNG_Standardized\NORMAL_0061_UNKNOWN.png,C:\Users\tahsinsoyak\Desktop\proje_github_clone\flatfoot_classifier\data\processed\normal\NORMAL_0061_UNKNOWN.jpg,3026,3008,left,True,2124,1250,2154,400,2433,success
NORMAL_0063_UNKNOWN,normal,0,C:\Users\tahsinsoyak\Desktop\proje_github_clone\flatfoot_classifier\data\raw\Normal_PNG_Standardized\NORMAL_0063_UNKNOWN.png,C:\Users\tahsinsoyak\Desktop\proje_github_clone\flatfoot_classifier\data\processed\normal\NORMAL_0063_UNKNOWN.jpg,3026,3008,left,True,2021,1147,2051,358,2391,success
NORMAL_0064_UNKNOWN,normal,0,C:\Users\tahsinsoyak\Desktop\proje_github_clone\flatfoot_classifier\data\raw\Normal_PNG_Standardized\NORMAL_0064_UNKNOWN.png,C:\Users\tahsinsoyak\Desktop\proje_github_clone\flatfoot_classifier\data\processed\normal\NORMAL_0064_UNKNOWN.jpg,3026,3008,right,False,2032,1158,2062,268,2301,success
NORMAL_0067_UNKNOWN,normal,0,C:\Users\tahsinsoyak\Desktop\proje_github_clone\flatfoot_classifier\data\raw\Normal_PNG_Standardized\NORMAL_0067_UNKNOWN.png,C:\Users\tahsinsoyak\Desktop\proje_github_clone\flatfoot_classifier\data\processed\normal\NORMAL_0067_UNKNOWN.jpg,3026,3008,left,True,2296,1422,2326,86,2119,success
NORMAL_0070_UNKNOWN,normal,0,C:\Users\tahsinsoyak\Desktop\proje_github_clone\flatfoot_classifier\data\raw\Normal_PNG_Standardized\NORMAL_0070_UNKNOWN.png,C:\Users\tahsinsoyak\Desktop\proje_github_clone\flatfoot_classifier\data\processed\normal\NORMAL_0070_UNKNOWN.jpg,3026,3008,left,True,2132,1258,2162,312,2345,success
NORMAL_0071_UNKNOWN,normal,0,C:\Users\tahsinsoyak\Desktop\proje_github_clone\flatfoot_classifier\data\raw\Normal_PNG_Standardized\NORMAL_0071_UNKNOWN.png,C:\Users\tahsinsoyak\Desktop\proje_github_clone\flatfoot_classifier\data\processed\normal\NORMAL_0071_UNKNOWN.jpg,3026,3008,left,True,2035,1161,2065,490,2523,success
NORMAL_0072_UNKNOWN,normal,0,C:\Users\tahsinsoyak\Desktop\proje_github_clone\flatfoot_classifier\data\raw\Normal_PNG_Standardized\NORMAL_0072_UNKNOWN.png,C:\Users\tahsinsoyak\Desktop\proje_github_clone\flatfoot_classifier\data\processed\normal\NORMAL_0072_UNKNOWN.jpg,3026,3008,right,False,2034,1160,2064,152,2185,success
NORMAL_0073_UNKNOWN,normal,0,C:\Users\tahsinsoyak\Desktop\proje_github_clone\flatfoot_classifier\data\raw\Normal_PNG_Standardized\NORMAL_0073_UNKNOWN.png,C:\Users\tahsinsoyak\Desktop\proje_github_clone\flatfoot_classifier\data\processed\normal\NORMAL_0073_UNKNOWN.jpg,3026,3008,left,True,1828,954,1858,67,2100,success
NORMAL_0074_UNKNOWN,normal,0,C:\Users\tahsinsoyak\Desktop\proje_github_clone\flatfoot_classifier\data\raw\Normal_PNG_Standardized\NORMAL_0074_UNKNOWN.png,C:\Users\tahsinsoyak\Desktop\proje_github_clone\flatfoot_classifier\data\processed\normal\NORMAL_0074_UNKNOWN.jpg,3026,3008,right,False,1826,982,1856,0,1964,success
NORMAL_0076_UNKNOWN,normal,0,C:\Users\tahsinsoyak\Desktop\proje_github_clone\flatfoot_classifier\data\raw\Normal_PNG_Standardized\NORMAL_0076_UNKNOWN.png,C:\Users\tahsinsoyak\Desktop\proje_github_clone\flatfoot_classifier\data\processed\normal\NORMAL_0076_UNKNOWN.jpg,3026,3008,right,False,1964,1090,1994,490,2523,success
NORMAL_0077_UNKNOWN,normal,0,C:\Users\tahsinsoyak\Desktop\proje_github_clone\flatfoot_classifier\data\raw\Normal_PNG_Standardized\NORMAL_0077_UNKNOWN.png,C:\Users\tahsinsoyak\Desktop\proje_github_clone\flatfoot_classifier\data\processed\normal\NORMAL_0077_UNKNOWN.jpg,3026,3008,right,False,2010,1136,2040,286,2319,success
NORMAL_0078_UNKNOWN,normal,0,C:\Users\tahsinsoyak\Desktop\proje_github_clone\flatfoot_classifier\data\raw\Normal_PNG_Standardized\NORMAL_0078_UNKNOWN.png,C:\Users\tahsinsoyak\Desktop\proje_github_clone\flatfoot_classifier\data\processed\normal\NORMAL_0078_UNKNOWN.jpg,3026,3008,left,True,2010,1136,2040,467,2500,success
NORMAL_0079_UNKNOWN,normal,0,C:\Users\tahsinsoyak\Desktop\proje_github_clone\flatfoot_classifier\data\raw\Normal_PNG_Standardized\NORMAL_0079_UNKNOWN.png,C:\Users\tahsinsoyak\Desktop\proje_github_clone\flatfoot_classifier\data\processed\normal\NORMAL_0079_UNKNOWN.jpg,3026,3008,right,False,1842,968,1872,441,2474,success
NORMAL_0080_UNKNOWN,normal,0,C:\Users\tahsinsoyak\Desktop\proje_github_clone\flatfoot_classifier\data\raw\Normal_PNG_Standardized\NORMAL_0080_UNKNOWN.png,C:\Users\tahsinsoyak\Desktop\proje_github_clone\flatfoot_classifier\data\processed\normal\NORMAL_0080_UNKNOWN.jpg,3026,3008,left,True,1842,968,1872,139,2172,success
NORMAL_0081_UNKNOWN,normal,0,C:\Users\tahsinsoyak\Desktop\proje_github_clone\flatfoot_classifier\data\raw\Normal_PNG_Standardized\NORMAL_0081_UNKNOWN.png,C:\Users\tahsinsoyak\Desktop\proje_github_clone\flatfoot_classifier\data\processed\normal\NORMAL_0081_UNKNOWN.jpg,3026,3008,left,True,1841,967,1871,570,2603,success
NORMAL_0082_UNKNOWN,normal,0,C:\Users\tahsinsoyak\Desktop\proje_github_clone\flatfoot_classifier\data\raw\Normal_PNG_Standardized\NORMAL_0082_UNKNOWN.png,C:\Users\tahsinsoyak\Desktop\proje_github_clone\flatfoot_classifier\data\processed\normal\NORMAL_0082_UNKNOWN.jpg,3026,3008,left,True,2043,1169,2073,439,2472,success
NORMAL_0083_UNKNOWN,normal,0,C:\Users\tahsinsoyak\Desktop\proje_github_clone\flatfoot_classifier\data\raw\Normal_PNG_Standardized\NORMAL_0083_UNKNOWN.png,C:\Users\tahsinsoyak\Desktop\proje_github_clone\flatfoot_classifier\data\processed\normal\NORMAL_0083_UNKNOWN.jpg,3026,3008,right,False,2042,1168,2072,664,2697,success
NORMAL_0085_UNKNOWN,normal,0,C:\Users\tahsinsoyak\Desktop\proje_github_clone\flatfoot_classifier\data\raw\Normal_PNG_Standardized\NORMAL_0085_UNKNOWN.png,C:\Users\tahsinsoyak\Desktop\proje_github_clone\flatfoot_classifier\data\processed\normal\NORMAL_0085_UNKNOWN.jpg,3026,3008,left,True,1783,909,1813,118,2151,success
NORMAL_0086_UNKNOWN,normal,0,C:\Users\tahsinsoyak\Desktop\proje_github_clone\flatfoot_classifier\data\raw\Normal_PNG_Standardized\NORMAL_0086_UNKNOWN.png,C:\Users\tahsinsoyak\Desktop\proje_github_clone\flatfoot_classifier\data\processed\normal\NORMAL_0086_UNKNOWN.jpg,3026,3008,right,False,1729,855,1759,505,2538,success
NORMAL_0087_UNKNOWN,normal,0,C:\Users\tahsinsoyak\Desktop\proje_github_clone\flatfoot_classifier\data\raw\Normal_PNG_Standardized\NORMAL_0087_UNKNOWN.png,C:\Users\tahsinsoyak\Desktop\proje_github_clone\flatfoot_classifier\data\processed\normal\NORMAL_0087_UNKNOWN.jpg,3026,3008,left,True,1730,856,1760,236,2269,success
NORMAL_0088_UNKNOWN,normal,0,C:\Users\tahsinsoyak\Desktop\proje_github_clone\flatfoot_classifier\data\raw\Normal_PNG_Standardized\NORMAL_0088_UNKNOWN.png,C:\Users\tahsinsoyak\Desktop\proje_github_clone\flatfoot_classifier\data\processed\normal\NORMAL_0088_UNKNOWN.jpg,3026,3008,left,True,2118,1244,2148,493,2526,success
NORMAL_0090_UNKNOWN,normal,0,C:\Users\tahsinsoyak\Desktop\proje_github_clone\flatfoot_classifier\data\raw\Normal_PNG_Standardized\NORMAL_0090_UNKNOWN.png,C:\Users\tahsinsoyak\Desktop\proje_github_clone\flatfoot_classifier\data\processed\normal\NORMAL_0090_UNKNOWN.jpg,3026,3008,left,True,1705,831,1735,483,2516,success
NORMAL_0092_UNKNOWN,normal,0,C:\Users\tahsinsoyak\Desktop\proje_github_clone\flatfoot_classifier\data\raw\Normal_PNG_Standardized\NORMAL_0092_UNKNOWN.png,C:\Users\tahsinsoyak\Desktop\proje_github_clone\flatfoot_classifier\data\processed\normal\NORMAL_0092_UNKNOWN.jpg,3026,3008,left,True,2218,1344,2248,295,2328,success
NORMAL_0093_UNKNOWN,normal,0,C:\Users\tahsinsoyak\Desktop\proje_github_clone\flatfoot_classifier\data\raw\Normal_PNG_Standardized\NORMAL_0093_UNKNOWN.png,C:\Users\tahsinsoyak\Desktop\proje_github_clone\flatfoot_classifier\data\processed\normal\NORMAL_0093_UNKNOWN.jpg,3026,3008,right,False,2218,1344,2248,50,2083,success
NORMAL_0094_UNKNOWN,normal,0,C:\Users\tahsinsoyak\Desktop\proje_github_clone\flatfoot_classifier\data\raw\Normal_PNG_Standardized\NORMAL_0094_UNKNOWN.png,C:\Users\tahsinsoyak\Desktop\proje_github_clone\flatfoot_classifier\data\processed\normal\NORMAL_0094_UNKNOWN.jpg,3026,3008,right,False,1596,722,1626,419,2452,success
NORMAL_0096_UNKNOWN,normal,0,C:\Users\tahsinsoyak\Desktop\proje_github_clone\flatfoot_classifier\data\raw\Normal_PNG_Standardized\NORMAL_0096_UNKNOWN.png,C:\Users\tahsinsoyak\Desktop\proje_github_clone\flatfoot_classifier\data\processed\normal\NORMAL_0096_UNKNOWN.jpg,3026,3008,left,True,2031,1157,2061,169,2202,success
NORMAL_0097_UNKNOWN,normal,0,C:\Users\tahsinsoyak\Desktop\proje_github_clone\flatfoot_classifier\data\raw\Normal_PNG_Standardized\NORMAL_0097_UNKNOWN.png,C:\Users\tahsinsoyak\Desktop\proje_github_clone\flatfoot_classifier\data\processed\normal\NORMAL_0097_UNKNOWN.jpg,3026,3008,right,False,2029,1155,2059,321,2354,success
NORMAL_0098_UNKNOWN,normal,0,C:\Users\tahsinsoyak\Desktop\proje_github_clone\flatfoot_classifier\data\raw\Normal_PNG_Standardized\NORMAL_0098_UNKNOWN.png,C:\Users\tahsinsoyak\Desktop\proje_github_clone\flatfoot_classifier\data\processed\normal\NORMAL_0098_UNKNOWN.jpg,3026,3008,left,True,1864,990,1894,492,2525,success
NORMAL_0100_UNKNOWN,normal,0,C:\Users\tahsinsoyak\Desktop\proje_github_clone\flatfoot_classifier\data\raw\Normal_PNG_Standardized\NORMAL_0100_UNKNOWN.png,C:\Users\tahsinsoyak\Desktop\proje_github_clone\flatfoot_classifier\data\processed\normal\NORMAL_0100_UNKNOWN.jpg,3026,3008,right,False,1736,862,1766,8,2041,success
NORMAL_0101_UNKNOWN,normal,0,C:\Users\tahsinsoyak\Desktop\proje_github_clone\flatfoot_classifier\data\raw\Normal_PNG_Standardized\NORMAL_0101_UNKNOWN.png,C:\Users\tahsinsoyak\Desktop\proje_github_clone\flatfoot_classifier\data\processed\normal\NORMAL_0101_UNKNOWN.jpg,3026,3008,left,True,1736,862,1766,406,2439,success
NORMAL_0104_UNKNOWN,normal,0,C:\Users\tahsinsoyak\Desktop\proje_github_clone\flatfoot_classifier\data\raw\Normal_PNG_Standardized\NORMAL_0104_UNKNOWN.png,C:\Users\tahsinsoyak\Desktop\proje_github_clone\flatfoot_classifier\data\processed\normal\NORMAL_0104_UNKNOWN.jpg,1836,3003,left,True,1193,321,1223,374,2403,success
NORMAL_0105_UNKNOWN,normal,0,C:\Users\tahsinsoyak\Desktop\proje_github_clone\flatfoot_classifier\data\raw\Normal_PNG_Standardized\NORMAL_0105_UNKNOWN.png,C:\Users\tahsinsoyak\Desktop\proje_github_clone\flatfoot_classifier\data\processed\normal\NORMAL_0105_UNKNOWN.jpg,3026,3008,right,False,1361,487,1391,872,2905,success
NORMAL_0107_UNKNOWN,normal,0,C:\Users\tahsinsoyak\Desktop\proje_github_clone\flatfoot_classifier\data\raw\Normal_PNG_Standardized\NORMAL_0107_UNKNOWN.png,C:\Users\tahsinsoyak\Desktop\proje_github_clone\flatfoot_classifier\data\processed\normal\NORMAL_0107_UNKNOWN.jpg,3026,3008,right,False,1968,1094,1998,346,2379,success
NORMAL_0108_UNKNOWN,normal,0,C:\Users\tahsinsoyak\Desktop\proje_github_clone\flatfoot_classifier\data\raw\Normal_PNG_Standardized\NORMAL_0108_UNKNOWN.png,C:\Users\tahsinsoyak\Desktop\proje_github_clone\flatfoot_classifier\data\processed\normal\NORMAL_0108_UNKNOWN.jpg,3026,3008,right,False,2058,1184,2088,280,2313,success
NORMAL_0112_UNKNOWN,normal,0,C:\Users\tahsinsoyak\Desktop\proje_github_clone\flatfoot_classifier\data\raw\Normal_PNG_Standardized\NORMAL_0112_UNKNOWN.png,C:\Users\tahsinsoyak\Desktop\proje_github_clone\flatfoot_classifier\data\processed\normal\NORMAL_0112_UNKNOWN.jpg,3026,3008,left,True,1905,1031,1935,550,2583,success
NORMAL_0113_UNKNOWN,normal,0,C:\Users\tahsinsoyak\Desktop\proje_github_clone\flatfoot_classifier\data\raw\Normal_PNG_Standardized\NORMAL_0113_UNKNOWN.png,C:\Users\tahsinsoyak\Desktop\proje_github_clone\flatfoot_classifier\data\processed\normal\NORMAL_0113_UNKNOWN.jpg,3026,3008,right,False,1904,1030,1934,147,2180,success
NORMAL_0114_UNKNOWN,normal,0,C:\Users\tahsinsoyak\Desktop\proje_github_clone\flatfoot_classifier\data\raw\Normal_PNG_Standardized\NORMAL_0114_UNKNOWN.png,C:\Users\tahsinsoyak\Desktop\proje_github_clone\flatfoot_classifier\data\processed\normal\NORMAL_0114_UNKNOWN.jpg,3026,3008,right,False,1805,931,1835,228,2261,success
NORMAL_0115_UNKNOWN,normal,0,C:\Users\tahsinsoyak\Desktop\proje_github_clone\flatfoot_classifier\data\raw\Normal_PNG_Standardized\NORMAL_0115_UNKNOWN.png,C:\Users\tahsinsoyak\Desktop\proje_github_clone\flatfoot_classifier\data\processed\normal\NORMAL_0115_UNKNOWN.jpg,3026,3008,left,True,1804,930,1834,707,2740,success
NORMAL_0116_UNKNOWN,normal,0,C:\Users\tahsinsoyak\Desktop\proje_github_clone\flatfoot_classifier\data\raw\Normal_PNG_Standardized\NORMAL_0116_UNKNOWN.png,C:\Users\tahsinsoyak\Desktop\proje_github_clone\flatfoot_classifier\data\processed\normal\NORMAL_0116_UNKNOWN.jpg,3026,3008,right,False,1739,865,1769,146,2179,success
NORMAL_0117_UNKNOWN,normal,0,C:\Users\tahsinsoyak\Desktop\proje_github_clone\flatfoot_classifier\data\raw\Normal_PNG_Standardized\NORMAL_0117_UNKNOWN.png,C:\Users\tahsinsoyak\Desktop\proje_github_clone\flatfoot_classifier\data\processed\normal\NORMAL_0117_UNKNOWN.jpg,3026,3008,left,True,1743,869,1773,428,2461,success
NORMAL_0118_UNKNOWN,normal,0,C:\Users\tahsinsoyak\Desktop\proje_github_clone\flatfoot_classifier\data\raw\Normal_PNG_Standardized\NORMAL_0118_UNKNOWN.png,C:\Users\tahsinsoyak\Desktop\proje_github_clone\flatfoot_classifier\data\processed\normal\NORMAL_0118_UNKNOWN.jpg,3026,3008,left,True,2102,1228,2132,393,2426,success
NORMAL_0120_UNKNOWN,normal,0,C:\Users\tahsinsoyak\Desktop\proje_github_clone\flatfoot_classifier\data\raw\Normal_PNG_Standardized\NORMAL_0120_UNKNOWN.png,C:\Users\tahsinsoyak\Desktop\proje_github_clone\flatfoot_classifier\data\processed\normal\NORMAL_0120_UNKNOWN.jpg,3026,3008,left,True,1913,1039,1943,294,2327,success
NORMAL_0121_UNKNOWN,normal,0,C:\Users\tahsinsoyak\Desktop\proje_github_clone\flatfoot_classifier\data\raw\Normal_PNG_Standardized\NORMAL_0121_UNKNOWN.png,C:\Users\tahsinsoyak\Desktop\proje_github_clone\flatfoot_classifier\data\processed\normal\NORMAL_0121_UNKNOWN.jpg,3026,3008,right,False,1912,1038,1942,518,2551,success
NORMAL_0122_UNKNOWN,normal,0,C:\Users\tahsinsoyak\Desktop\proje_github_clone\flatfoot_classifier\data\raw\Normal_PNG_Standardized\NORMAL_0122_UNKNOWN.png,C:\Users\tahsinsoyak\Desktop\proje_github_clone\flatfoot_classifier\data\processed\normal\NORMAL_0122_UNKNOWN.jpg,3026,3008,left,True,1869,995,1899,716,2749,success
NORMAL_0123_UNKNOWN,normal,0,C:\Users\tahsinsoyak\Desktop\proje_github_clone\flatfoot_classifier\data\raw\Normal_PNG_Standardized\NORMAL_0123_UNKNOWN.png,C:\Users\tahsinsoyak\Desktop\proje_github_clone\flatfoot_classifier\data\processed\normal\NORMAL_0123_UNKNOWN.jpg,3026,3008,right,False,1871,997,1901,377,2410,success
NORMAL_0126_UNKNOWN,normal,0,C:\Users\tahsinsoyak\Desktop\proje_github_clone\flatfoot_classifier\data\raw\Normal_PNG_Standardized\NORMAL_0126_UNKNOWN.png,C:\Users\tahsinsoyak\Desktop\proje_github_clone\flatfoot_classifier\data\processed\normal\NORMAL_0126_UNKNOWN.jpg,3026,3008,left,True,1994,1120,2024,331,2364,success
NORMAL_0127_UNKNOWN,normal,0,C:\Users\tahsinsoyak\Desktop\proje_github_clone\flatfoot_classifier\data\raw\Normal_PNG_Standardized\NORMAL_0127_UNKNOWN.png,C:\Users\tahsinsoyak\Desktop\proje_github_clone\flatfoot_classifier\data\processed\normal\NORMAL_0127_UNKNOWN.jpg,3026,3008,right,False,1997,1123,2027,123,2156,success
NORMAL_0128_UNKNOWN,normal,0,C:\Users\tahsinsoyak\Desktop\proje_github_clone\flatfoot_classifier\data\raw\Normal_PNG_Standardized\NORMAL_0128_UNKNOWN.png,C:\Users\tahsinsoyak\Desktop\proje_github_clone\flatfoot_classifier\data\processed\normal\NORMAL_0128_UNKNOWN.jpg,3026,3008,left,True,2042,1168,2072,600,2633,success
NORMAL_0129_UNKNOWN,normal,0,C:\Users\tahsinsoyak\Desktop\proje_github_clone\flatfoot_classifier\data\raw\Normal_PNG_Standardized\NORMAL_0129_UNKNOWN.png,C:\Users\tahsinsoyak\Desktop\proje_github_clone\flatfoot_classifier\data\processed\normal\NORMAL_0129_UNKNOWN.jpg,3026,3008,right,False,2046,1172,2076,17,2050,success
NORMAL_0130_UNKNOWN,normal,0,C:\Users\tahsinsoyak\Desktop\proje_github_clone\flatfoot_classifier\data\raw\Normal_PNG_Standardized\NORMAL_0130_UNKNOWN.png,C:\Users\tahsinsoyak\Desktop\proje_github_clone\flatfoot_classifier\data\processed\normal\NORMAL_0130_UNKNOWN.jpg,3026,3008,left,True,2223,1349,2253,636,2669,success
NORMAL_0133_UNKNOWN,normal,0,C:\Users\tahsinsoyak\Desktop\proje_github_clone\flatfoot_classifier\data\raw\Normal_PNG_Standardized\NORMAL_0133_UNKNOWN.png,C:\Users\tahsinsoyak\Desktop\proje_github_clone\flatfoot_classifier\data\processed\normal\NORMAL_0133_UNKNOWN.jpg,3026,3008,right,False,2033,1159,2063,533,2566,success
NORMAL_0135_UNKNOWN,normal,0,C:\Users\tahsinsoyak\Desktop\proje_github_clone\flatfoot_classifier\data\raw\Normal_PNG_Standardized\NORMAL_0135_UNKNOWN.png,C:\Users\tahsinsoyak\Desktop\proje_github_clone\flatfoot_classifier\data\processed\normal\NORMAL_0135_UNKNOWN.jpg,3026,3008,right,False,1592,718,1622,71,2104,success
NORMAL_0136_UNKNOWN,normal,0,C:\Users\tahsinsoyak\Desktop\proje_github_clone\flatfoot_classifier\data\raw\Normal_PNG_Standardized\NORMAL_0136_UNKNOWN.png,C:\Users\tahsinsoyak\Desktop\proje_github_clone\flatfoot_classifier\data\processed\normal\NORMAL_0136_UNKNOWN.jpg,3026,3008,left,True,1733,859,1763,338,2371,success
NORMAL_0139_UNKNOWN,normal,0,C:\Users\tahsinsoyak\Desktop\proje_github_clone\flatfoot_classifier\data\raw\Normal_PNG_Standardized\NORMAL_0139_UNKNOWN.png,C:\Users\tahsinsoyak\Desktop\proje_github_clone\flatfoot_classifier\data\processed\normal\NORMAL_0139_UNKNOWN.jpg,3026,3008,right,False,1768,894,1798,450,2483,success
NORMAL_0141_UNKNOWN,normal,0,C:\Users\tahsinsoyak\Desktop\proje_github_clone\flatfoot_classifier\data\raw\Normal_PNG_Standardized\NORMAL_0141_UNKNOWN.png,C:\Users\tahsinsoyak\Desktop\proje_github_clone\flatfoot_classifier\data\processed\normal\NORMAL_0141_UNKNOWN.jpg,3026,3008,right,False,2276,1402,2306,126,2159,success
NORMAL_0143_UNKNOWN,normal,0,C:\Users\tahsinsoyak\Desktop\proje_github_clone\flatfoot_classifier\data\raw\Normal_PNG_Standardized\NORMAL_0143_UNKNOWN.png,C:\Users\tahsinsoyak\Desktop\proje_github_clone\flatfoot_classifier\data\processed\normal\NORMAL_0143_UNKNOWN.jpg,3026,3008,right,False,1361,487,1391,601,2634,success
NORMAL_0144_UNKNOWN,normal,0,C:\Users\tahsinsoyak\Desktop\proje_github_clone\flatfoot_classifier\data\raw\Normal_PNG_Standardized\NORMAL_0144_UNKNOWN.png,C:\Users\tahsinsoyak\Desktop\proje_github_clone\flatfoot_classifier\data\processed\normal\NORMAL_0144_UNKNOWN.jpg,3026,3008,left,True,1661,787,1691,893,2926,success
NORMAL_0145_UNKNOWN,normal,0,C:\Users\tahsinsoyak\Desktop\proje_github_clone\flatfoot_classifier\data\raw\Normal_PNG_Standardized\NORMAL_0145_UNKNOWN.png,C:\Users\tahsinsoyak\Desktop\proje_github_clone\flatfoot_classifier\data\processed\normal\NORMAL_0145_UNKNOWN.jpg,3026,3008,right,False,1667,793,1697,315,2348,success
NORMAL_0147_UNKNOWN,normal,0,C:\Users\tahsinsoyak\Desktop\proje_github_clone\flatfoot_classifier\data\raw\Normal_PNG_Standardized\NORMAL_0147_UNKNOWN.png,C:\Users\tahsinsoyak\Desktop\proje_github_clone\flatfoot_classifier\data\processed\normal\NORMAL_0147_UNKNOWN.jpg,3026,3008,right,False,2152,1278,2182,578,2611,success
NORMAL_0148_UNKNOWN,normal,0,C:\Users\tahsinsoyak\Desktop\proje_github_clone\flatfoot_classifier\data\raw\Normal_PNG_Standardized\NORMAL_0148_UNKNOWN.png,C:\Users\tahsinsoyak\Desktop\proje_github_clone\flatfoot_classifier\data\processed\normal\NORMAL_0148_UNKNOWN.jpg,3026,3008,left,True,1370,496,1400,563,2596,success
NORMAL_0149_UNKNOWN,normal,0,C:\Users\tahsinsoyak\Desktop\proje_github_clone\flatfoot_classifier\data\raw\Normal_PNG_Standardized\NORMAL_0149_UNKNOWN.png,C:\Users\tahsinsoyak\Desktop\proje_github_clone\flatfoot_classifier\data\processed\normal\NORMAL_0149_UNKNOWN.jpg,3026,3008,right,False,1370,496,1400,377,2410,success
NORMAL_0150_UNKNOWN,normal,0,C:\Users\tahsinsoyak\Desktop\proje_github_clone\flatfoot_classifier\data\raw\Normal_PNG_Standardized\NORMAL_0150_UNKNOWN.png,C:\Users\tahsinsoyak\Desktop\proje_github_clone\flatfoot_classifier\data\processed\normal\NORMAL_0150_UNKNOWN.jpg,3026,3008,left,True,2308,1434,2338,486,2519,success
NORMAL_0151_UNKNOWN,normal,0,C:\Users\tahsinsoyak\Desktop\proje_github_clone\flatfoot_classifier\data\raw\Normal_PNG_Standardized\NORMAL_0151_UNKNOWN.png,C:\Users\tahsinsoyak\Desktop\proje_github_clone\flatfoot_classifier\data\processed\normal\NORMAL_0151_UNKNOWN.jpg,3026,3008,right,False,2309,1435,2339,282,2315,success
NORMAL_0152_UNKNOWN,normal,0,C:\Users\tahsinsoyak\Desktop\proje_github_clone\flatfoot_classifier\data\raw\Normal_PNG_Standardized\NORMAL_0152_UNKNOWN.png,C:\Users\tahsinsoyak\Desktop\proje_github_clone\flatfoot_classifier\data\processed\normal\NORMAL_0152_UNKNOWN.jpg,3026,3008,left,True,2403,1529,2433,537,2570,success
NORMAL_0153_UNKNOWN,normal,0,C:\Users\tahsinsoyak\Desktop\proje_github_clone\flatfoot_classifier\data\raw\Normal_PNG_Standardized\NORMAL_0153_UNKNOWN.png,C:\Users\tahsinsoyak\Desktop\proje_github_clone\flatfoot_classifier\data\processed\normal\NORMAL_0153_UNKNOWN.jpg,3026,3008,right,False,2403,1529,2433,326,2359,success
NORMAL_0154_UNKNOWN,normal,0,C:\Users\tahsinsoyak\Desktop\proje_github_clone\flatfoot_classifier\data\raw\Normal_PNG_Standardized\NORMAL_0154_UNKNOWN.png,C:\Users\tahsinsoyak\Desktop\proje_github_clone\flatfoot_classifier\data\processed\normal\NORMAL_0154_UNKNOWN.jpg,3026,3008,left,True,2058,1184,2088,721,2754,success
NORMAL_0156_UNKNOWN,normal,0,C:\Users\tahsinsoyak\Desktop\proje_github_clone\flatfoot_classifier\data\raw\Normal_PNG_Standardized\NORMAL_0156_UNKNOWN.png,C:\Users\tahsinsoyak\Desktop\proje_github_clone\flatfoot_classifier\data\processed\normal\NORMAL_0156_UNKNOWN.jpg,3026,3008,left,True,2001,1127,2031,445,2478,success
NORMAL_0157_UNKNOWN,normal,0,C:\Users\tahsinsoyak\Desktop\proje_github_clone\flatfoot_classifier\data\raw\Normal_PNG_Standardized\NORMAL_0157_UNKNOWN.png,C:\Users\tahsinsoyak\Desktop\proje_github_clone\flatfoot_classifier\data\processed\normal\NORMAL_0157_UNKNOWN.jpg,3026,3008,right,False,2000,1126,2030,19,2052,success
NORMAL_0158_UNKNOWN,normal,0,C:\Users\tahsinsoyak\Desktop\proje_github_clone\flatfoot_classifier\data\raw\Normal_PNG_Standardized\NORMAL_0158_UNKNOWN.png,C:\Users\tahsinsoyak\Desktop\proje_github_clone\flatfoot_classifier\data\processed\normal\NORMAL_0158_UNKNOWN.jpg,3026,3008,left,True,1946,1072,1976,708,2741,success
NORMAL_0159_UNKNOWN,normal,0,C:\Users\tahsinsoyak\Desktop\proje_github_clone\flatfoot_classifier\data\raw\Normal_PNG_Standardized\NORMAL_0159_UNKNOWN.png,C:\Users\tahsinsoyak\Desktop\proje_github_clone\flatfoot_classifier\data\processed\normal\NORMAL_0159_UNKNOWN.jpg,3026,3008,right,False,1947,1073,1977,130,2163,success
NORMAL_0161_UNKNOWN,normal,0,C:\Users\tahsinsoyak\Desktop\proje_github_clone\flatfoot_classifier\data\raw\Normal_PNG_Standardized\NORMAL_0161_UNKNOWN.png,C:\Users\tahsinsoyak\Desktop\proje_github_clone\flatfoot_classifier\data\processed\normal\NORMAL_0161_UNKNOWN.jpg,3026,3008,left,True,2079,1205,2109,586,2619,success
NORMAL_0162_UNKNOWN,normal,0,C:\Users\tahsinsoyak\Desktop\proje_github_clone\flatfoot_classifier\data\raw\Normal_PNG_Standardized\NORMAL_0162_UNKNOWN.png,C:\Users\tahsinsoyak\Desktop\proje_github_clone\flatfoot_classifier\data\processed\normal\NORMAL_0162_UNKNOWN.jpg,3026,3008,right,False,2182,1308,2212,565,2598,success
NORMAL_0166_UNKNOWN,normal,0,C:\Users\tahsinsoyak\Desktop\proje_github_clone\flatfoot_classifier\data\raw\Normal_PNG_Standardized\NORMAL_0166_UNKNOWN.png,C:\Users\tahsinsoyak\Desktop\proje_github_clone\flatfoot_classifier\data\processed\normal\NORMAL_0166_UNKNOWN.jpg,3026,3008,right,False,2138,1264,2168,470,2503,success
NORMAL_0167_UNKNOWN,normal,0,C:\Users\tahsinsoyak\Desktop\proje_github_clone\flatfoot_classifier\data\raw\Normal_PNG_Standardized\NORMAL_0167_UNKNOWN.png,C:\Users\tahsinsoyak\Desktop\proje_github_clone\flatfoot_classifier\data\processed\normal\NORMAL_0167_UNKNOWN.jpg,3026,3008,left,True,2139,1265,2169,203,2236,success
NORMAL_0169_UNKNOWN,normal,0,C:\Users\tahsinsoyak\Desktop\proje_github_clone\flatfoot_classifier\data\raw\Normal_PNG_Standardized\NORMAL_0169_UNKNOWN.png,C:\Users\tahsinsoyak\Desktop\proje_github_clone\flatfoot_classifier\data\processed\normal\NORMAL_0169_UNKNOWN.jpg,3026,3008,right,False,2179,1305,2209,615,2648,success
NORMAL_0171_UNKNOWN,normal,0,C:\Users\tahsinsoyak\Desktop\proje_github_clone\flatfoot_classifier\data\raw\Normal_PNG_Standardized\NORMAL_0171_UNKNOWN.png,C:\Users\tahsinsoyak\Desktop\proje_github_clone\flatfoot_classifier\data\processed\normal\NORMAL_0171_UNKNOWN.jpg,3023,3008,left,True,2294,1420,2324,412,2445,success
NORMAL_0172_UNKNOWN,normal,0,C:\Users\tahsinsoyak\Desktop\proje_github_clone\flatfoot_classifier\data\raw\Normal_PNG_Standardized\NORMAL_0172_UNKNOWN.png,C:\Users\tahsinsoyak\Desktop\proje_github_clone\flatfoot_classifier\data\processed\normal\NORMAL_0172_UNKNOWN.jpg,3026,3008,left,True,2168,1294,2198,808,2841,success
NORMAL_0176_UNKNOWN,normal,0,C:\Users\tahsinsoyak\Desktop\proje_github_clone\flatfoot_classifier\data\raw\Normal_PNG_Standardized\NORMAL_0176_UNKNOWN.png,C:\Users\tahsinsoyak\Desktop\proje_github_clone\flatfoot_classifier\data\processed\normal\NORMAL_0176_UNKNOWN.jpg,3026,3008,left,True,2327,1453,2357,356,2389,success
NORMAL_0177_UNKNOWN,normal,0,C:\Users\tahsinsoyak\Desktop\proje_github_clone\flatfoot_classifier\data\raw\Normal_PNG_Standardized\NORMAL_0177_UNKNOWN.png,C:\Users\tahsinsoyak\Desktop\proje_github_clone\flatfoot_classifier\data\processed\normal\NORMAL_0177_UNKNOWN.jpg,3026,3008,right,False,2326,1452,2356,286,2319,success
NORMAL_0178_UNKNOWN,normal,0,C:\Users\tahsinsoyak\Desktop\proje_github_clone\flatfoot_classifier\data\raw\Normal_PNG_Standardized\NORMAL_0178_UNKNOWN.png,C:\Users\tahsinsoyak\Desktop\proje_github_clone\flatfoot_classifier\data\processed\normal\NORMAL_0178_UNKNOWN.jpg,3026,3008,left,True,2215,1341,2245,503,2536,success
NORMAL_0179_UNKNOWN,normal,0,C:\Users\tahsinsoyak\Desktop\proje_github_clone\flatfoot_classifier\data\raw\Normal_PNG_Standardized\NORMAL_0179_UNKNOWN.png,C:\Users\tahsinsoyak\Desktop\proje_github_clone\flatfoot_classifier\data\processed\normal\NORMAL_0179_UNKNOWN.jpg,3026,3008,right,False,2215,1341,2245,238,2271,success
NORMAL_0180_UNKNOWN,normal,0,C:\Users\tahsinsoyak\Desktop\proje_github_clone\flatfoot_classifier\data\raw\Normal_PNG_Standardized\NORMAL_0180_UNKNOWN.png,C:\Users\tahsinsoyak\Desktop\proje_github_clone\flatfoot_classifier\data\processed\normal\NORMAL_0180_UNKNOWN.jpg,3023,3008,left,True,2349,1475,2379,246,2279,success
NORMAL_0181_UNKNOWN,normal,0,C:\Users\tahsinsoyak\Desktop\proje_github_clone\flatfoot_classifier\data\raw\Normal_PNG_Standardized\NORMAL_0181_UNKNOWN.png,C:\Users\tahsinsoyak\Desktop\proje_github_clone\flatfoot_classifier\data\processed\normal\NORMAL_0181_UNKNOWN.jpg,3026,3008,right,False,2406,1532,2436,426,2459,success
NORMAL_0183_UNKNOWN,normal,0,C:\Users\tahsinsoyak\Desktop\proje_github_clone\flatfoot_classifier\data\raw\Normal_PNG_Standardized\NORMAL_0183_UNKNOWN.png,C:\Users\tahsinsoyak\Desktop\proje_github_clone\flatfoot_classifier\data\processed\normal\NORMAL_0183_UNKNOWN.jpg,3026,3008,right,False,2410,1536,2440,452,2485,success
NORMAL_0184_UNKNOWN,normal,0,C:\Users\tahsinsoyak\Desktop\proje_github_clone\flatfoot_classifier\data\raw\Normal_PNG_Standardized\NORMAL_0184_UNKNOWN.png,C:\Users\tahsinsoyak\Desktop\proje_github_clone\flatfoot_classifier\data\processed\normal\NORMAL_0184_UNKNOWN.jpg,2686,3003,left,True,1739,867,1769,465,2494,success
NORMAL_0185_UNKNOWN,normal,0,C:\Users\tahsinsoyak\Desktop\proje_github_clone\flatfoot_classifier\data\raw\Normal_PNG_Standardized\NORMAL_0185_UNKNOWN.png,C:\Users\tahsinsoyak\Desktop\proje_github_clone\flatfoot_classifier\data\processed\normal\NORMAL_0185_UNKNOWN.jpg,2668,3003,right,False,1724,852,1754,193,2222,success
NORMAL_0186_UNKNOWN,normal,0,C:\Users\tahsinsoyak\Desktop\proje_github_clone\flatfoot_classifier\data\raw\Normal_PNG_Standardized\NORMAL_0186_UNKNOWN.png,C:\Users\tahsinsoyak\Desktop\proje_github_clone\flatfoot_classifier\data\processed\normal\NORMAL_0186_UNKNOWN.jpg,3026,3008,right,False,2031,1157,2061,76,2109,success
NORMAL_0187_UNKNOWN,normal,0,C:\Users\tahsinsoyak\Desktop\proje_github_clone\flatfoot_classifier\data\raw\Normal_PNG_Standardized\NORMAL_0187_UNKNOWN.png,C:\Users\tahsinsoyak\Desktop\proje_github_clone\flatfoot_classifier\data\processed\normal\NORMAL_0187_UNKNOWN.jpg,3026,3008,left,True,2032,1158,2062,624,2657,success
NORMAL_0188_UNKNOWN,normal,0,C:\Users\tahsinsoyak\Desktop\proje_github_clone\flatfoot_classifier\data\raw\Normal_PNG_Standardized\NORMAL_0188_UNKNOWN.png,C:\Users\tahsinsoyak\Desktop\proje_github_clone\flatfoot_classifier\data\processed\normal\NORMAL_0188_UNKNOWN.jpg,3026,3008,right,False,1361,487,1391,247,2280,success
NORMAL_0189_UNKNOWN,normal,0,C:\Users\tahsinsoyak\Desktop\proje_github_clone\flatfoot_classifier\data\raw\Normal_PNG_Standardized\NORMAL_0189_UNKNOWN.png,C:\Users\tahsinsoyak\Desktop\proje_github_clone\flatfoot_classifier\data\processed\normal\NORMAL_0189_UNKNOWN.jpg,3026,3008,left,True,1361,487,1391,327,2360,success
NORMAL_0192_UNKNOWN,normal,0,C:\Users\tahsinsoyak\Desktop\proje_github_clone\flatfoot_classifier\data\raw\Normal_PNG_Standardized\NORMAL_0192_UNKNOWN.png,C:\Users\tahsinsoyak\Desktop\proje_github_clone\flatfoot_classifier\data\processed\normal\NORMAL_0192_UNKNOWN.jpg,3026,3008,right,False,1716,842,1746,451,2484,success
NORMAL_0194_UNKNOWN,normal,0,C:\Users\tahsinsoyak\Desktop\proje_github_clone\flatfoot_classifier\data\raw\Normal_PNG_Standardized\NORMAL_0194_UNKNOWN.png,C:\Users\tahsinsoyak\Desktop\proje_github_clone\flatfoot_classifier\data\processed\normal\NORMAL_0194_UNKNOWN.jpg,3026,3008,left,True,2272,1398,2302,193,2226,success
NORMAL_0196_UNKNOWN,normal,0,C:\Users\tahsinsoyak\Desktop\proje_github_clone\flatfoot_classifier\data\raw\Normal_PNG_Standardized\NORMAL_0196_UNKNOWN.png,C:\Users\tahsinsoyak\Desktop\proje_github_clone\flatfoot_classifier\data\processed\normal\NORMAL_0196_UNKNOWN.jpg,2623,3003,left,True,1683,811,1713,328,2357,success
NORMAL_0197_UNKNOWN,normal,0,C:\Users\tahsinsoyak\Desktop\proje_github_clone\flatfoot_classifier\data\raw\Normal_PNG_Standardized\NORMAL_0197_UNKNOWN.png,C:\Users\tahsinsoyak\Desktop\proje_github_clone\flatfoot_classifier\data\processed\normal\NORMAL_0197_UNKNOWN.jpg,2741,3003,left,True,1800,1065,1830,1292,3003,success
NORMAL_0198_UNKNOWN,normal,0,C:\Users\tahsinsoyak\Desktop\proje_github_clone\flatfoot_classifier\data\raw\Normal_PNG_Standardized\NORMAL_0198_UNKNOWN.png,C:\Users\tahsinsoyak\Desktop\proje_github_clone\flatfoot_classifier\data\processed\normal\NORMAL_0198_UNKNOWN.jpg,3026,3008,right,False,1639,765,1669,321,2354,success
NORMAL_0199_UNKNOWN,normal,0,C:\Users\tahsinsoyak\Desktop\proje_github_clone\flatfoot_classifier\data\raw\Normal_PNG_Standardized\NORMAL_0199_UNKNOWN.png,C:\Users\tahsinsoyak\Desktop\proje_github_clone\flatfoot_classifier\data\processed\normal\NORMAL_0199_UNKNOWN.jpg,3026,3008,left,True,1639,765,1669,387,2420,success
NORMAL_0200_UNKNOWN,normal,0,C:\Users\tahsinsoyak\Desktop\proje_github_clone\flatfoot_classifier\data\raw\Normal_PNG_Standardized\NORMAL_0200_UNKNOWN.png,C:\Users\tahsinsoyak\Desktop\proje_github_clone\flatfoot_classifier\data\processed\normal\NORMAL_0200_UNKNOWN.jpg,2557,2944,right,False,1728,873,1758,190,2180,success
NORMAL_0202_UNKNOWN,normal,0,C:\Users\tahsinsoyak\Desktop\proje_github_clone\flatfoot_classifier\data\raw\Normal_PNG_Standardized\NORMAL_0202_UNKNOWN.png,C:\Users\tahsinsoyak\Desktop\proje_github_clone\flatfoot_classifier\data\processed\normal\NORMAL_0202_UNKNOWN.jpg,3026,3008,left,True,1752,878,1782,508,2541,success
NORMAL_0203_UNKNOWN,normal,0,C:\Users\tahsinsoyak\Desktop\proje_github_clone\flatfoot_classifier\data\raw\Normal_PNG_Standardized\NORMAL_0203_UNKNOWN.png,C:\Users\tahsinsoyak\Desktop\proje_github_clone\flatfoot_classifier\data\processed\normal\NORMAL_0203_UNKNOWN.jpg,3026,3008,left,True,1752,878,1782,450,2483,success
NORMAL_0206_UNKNOWN,normal,0,C:\Users\tahsinsoyak\Desktop\proje_github_clone\flatfoot_classifier\data\raw\Normal_PNG_Standardized\NORMAL_0206_UNKNOWN.png,C:\Users\tahsinsoyak\Desktop\proje_github_clone\flatfoot_classifier\data\processed\normal\NORMAL_0206_UNKNOWN.jpg,3026,3008,left,True,2110,1236,2140,592,2625,success
NORMAL_0207_UNKNOWN,normal,0,C:\Users\tahsinsoyak\Desktop\proje_github_clone\flatfoot_classifier\data\raw\Normal_PNG_Standardized\NORMAL_0207_UNKNOWN.png,C:\Users\tahsinsoyak\Desktop\proje_github_clone\flatfoot_classifier\data\processed\normal\NORMAL_0207_UNKNOWN.jpg,3026,3008,right,False,2106,1232,2136,483,2516,success
NORMAL_0208_UNKNOWN,normal,0,C:\Users\tahsinsoyak\Desktop\proje_github_clone\flatfoot_classifier\data\raw\Normal_PNG_Standardized\NORMAL_0208_UNKNOWN.png,C:\Users\tahsinsoyak\Desktop\proje_github_clone\flatfoot_classifier\data\processed\normal\NORMAL_0208_UNKNOWN.jpg,3026,3008,left,True,1959,1085,1989,338,2371,success
NORMAL_0211_UNKNOWN,normal,0,C:\Users\tahsinsoyak\Desktop\proje_github_clone\flatfoot_classifier\data\raw\Normal_PNG_Standardized\NORMAL_0211_UNKNOWN.png,C:\Users\tahsinsoyak\Desktop\proje_github_clone\flatfoot_classifier\data\processed\normal\NORMAL_0211_UNKNOWN.jpg,3026,3008,left,True,1842,1078,1872,1230,3008,success
NORMAL_0212_UNKNOWN,normal,0,C:\Users\tahsinsoyak\Desktop\proje_github_clone\flatfoot_classifier\data\raw\Normal_PNG_Standardized\NORMAL_0212_UNKNOWN.png,C:\Users\tahsinsoyak\Desktop\proje_github_clone\flatfoot_classifier\data\processed\normal\NORMAL_0212_UNKNOWN.jpg,3026,3008,left,True,1402,528,1432,230,2263,success
NORMAL_0213_UNKNOWN,normal,0,C:\Users\tahsinsoyak\Desktop\proje_github_clone\flatfoot_classifier\data\raw\Normal_PNG_Standardized\NORMAL_0213_UNKNOWN.png,C:\Users\tahsinsoyak\Desktop\proje_github_clone\flatfoot_classifier\data\processed\normal\NORMAL_0213_UNKNOWN.jpg,3026,3008,right,False,1402,528,1432,157,2190,success
NORMAL_0214_UNKNOWN,normal,0,C:\Users\tahsinsoyak\Desktop\proje_github_clone\flatfoot_classifier\data\raw\Normal_PNG_Standardized\NORMAL_0214_UNKNOWN.png,C:\Users\tahsinsoyak\Desktop\proje_github_clone\flatfoot_classifier\data\processed\normal\NORMAL_0214_UNKNOWN.jpg,3026,3008,right,False,1605,731,1635,251,2284,success
NORMAL_0215_UNKNOWN,normal,0,C:\Users\tahsinsoyak\Desktop\proje_github_clone\flatfoot_classifier\data\raw\Normal_PNG_Standardized\NORMAL_0215_UNKNOWN.png,C:\Users\tahsinsoyak\Desktop\proje_github_clone\flatfoot_classifier\data\processed\normal\NORMAL_0215_UNKNOWN.jpg,3026,3008,left,True,1602,728,1632,37,2070,success
NORMAL_0216_UNKNOWN,normal,0,C:\Users\tahsinsoyak\Desktop\proje_github_clone\flatfoot_classifier\data\raw\Normal_PNG_Standardized\NORMAL_0216_UNKNOWN.png,C:\Users\tahsinsoyak\Desktop\proje_github_clone\flatfoot_classifier\data\processed\normal\NORMAL_0216_UNKNOWN.jpg,3026,3008,left,True,1518,644,1548,523,2556,success
NORMAL_0217_UNKNOWN,normal,0,C:\Users\tahsinsoyak\Desktop\proje_github_clone\flatfoot_classifier\data\raw\Normal_PNG_Standardized\NORMAL_0217_UNKNOWN.png,C:\Users\tahsinsoyak\Desktop\proje_github_clone\flatfoot_classifier\data\processed\normal\NORMAL_0217_UNKNOWN.jpg,3026,3008,right,False,1518,644,1548,235,2268,success
NORMAL_0219_UNKNOWN,normal,0,C:\Users\tahsinsoyak\Desktop\proje_github_clone\flatfoot_classifier\data\raw\Normal_PNG_Standardized\NORMAL_0219_UNKNOWN.png,C:\Users\tahsinsoyak\Desktop\proje_github_clone\flatfoot_classifier\data\processed\normal\NORMAL_0219_UNKNOWN.jpg,3026,3008,left,True,2205,1331,2235,128,2161,success
NORMAL_0222_UNKNOWN,normal,0,C:\Users\tahsinsoyak\Desktop\proje_github_clone\flatfoot_classifier\data\raw\Normal_PNG_Standardized\NORMAL_0222_UNKNOWN.png,C:\Users\tahsinsoyak\Desktop\proje_github_clone\flatfoot_classifier\data\processed\normal\NORMAL_0222_UNKNOWN.jpg,3026,3008,left,True,2008,1134,2038,496,2529,success
NORMAL_0223_UNKNOWN,normal,0,C:\Users\tahsinsoyak\Desktop\proje_github_clone\flatfoot_classifier\data\raw\Normal_PNG_Standardized\NORMAL_0223_UNKNOWN.png,C:\Users\tahsinsoyak\Desktop\proje_github_clone\flatfoot_classifier\data\processed\normal\NORMAL_0223_UNKNOWN.jpg,3026,3008,right,False,2006,1132,2036,266,2299,success
NORMAL_0224_UNKNOWN,normal,0,C:\Users\tahsinsoyak\Desktop\proje_github_clone\flatfoot_classifier\data\raw\Normal_PNG_Standardized\NORMAL_0224_UNKNOWN.png,C:\Users\tahsinsoyak\Desktop\proje_github_clone\flatfoot_classifier\data\processed\normal\NORMAL_0224_UNKNOWN.jpg,3026,3008,left,True,1674,800,1704,820,2853,success
NORMAL_0226_UNKNOWN,normal,0,C:\Users\tahsinsoyak\Desktop\proje_github_clone\flatfoot_classifier\data\raw\Normal_PNG_Standardized\NORMAL_0226_UNKNOWN.png,C:\Users\tahsinsoyak\Desktop\proje_github_clone\flatfoot_classifier\data\processed\normal\NORMAL_0226_UNKNOWN.jpg,3026,3008,left,True,2139,1265,2169,437,2470,success
NORMAL_0227_UNKNOWN,normal,0,C:\Users\tahsinsoyak\Desktop\proje_github_clone\flatfoot_classifier\data\raw\Normal_PNG_Standardized\NORMAL_0227_UNKNOWN.png,C:\Users\tahsinsoyak\Desktop\proje_github_clone\flatfoot_classifier\data\processed\normal\NORMAL_0227_UNKNOWN.jpg,3026,3008,right,False,2139,1265,2169,145,2178,success
NORMAL_0229_UNKNOWN,normal,0,C:\Users\tahsinsoyak\Desktop\proje_github_clone\flatfoot_classifier\data\raw\Normal_PNG_Standardized\NORMAL_0229_UNKNOWN.png,C:\Users\tahsinsoyak\Desktop\proje_github_clone\flatfoot_classifier\data\processed\normal\NORMAL_0229_UNKNOWN.jpg,3026,3008,right,False,2098,1224,2128,259,2292,success
NORMAL_0230_UNKNOWN,normal,0,C:\Users\tahsinsoyak\Desktop\proje_github_clone\flatfoot_classifier\data\raw\Normal_PNG_Standardized\NORMAL_0230_UNKNOWN.png,C:\Users\tahsinsoyak\Desktop\proje_github_clone\flatfoot_classifier\data\processed\normal\NORMAL_0230_UNKNOWN.jpg,3026,3008,left,True,1902,1028,1932,309,2342,success
NORMAL_0231_UNKNOWN,normal,0,C:\Users\tahsinsoyak\Desktop\proje_github_clone\flatfoot_classifier\data\raw\Normal_PNG_Standardized\NORMAL_0231_UNKNOWN.png,C:\Users\tahsinsoyak\Desktop\proje_github_clone\flatfoot_classifier\data\processed\normal\NORMAL_0231_UNKNOWN.jpg,3026,3008,right,False,1905,1031,1935,291,2324,success
NORMAL_0232_UNKNOWN,normal,0,C:\Users\tahsinsoyak\Desktop\proje_github_clone\flatfoot_classifier\data\raw\Normal_PNG_Standardized\NORMAL_0232_UNKNOWN.png,C:\Users\tahsinsoyak\Desktop\proje_github_clone\flatfoot_classifier\data\processed\normal\NORMAL_0232_UNKNOWN.jpg,3026,3008,left,True,1998,1124,2028,507,2540,success
NORMAL_0233_UNKNOWN,normal,0,C:\Users\tahsinsoyak\Desktop\proje_github_clone\flatfoot_classifier\data\raw\Normal_PNG_Standardized\NORMAL_0233_UNKNOWN.png,C:\Users\tahsinsoyak\Desktop\proje_github_clone\flatfoot_classifier\data\processed\normal\NORMAL_0233_UNKNOWN.jpg,3026,3008,right,False,1995,1121,2025,483,2516,success
NORMAL_0235_UNKNOWN,normal,0,C:\Users\tahsinsoyak\Desktop\proje_github_clone\flatfoot_classifier\data\raw\Normal_PNG_Standardized\NORMAL_0235_UNKNOWN.png,C:\Users\tahsinsoyak\Desktop\proje_github_clone\flatfoot_classifier\data\processed\normal\NORMAL_0235_UNKNOWN.jpg,3026,3008,right,False,2144,1270,2174,532,2565,success
NORMAL_0238_UNKNOWN,normal,0,C:\Users\tahsinsoyak\Desktop\proje_github_clone\flatfoot_classifier\data\raw\Normal_PNG_Standardized\NORMAL_0238_UNKNOWN.png,C:\Users\tahsinsoyak\Desktop\proje_github_clone\flatfoot_classifier\data\processed\normal\NORMAL_0238_UNKNOWN.jpg,3026,3008,left,True,2171,1297,2201,141,2174,success
NORMAL_0239_UNKNOWN,normal,0,C:\Users\tahsinsoyak\Desktop\proje_github_clone\flatfoot_classifier\data\raw\Normal_PNG_Standardized\NORMAL_0239_UNKNOWN.png,C:\Users\tahsinsoyak\Desktop\proje_github_clone\flatfoot_classifier\data\processed\normal\NORMAL_0239_UNKNOWN.jpg,3026,3008,left,True,2169,1295,2199,204,2237,success
NORMAL_0241_UNKNOWN,normal,0,C:\Users\tahsinsoyak\Desktop\proje_github_clone\flatfoot_classifier\data\raw\Normal_PNG_Standardized\NORMAL_0241_UNKNOWN.png,C:\Users\tahsinsoyak\Desktop\proje_github_clone\flatfoot_classifier\data\processed\normal\NORMAL_0241_UNKNOWN.jpg,1735,3003,left,True,1207,335,1237,375,2404,success
NORMAL_0242_UNKNOWN,normal,0,C:\Users\tahsinsoyak\Desktop\proje_github_clone\flatfoot_classifier\data\raw\Normal_PNG_Standardized\NORMAL_0242_UNKNOWN.png,C:\Users\tahsinsoyak\Desktop\proje_github_clone\flatfoot_classifier\data\processed\normal\NORMAL_0242_UNKNOWN.jpg,3026,3008,left,True,1963,1089,1993,345,2378,success
NORMAL_0243_UNKNOWN,normal,0,C:\Users\tahsinsoyak\Desktop\proje_github_clone\flatfoot_classifier\data\raw\Normal_PNG_Standardized\NORMAL_0243_UNKNOWN.png,C:\Users\tahsinsoyak\Desktop\proje_github_clone\flatfoot_classifier\data\processed\normal\NORMAL_0243_UNKNOWN.jpg,3026,3008,right,False,1962,1088,1992,649,2682,success
NORMAL_0248_UNKNOWN,normal,0,C:\Users\tahsinsoyak\Desktop\proje_github_clone\flatfoot_classifier\data\raw\Normal_PNG_Standardized\NORMAL_0248_UNKNOWN.png,C:\Users\tahsinsoyak\Desktop\proje_github_clone\flatfoot_classifier\data\processed\normal\NORMAL_0248_UNKNOWN.jpg,3026,3008,left,True,2295,1421,2325,657,2690,success
NORMAL_0249_UNKNOWN,normal,0,C:\Users\tahsinsoyak\Desktop\proje_github_clone\flatfoot_classifier\data\raw\Normal_PNG_Standardized\NORMAL_0249_UNKNOWN.png,C:\Users\tahsinsoyak\Desktop\proje_github_clone\flatfoot_classifier\data\processed\normal\NORMAL_0249_UNKNOWN.jpg,3026,3008,right,False,2356,1482,2386,136,2169,success
NORMAL_0250_UNKNOWN,normal,0,C:\Users\tahsinsoyak\Desktop\proje_github_clone\flatfoot_classifier\data\raw\Normal_PNG_Standardized\NORMAL_0250_UNKNOWN.png,C:\Users\tahsinsoyak\Desktop\proje_github_clone\flatfoot_classifier\data\processed\normal\NORMAL_0250_UNKNOWN.jpg,3026,3008,left,True,2351,1477,2381,558,2591,success
NORMAL_0251_UNKNOWN,normal,0,C:\Users\tahsinsoyak\Desktop\proje_github_clone\flatfoot_classifier\data\raw\Normal_PNG_Standardized\NORMAL_0251_UNKNOWN.png,C:\Users\tahsinsoyak\Desktop\proje_github_clone\flatfoot_classifier\data\processed\normal\NORMAL_0251_UNKNOWN.jpg,3026,3008,left,True,2291,1417,2321,831,2864,success
NORMAL_0252_UNKNOWN,normal,0,C:\Users\tahsinsoyak\Desktop\proje_github_clone\flatfoot_classifier\data\raw\Normal_PNG_Standardized\NORMAL_0252_UNKNOWN.png,C:\Users\tahsinsoyak\Desktop\proje_github_clone\flatfoot_classifier\data\processed\normal\NORMAL_0252_UNKNOWN.jpg,3026,3008,left,True,2292,1418,2322,569,2602,success
NORMAL_0253_UNKNOWN,normal,0,C:\Users\tahsinsoyak\Desktop\proje_github_clone\flatfoot_classifier\data\raw\Normal_PNG_Standardized\NORMAL_0253_UNKNOWN.png,C:\Users\tahsinsoyak\Desktop\proje_github_clone\flatfoot_classifier\data\processed\normal\NORMAL_0253_UNKNOWN.jpg,3026,3008,right,False,1765,891,1795,112,2145,success
NORMAL_0254_UNKNOWN,normal,0,C:\Users\tahsinsoyak\Desktop\proje_github_clone\flatfoot_classifier\data\raw\Normal_PNG_Standardized\NORMAL_0254_UNKNOWN.png,C:\Users\tahsinsoyak\Desktop\proje_github_clone\flatfoot_classifier\data\processed\normal\NORMAL_0254_UNKNOWN.jpg,3026,3008,left,True,1762,949,1792,1116,3008,success
NORMAL_0257_UNKNOWN,normal,0,C:\Users\tahsinsoyak\Desktop\proje_github_clone\flatfoot_classifier\data\raw\Normal_PNG_Standardized\NORMAL_0257_UNKNOWN.png,C:\Users\tahsinsoyak\Desktop\proje_github_clone\flatfoot_classifier\data\processed\normal\NORMAL_0257_UNKNOWN.jpg,3026,3008,left,True,1361,487,1391,455,2488,success
NORMAL_0259_UNKNOWN,normal,0,C:\Users\tahsinsoyak\Desktop\proje_github_clone\flatfoot_classifier\data\raw\Normal_PNG_Standardized\NORMAL_0259_UNKNOWN.png,C:\Users\tahsinsoyak\Desktop\proje_github_clone\flatfoot_classifier\data\processed\normal\NORMAL_0259_UNKNOWN.jpg,3026,3008,right,False,1677,803,1707,368,2401,success
NORMAL_0260_UNKNOWN,normal,0,C:\Users\tahsinsoyak\Desktop\proje_github_clone\flatfoot_classifier\data\raw\Normal_PNG_Standardized\NORMAL_0260_UNKNOWN.png,C:\Users\tahsinsoyak\Desktop\proje_github_clone\flatfoot_classifier\data\processed\normal\NORMAL_0260_UNKNOWN.jpg,3026,3008,left,True,1677,803,1707,412,2445,success
NORMAL_0261_UNKNOWN,normal,0,C:\Users\tahsinsoyak\Desktop\proje_github_clone\flatfoot_classifier\data\raw\Normal_PNG_Standardized\NORMAL_0261_UNKNOWN.png,C:\Users\tahsinsoyak\Desktop\proje_github_clone\flatfoot_classifier\data\processed\normal\NORMAL_0261_UNKNOWN.jpg,3026,3008,right,False,1690,816,1720,487,2520,success
NORMAL_0263_UNKNOWN,normal,0,C:\Users\tahsinsoyak\Desktop\proje_github_clone\flatfoot_classifier\data\raw\Normal_PNG_Standardized\NORMAL_0263_UNKNOWN.png,C:\Users\tahsinsoyak\Desktop\proje_github_clone\flatfoot_classifier\data\processed\normal\NORMAL_0263_UNKNOWN.jpg,3026,3008,left,True,1607,733,1637,449,2482,success
NORMAL_0264_UNKNOWN,normal,0,C:\Users\tahsinsoyak\Desktop\proje_github_clone\flatfoot_classifier\data\raw\Normal_PNG_Standardized\NORMAL_0264_UNKNOWN.png,C:\Users\tahsinsoyak\Desktop\proje_github_clone\flatfoot_classifier\data\processed\normal\NORMAL_0264_UNKNOWN.jpg,3026,3008,right,False,1608,734,1638,394,2427,success
NORMAL_0265_UNKNOWN,normal,0,C:\Users\tahsinsoyak\Desktop\proje_github_clone\flatfoot_classifier\data\raw\Normal_PNG_Standardized\NORMAL_0265_UNKNOWN.png,C:\Users\tahsinsoyak\Desktop\proje_github_clone\flatfoot_classifier\data\processed\normal\NORMAL_0265_UNKNOWN.jpg,3026,3008,right,False,1681,807,1711,434,2467,success
NORMAL_0266_UNKNOWN,normal,0,C:\Users\tahsinsoyak\Desktop\proje_github_clone\flatfoot_classifier\data\raw\Normal_PNG_Standardized\NORMAL_0266_UNKNOWN.png,C:\Users\tahsinsoyak\Desktop\proje_github_clone\flatfoot_classifier\data\processed\normal\NORMAL_0266_UNKNOWN.jpg,3026,3008,left,True,1682,808,1712,782,2815,success
NORMAL_0267_UNKNOWN,normal,0,C:\Users\tahsinsoyak\Desktop\proje_github_clone\flatfoot_classifier\data\raw\Normal_PNG_Standardized\NORMAL_0267_UNKNOWN.png,C:\Users\tahsinsoyak\Desktop\proje_github_clone\flatfoot_classifier\data\processed\normal\NORMAL_0267_UNKNOWN.jpg,3026,3008,right,False,1636,762,1666,691,2724,success
NORMAL_0268_UNKNOWN,normal,0,C:\Users\tahsinsoyak\Desktop\proje_github_clone\flatfoot_classifier\data\raw\Normal_PNG_Standardized\NORMAL_0268_UNKNOWN.png,C:\Users\tahsinsoyak\Desktop\proje_github_clone\flatfoot_classifier\data\processed\normal\NORMAL_0268_UNKNOWN.jpg,3026,3008,left,True,1680,806,1710,855,2888,success
NORMAL_0269_UNKNOWN,normal,0,C:\Users\tahsinsoyak\Desktop\proje_github_clone\flatfoot_classifier\data\raw\Normal_PNG_Standardized\NORMAL_0269_UNKNOWN.png,C:\Users\tahsinsoyak\Desktop\proje_github_clone\flatfoot_classifier\data\processed\normal\NORMAL_0269_UNKNOWN.jpg,1589,3003,right,False,1165,293,1195,277,2306,success
NORMAL_0270_UNKNOWN,normal,0,C:\Users\tahsinsoyak\Desktop\proje_github_clone\flatfoot_classifier\data\raw\Normal_PNG_Standardized\NORMAL_0270_UNKNOWN.png,C:\Users\tahsinsoyak\Desktop\proje_github_clone\flatfoot_classifier\data\processed\normal\NORMAL_0270_UNKNOWN.jpg,1509,3003,left,True,932,60,962,647,2676,success
NORMAL_0271_UNKNOWN,normal,0,C:\Users\tahsinsoyak\Desktop\proje_github_clone\flatfoot_classifier\data\raw\Normal_PNG_Standardized\NORMAL_0271_UNKNOWN.png,C:\Users\tahsinsoyak\Desktop\proje_github_clone\flatfoot_classifier\data\processed\normal\NORMAL_0271_UNKNOWN.jpg,3026,3008,right,False,2019,1145,2049,66,2099,success
NORMAL_0272_UNKNOWN,normal,0,C:\Users\tahsinsoyak\Desktop\proje_github_clone\flatfoot_classifier\data\raw\Normal_PNG_Standardized\NORMAL_0272_UNKNOWN.png,C:\Users\tahsinsoyak\Desktop\proje_github_clone\flatfoot_classifier\data\processed\normal\NORMAL_0272_UNKNOWN.jpg,3026,3008,left,True,2015,1141,2045,603,2636,success
NORMAL_0275_UNKNOWN,normal,0,C:\Users\tahsinsoyak\Desktop\proje_github_clone\flatfoot_classifier\data\raw\Normal_PNG_Standardized\NORMAL_0275_UNKNOWN.png,C:\Users\tahsinsoyak\Desktop\proje_github_clone\flatfoot_classifier\data\processed\normal\NORMAL_0275_UNKNOWN.jpg,3026,3008,left,True,1486,612,1516,486,2519,success
NORMAL_0276_UNKNOWN,normal,0,C:\Users\tahsinsoyak\Desktop\proje_github_clone\flatfoot_classifier\data\raw\Normal_PNG_Standardized\NORMAL_0276_UNKNOWN.png,C:\Users\tahsinsoyak\Desktop\proje_github_clone\flatfoot_classifier\data\processed\normal\NORMAL_0276_UNKNOWN.jpg,3026,3008,right,False,1486,612,1516,360,2393,success
NORMAL_0278_UNKNOWN,normal,0,C:\Users\tahsinsoyak\Desktop\proje_github_clone\flatfoot_classifier\data\raw\Normal_PNG_Standardized\NORMAL_0278_UNKNOWN.png,C:\Users\tahsinsoyak\Desktop\proje_github_clone\flatfoot_classifier\data\processed\normal\NORMAL_0278_UNKNOWN.jpg,3026,3008,left,True,1385,511,1415,541,2574,success
NORMAL_0279_UNKNOWN,normal,0,C:\Users\tahsinsoyak\Desktop\proje_github_clone\flatfoot_classifier\data\raw\Normal_PNG_Standardized\NORMAL_0279_UNKNOWN.png,C:\Users\tahsinsoyak\Desktop\proje_github_clone\flatfoot_classifier\data\processed\normal\NORMAL_0279_UNKNOWN.jpg,3026,3008,left,True,1554,680,1584,338,2371,success
NORMAL_0281_UNKNOWN,normal,0,C:\Users\tahsinsoyak\Desktop\proje_github_clone\flatfoot_classifier\data\raw\Normal_PNG_Standardized\NORMAL_0281_UNKNOWN.png,C:\Users\tahsinsoyak\Desktop\proje_github_clone\flatfoot_classifier\data\processed\normal\NORMAL_0281_UNKNOWN.jpg,3026,3008,right,False,1646,772,1676,201,2234,success
NORMAL_0282_UNKNOWN,normal,0,C:\Users\tahsinsoyak\Desktop\proje_github_clone\flatfoot_classifier\data\raw\Normal_PNG_Standardized\NORMAL_0282_UNKNOWN.png,C:\Users\tahsinsoyak\Desktop\proje_github_clone\flatfoot_classifier\data\processed\normal\NORMAL_0282_UNKNOWN.jpg,3026,3008,left,True,1706,832,1736,247,2280,success
NORMAL_0283_UNKNOWN,normal,0,C:\Users\tahsinsoyak\Desktop\proje_github_clone\flatfoot_classifier\data\raw\Normal_PNG_Standardized\NORMAL_0283_UNKNOWN.png,C:\Users\tahsinsoyak\Desktop\proje_github_clone\flatfoot_classifier\data\processed\normal\NORMAL_0283_UNKNOWN.jpg,3026,3008,right,False,1707,833,1737,316,2349,success
NORMAL_0284_UNKNOWN,normal,0,C:\Users\tahsinsoyak\Desktop\proje_github_clone\flatfoot_classifier\data\raw\Normal_PNG_Standardized\NORMAL_0284_UNKNOWN.png,C:\Users\tahsinsoyak\Desktop\proje_github_clone\flatfoot_classifier\data\processed\normal\NORMAL_0284_UNKNOWN.jpg,3026,3008,right,False,1858,984,1888,222,2255,success
NORMAL_0285_UNKNOWN,normal,0,C:\Users\tahsinsoyak\Desktop\proje_github_clone\flatfoot_classifier\data\raw\Normal_PNG_Standardized\NORMAL_0285_UNKNOWN.png,C:\Users\tahsinsoyak\Desktop\proje_github_clone\flatfoot_classifier\data\processed\normal\NORMAL_0285_UNKNOWN.jpg,3026,3008,left,True,1858,984,1888,660,2693,success
NORMAL_0288_UNKNOWN,normal,0,C:\Users\tahsinsoyak\Desktop\proje_github_clone\flatfoot_classifier\data\raw\Normal_PNG_Standardized\NORMAL_0288_UNKNOWN.png,C:\Users\tahsinsoyak\Desktop\proje_github_clone\flatfoot_classifier\data\processed\normal\NORMAL_0288_UNKNOWN.jpg,3026,3008,left,True,2191,1317,2221,313,2346,success
NORMAL_0290_UNKNOWN,normal,0,C:\Users\tahsinsoyak\Desktop\proje_github_clone\flatfoot_classifier\data\raw\Normal_PNG_Standardized\NORMAL_0290_UNKNOWN.png,C:\Users\tahsinsoyak\Desktop\proje_github_clone\flatfoot_classifier\data\processed\normal\NORMAL_0290_UNKNOWN.jpg,3026,3008,left,True,2164,1290,2194,174,2207,success
NORMAL_0291_UNKNOWN,normal,0,C:\Users\tahsinsoyak\Desktop\proje_github_clone\flatfoot_classifier\data\raw\Normal_PNG_Standardized\NORMAL_0291_UNKNOWN.png,C:\Users\tahsinsoyak\Desktop\proje_github_clone\flatfoot_classifier\data\processed\normal\NORMAL_0291_UNKNOWN.jpg,3026,3008,right,False,2164,1290,2194,740,2773,success
NORMAL_0293_UNKNOWN,normal,0,C:\Users\tahsinsoyak\Desktop\proje_github_clone\flatfoot_classifier\data\raw\Normal_PNG_Standardized\NORMAL_0293_UNKNOWN.png,C:\Users\tahsinsoyak\Desktop\proje_github_clone\flatfoot_classifier\data\processed\normal\NORMAL_0293_UNKNOWN.jpg,3026,3008,left,True,2034,1160,2064,618,2651,success
NORMAL_0294_UNKNOWN,normal,0,C:\Users\tahsinsoyak\Desktop\proje_github_clone\flatfoot_classifier\data\raw\Normal_PNG_Standardized\NORMAL_0294_UNKNOWN.png,C:\Users\tahsinsoyak\Desktop\proje_github_clone\flatfoot_classifier\data\processed\normal\NORMAL_0294_UNKNOWN.jpg,3026,3008,right,False,2110,1236,2140,178,2211,success
NORMAL_0295_UNKNOWN,normal,0,C:\Users\tahsinsoyak\Desktop\proje_github_clone\flatfoot_classifier\data\raw\Normal_PNG_Standardized\NORMAL_0295_UNKNOWN.png,C:\Users\tahsinsoyak\Desktop\proje_github_clone\flatfoot_classifier\data\processed\normal\NORMAL_0295_UNKNOWN.jpg,3026,3008,right,False,2110,1236,2140,76,2109,success
NORMAL_0296_UNKNOWN,normal,0,C:\Users\tahsinsoyak\Desktop\proje_github_clone\flatfoot_classifier\data\raw\Normal_PNG_Standardized\NORMAL_0296_UNKNOWN.png,C:\Users\tahsinsoyak\Desktop\proje_github_clone\flatfoot_classifier\data\processed\normal\NORMAL_0296_UNKNOWN.jpg,3026,3008,left,True,2243,1369,2273,655,2688,success
NORMAL_0297_UNKNOWN,normal,0,C:\Users\tahsinsoyak\Desktop\proje_github_clone\flatfoot_classifier\data\raw\Normal_PNG_Standardized\NORMAL_0297_UNKNOWN.png,C:\Users\tahsinsoyak\Desktop\proje_github_clone\flatfoot_classifier\data\processed\normal\NORMAL_0297_UNKNOWN.jpg,3026,3008,left,True,2232,1358,2262,484,2517,success
NORMAL_0298_UNKNOWN,normal,0,C:\Users\tahsinsoyak\Desktop\proje_github_clone\flatfoot_classifier\data\raw\Normal_PNG_Standardized\NORMAL_0298_UNKNOWN.png,C:\Users\tahsinsoyak\Desktop\proje_github_clone\flatfoot_classifier\data\processed\normal\NORMAL_0298_UNKNOWN.jpg,3026,3008,left,True,2122,1248,2152,560,2593,success
NORMAL_0300_UNKNOWN,normal,0,C:\Users\tahsinsoyak\Desktop\proje_github_clone\flatfoot_classifier\data\raw\Normal_PNG_Standardized\NORMAL_0300_UNKNOWN.png,C:\Users\tahsinsoyak\Desktop\proje_github_clone\flatfoot_classifier\data\processed\normal\NORMAL_0300_UNKNOWN.jpg,1965,3003,left,True,1475,603,1505,721,2750,success
NORMAL_0301_UNKNOWN,normal,0,C:\Users\tahsinsoyak\Desktop\proje_github_clone\flatfoot_classifier\data\raw\Normal_PNG_Standardized\NORMAL_0301_UNKNOWN.png,C:\Users\tahsinsoyak\Desktop\proje_github_clone\flatfoot_classifier\data\processed\normal\NORMAL_0301_UNKNOWN.jpg,2087,3003,right,False,1393,521,1423,401,2430,success
NORMAL_0302_UNKNOWN,normal,0,C:\Users\tahsinsoyak\Desktop\proje_github_clone\flatfoot_classifier\data\raw\Normal_PNG_Standardized\NORMAL_0302_UNKNOWN.png,C:\Users\tahsinsoyak\Desktop\proje_github_clone\flatfoot_classifier\data\processed\normal\NORMAL_0302_UNKNOWN.jpg,3026,3008,right,False,1909,1035,1939,279,2312,success
NORMAL_0303_UNKNOWN,normal,0,C:\Users\tahsinsoyak\Desktop\proje_github_clone\flatfoot_classifier\data\raw\Normal_PNG_Standardized\NORMAL_0303_UNKNOWN.png,C:\Users\tahsinsoyak\Desktop\proje_github_clone\flatfoot_classifier\data\processed\normal\NORMAL_0303_UNKNOWN.jpg,3026,3008,left,True,1907,1033,1937,644,2677,success
NORMAL_0304_UNKNOWN,normal,0,C:\Users\tahsinsoyak\Desktop\proje_github_clone\flatfoot_classifier\data\raw\Normal_PNG_Standardized\NORMAL_0304_UNKNOWN.png,C:\Users\tahsinsoyak\Desktop\proje_github_clone\flatfoot_classifier\data\processed\normal\NORMAL_0304_UNKNOWN.jpg,3026,3008,left,True,2087,1213,2117,207,2240,success
NORMAL_0305_UNKNOWN,normal,0,C:\Users\tahsinsoyak\Desktop\proje_github_clone\flatfoot_classifier\data\raw\Normal_PNG_Standardized\NORMAL_0305_UNKNOWN.png,C:\Users\tahsinsoyak\Desktop\proje_github_clone\flatfoot_classifier\data\processed\normal\NORMAL_0305_UNKNOWN.jpg,3026,3008,right,False,2090,1216,2120,415,2448,success
NORMAL_0306_UNKNOWN,normal,0,C:\Users\tahsinsoyak\Desktop\proje_github_clone\flatfoot_classifier\data\raw\Normal_PNG_Standardized\NORMAL_0306_UNKNOWN.png,C:\Users\tahsinsoyak\Desktop\proje_github_clone\flatfoot_classifier\data\processed\normal\NORMAL_0306_UNKNOWN.jpg,3026,3008,left,True,2183,1309,2213,685,2718,success
NORMAL_0307_UNKNOWN,normal,0,C:\Users\tahsinsoyak\Desktop\proje_github_clone\flatfoot_classifier\data\raw\Normal_PNG_Standardized\NORMAL_0307_UNKNOWN.png,C:\Users\tahsinsoyak\Desktop\proje_github_clone\flatfoot_classifier\data\processed\normal\NORMAL_0307_UNKNOWN.jpg,3026,3008,right,False,2182,1308,2212,521,2554,success
NORMAL_0308_UNKNOWN,normal,0,C:\Users\tahsinsoyak\Desktop\proje_github_clone\flatfoot_classifier\data\raw\Normal_PNG_Standardized\NORMAL_0308_UNKNOWN.png,C:\Users\tahsinsoyak\Desktop\proje_github_clone\flatfoot_classifier\data\processed\normal\NORMAL_0308_UNKNOWN.jpg,3026,3008,right,False,1924,1050,1954,149,2182,success
NORMAL_0309_UNKNOWN,normal,0,C:\Users\tahsinsoyak\Desktop\proje_github_clone\flatfoot_classifier\data\raw\Normal_PNG_Standardized\NORMAL_0309_UNKNOWN.png,C:\Users\tahsinsoyak\Desktop\proje_github_clone\flatfoot_classifier\data\processed\normal\NORMAL_0309_UNKNOWN.jpg,3026,3008,left,True,1922,1048,1952,7,2040,success
NORMAL_0311_UNKNOWN,normal,0,C:\Users\tahsinsoyak\Desktop\proje_github_clone\flatfoot_classifier\data\raw\Normal_PNG_Standardized\NORMAL_0311_UNKNOWN.png,C:\Users\tahsinsoyak\Desktop\proje_github_clone\flatfoot_classifier\data\processed\normal\NORMAL_0311_UNKNOWN.jpg,3026,3008,right,False,2127,1253,2157,618,2651,success
NORMAL_0313_UNKNOWN,normal,0,C:\Users\tahsinsoyak\Desktop\proje_github_clone\flatfoot_classifier\data\raw\Normal_PNG_Standardized\NORMAL_0313_UNKNOWN.png,C:\Users\tahsinsoyak\Desktop\proje_github_clone\flatfoot_classifier\data\processed\normal\NORMAL_0313_UNKNOWN.jpg,3026,3008,left,True,1885,1011,1915,626,2659,success
NORMAL_0314_UNKNOWN,normal,0,C:\Users\tahsinsoyak\Desktop\proje_github_clone\flatfoot_classifier\data\raw\Normal_PNG_Standardized\NORMAL_0314_UNKNOWN.png,C:\Users\tahsinsoyak\Desktop\proje_github_clone\flatfoot_classifier\data\processed\normal\NORMAL_0314_UNKNOWN.jpg,3026,3008,right,False,1943,1069,1973,446,2479,success
NORMAL_0315_UNKNOWN,normal,0,C:\Users\tahsinsoyak\Desktop\proje_github_clone\flatfoot_classifier\data\raw\Normal_PNG_Standardized\NORMAL_0315_UNKNOWN.png,C:\Users\tahsinsoyak\Desktop\proje_github_clone\flatfoot_classifier\data\processed\normal\NORMAL_0315_UNKNOWN.jpg,3026,3008,left,True,2016,1142,2046,688,2721,success
NORMAL_0316_UNKNOWN,normal,0,C:\Users\tahsinsoyak\Desktop\proje_github_clone\flatfoot_classifier\data\raw\Normal_PNG_Standardized\NORMAL_0316_UNKNOWN.png,C:\Users\tahsinsoyak\Desktop\proje_github_clone\flatfoot_classifier\data\processed\normal\NORMAL_0316_UNKNOWN.jpg,3026,3008,right,False,2017,1143,2047,109,2142,success
NORMAL_0320_UNKNOWN,normal,0,C:\Users\tahsinsoyak\Desktop\proje_github_clone\flatfoot_classifier\data\raw\Normal_PNG_Standardized\NORMAL_0320_UNKNOWN.png,C:\Users\tahsinsoyak\Desktop\proje_github_clone\flatfoot_classifier\data\processed\normal\NORMAL_0320_UNKNOWN.jpg,3026,3008,right,False,1921,1047,1951,665,2698,success
NORMAL_0322_UNKNOWN,normal,0,C:\Users\tahsinsoyak\Desktop\proje_github_clone\flatfoot_classifier\data\raw\Normal_PNG_Standardized\NORMAL_0322_UNKNOWN.png,C:\Users\tahsinsoyak\Desktop\proje_github_clone\flatfoot_classifier\data\processed\normal\NORMAL_0322_UNKNOWN.jpg,3026,3008,right,False,1670,796,1700,534,2567,success
NORMAL_0323_UNKNOWN,normal,0,C:\Users\tahsinsoyak\Desktop\proje_github_clone\flatfoot_classifier\data\raw\Normal_PNG_Standardized\NORMAL_0323_UNKNOWN.png,C:\Users\tahsinsoyak\Desktop\proje_github_clone\flatfoot_classifier\data\processed\normal\NORMAL_0323_UNKNOWN.jpg,1776,2572,right,False,1240,493,1270,48,1786,success
NORMAL_0324_UNKNOWN,normal,0,C:\Users\tahsinsoyak\Desktop\proje_github_clone\flatfoot_classifier\data\raw\Normal_PNG_Standardized\NORMAL_0324_UNKNOWN.png,C:\Users\tahsinsoyak\Desktop\proje_github_clone\flatfoot_classifier\data\processed\normal\NORMAL_0324_UNKNOWN.jpg,2384,2792,left,True,1541,731,1571,846,2732,success
NORMAL_0325_UNKNOWN,normal,0,C:\Users\tahsinsoyak\Desktop\proje_github_clone\flatfoot_classifier\data\raw\Normal_PNG_Standardized\NORMAL_0325_UNKNOWN.png,C:\Users\tahsinsoyak\Desktop\proje_github_clone\flatfoot_classifier\data\processed\normal\NORMAL_0325_UNKNOWN.jpg,2224,2504,right,False,1451,724,1481,114,1807,success
NORMAL_0326_UNKNOWN,normal,0,C:\Users\tahsinsoyak\Desktop\proje_github_clone\flatfoot_classifier\data\raw\Normal_PNG_Standardized\NORMAL_0326_UNKNOWN.png,C:\Users\tahsinsoyak\Desktop\proje_github_clone\flatfoot_classifier\data\processed\normal\NORMAL_0326_UNKNOWN.jpg,2224,2504,right,False,1451,724,1481,114,1807,success
NORMAL_0327_UNKNOWN,normal,0,C:\Users\tahsinsoyak\Desktop\proje_github_clone\flatfoot_classifier\data\raw\Normal_PNG_Standardized\NORMAL_0327_UNKNOWN.png,C:\Users\tahsinsoyak\Desktop\proje_github_clone\flatfoot_classifier\data\processed\normal\NORMAL_0327_UNKNOWN.jpg,2420,2936,left,True,1520,667,1550,789,2774,success
NORMAL_0328_UNKNOWN,normal,0,C:\Users\tahsinsoyak\Desktop\proje_github_clone\flatfoot_classifier\data\raw\Normal_PNG_Standardized\NORMAL_0328_UNKNOWN.png,C:\Users\tahsinsoyak\Desktop\proje_github_clone\flatfoot_classifier\data\processed\normal\NORMAL_0328_UNKNOWN.jpg,2420,2936,left,True,1520,667,1550,789,2774,success
NORMAL_0329_UNKNOWN,normal,0,C:\Users\tahsinsoyak\Desktop\proje_github_clone\flatfoot_classifier\data\raw\Normal_PNG_Standardized\NORMAL_0329_UNKNOWN.png,C:\Users\tahsinsoyak\Desktop\proje_github_clone\flatfoot_classifier\data\processed\normal\NORMAL_0329_UNKNOWN.jpg,2136,2424,right,False,1495,791,1525,431,2069,success
NORMAL_0331_UNKNOWN,normal,0,C:\Users\tahsinsoyak\Desktop\proje_github_clone\flatfoot_classifier\data\raw\Normal_PNG_Standardized\NORMAL_0331_UNKNOWN.png,C:\Users\tahsinsoyak\Desktop\proje_github_clone\flatfoot_classifier\data\processed\normal\NORMAL_0331_UNKNOWN.jpg,3072,3072,right,False,2337,1445,2367,134,2209,success
NORMAL_0332_UNKNOWN,normal,0,C:\Users\tahsinsoyak\Desktop\proje_github_clone\flatfoot_classifier\data\raw\Normal_PNG_Standardized\NORMAL_0332_UNKNOWN.png,C:\Users\tahsinsoyak\Desktop\proje_github_clone\flatfoot_classifier\data\processed\normal\NORMAL_0332_UNKNOWN.jpg,3072,3072,right,False,2337,1445,2367,134,2209,success
NORMAL_0333_UNKNOWN,normal,0,C:\Users\tahsinsoyak\Desktop\proje_github_clone\flatfoot_classifier\data\raw\Normal_PNG_Standardized\NORMAL_0333_UNKNOWN.png,C:\Users\tahsinsoyak\Desktop\proje_github_clone\flatfoot_classifier\data\processed\normal\NORMAL_0333_UNKNOWN.jpg,3072,3072,left,True,2304,1440,2334,1061,3072,success
NORMAL_0335_UNKNOWN,normal,0,C:\Users\tahsinsoyak\Desktop\proje_github_clone\flatfoot_classifier\data\raw\Normal_PNG_Standardized\NORMAL_0335_UNKNOWN.png,C:\Users\tahsinsoyak\Desktop\proje_github_clone\flatfoot_classifier\data\processed\normal\NORMAL_0335_UNKNOWN.jpg,3072,3072,left,True,2304,1440,2334,1061,3072,success
NORMAL_0336_UNKNOWN,normal,0,C:\Users\tahsinsoyak\Desktop\proje_github_clone\flatfoot_classifier\data\raw\Normal_PNG_Standardized\NORMAL_0336_UNKNOWN.png,C:\Users\tahsinsoyak\Desktop\proje_github_clone\flatfoot_classifier\data\processed\normal\NORMAL_0336_UNKNOWN.jpg,3072,3072,right,False,2153,1261,2183,379,2454,success
NORMAL_0337_UNKNOWN,normal,0,C:\Users\tahsinsoyak\Desktop\proje_github_clone\flatfoot_classifier\data\raw\Normal_PNG_Standardized\NORMAL_0337_UNKNOWN.png,C:\Users\tahsinsoyak\Desktop\proje_github_clone\flatfoot_classifier\data\processed\normal\NORMAL_0337_UNKNOWN.jpg,3072,3072,right,False,2153,1261,2183,379,2454,success
NORMAL_0338_UNKNOWN,normal,0,C:\Users\tahsinsoyak\Desktop\proje_github_clone\flatfoot_classifier\data\raw\Normal_PNG_Standardized\NORMAL_0338_UNKNOWN.png,C:\Users\tahsinsoyak\Desktop\proje_github_clone\flatfoot_classifier\data\processed\normal\NORMAL_0338_UNKNOWN.jpg,3072,3072,right,False,2153,1261,2183,379,2454,success
NORMAL_0339_UNKNOWN,normal,0,C:\Users\tahsinsoyak\Desktop\proje_github_clone\flatfoot_classifier\data\raw\Normal_PNG_Standardized\NORMAL_0339_UNKNOWN.png,C:\Users\tahsinsoyak\Desktop\proje_github_clone\flatfoot_classifier\data\processed\normal\NORMAL_0339_UNKNOWN.jpg,3072,3072,left,True,2168,1276,2198,636,2711,success
NORMAL_0340_UNKNOWN,normal,0,C:\Users\tahsinsoyak\Desktop\proje_github_clone\flatfoot_classifier\data\raw\Normal_PNG_Standardized\NORMAL_0340_UNKNOWN.png,C:\Users\tahsinsoyak\Desktop\proje_github_clone\flatfoot_classifier\data\processed\normal\NORMAL_0340_UNKNOWN.jpg,3072,3072,left,True,2168,1276,2198,636,2711,success
NORMAL_0342_UNKNOWN,normal,0,C:\Users\tahsinsoyak\Desktop\proje_github_clone\flatfoot_classifier\data\raw\Normal_PNG_Standardized\NORMAL_0342_UNKNOWN.png,C:\Users\tahsinsoyak\Desktop\proje_github_clone\flatfoot_classifier\data\processed\normal\NORMAL_0342_UNKNOWN.jpg,3072,3072,right,False,2145,1253,2175,303,2378,success
NORMAL_0344_UNKNOWN,normal,0,C:\Users\tahsinsoyak\Desktop\proje_github_clone\flatfoot_classifier\data\raw\Normal_PNG_Standardized\NORMAL_0344_UNKNOWN.png,C:\Users\tahsinsoyak\Desktop\proje_github_clone\flatfoot_classifier\data\processed\normal\NORMAL_0344_UNKNOWN.jpg,3072,3072,right,False,2145,1253,2175,303,2378,success
NORMAL_0345_UNKNOWN,normal,0,C:\Users\tahsinsoyak\Desktop\proje_github_clone\flatfoot_classifier\data\raw\Normal_PNG_Standardized\NORMAL_0345_UNKNOWN.png,C:\Users\tahsinsoyak\Desktop\proje_github_clone\flatfoot_classifier\data\processed\normal\NORMAL_0345_UNKNOWN.jpg,3072,3072,left,True,2232,1340,2262,692,2767,success
NORMAL_0346_UNKNOWN,normal,0,C:\Users\tahsinsoyak\Desktop\proje_github_clone\flatfoot_classifier\data\raw\Normal_PNG_Standardized\NORMAL_0346_UNKNOWN.png,C:\Users\tahsinsoyak\Desktop\proje_github_clone\flatfoot_classifier\data\processed\normal\NORMAL_0346_UNKNOWN.jpg,3072,3072,left,True,2232,1340,2262,692,2767,success
NORMAL_0348_UNKNOWN,normal,0,C:\Users\tahsinsoyak\Desktop\proje_github_clone\flatfoot_classifier\data\raw\Normal_PNG_Standardized\NORMAL_0348_UNKNOWN.png,C:\Users\tahsinsoyak\Desktop\proje_github_clone\flatfoot_classifier\data\processed\normal\NORMAL_0348_UNKNOWN.jpg,2164,2476,right,False,1501,782,1531,618,2292,success
NORMAL_0350_UNKNOWN,normal,0,C:\Users\tahsinsoyak\Desktop\proje_github_clone\flatfoot_classifier\data\raw\Normal_PNG_Standardized\NORMAL_0350_UNKNOWN.png,C:\Users\tahsinsoyak\Desktop\proje_github_clone\flatfoot_classifier\data\processed\normal\NORMAL_0350_UNKNOWN.jpg,2144,2544,right,False,1485,746,1515,731,2450,success
NORMAL_0352_UNKNOWN,normal,0,C:\Users\tahsinsoyak\Desktop\proje_github_clone\flatfoot_classifier\data\raw\Normal_PNG_Standardized\NORMAL_0352_UNKNOWN.png,C:\Users\tahsinsoyak\Desktop\proje_github_clone\flatfoot_classifier\data\processed\normal\NORMAL_0352_UNKNOWN.jpg,2256,2732,left,True,1497,704,1527,236,2082,success
NORMAL_0353_UNKNOWN,normal,0,C:\Users\tahsinsoyak\Desktop\proje_github_clone\flatfoot_classifier\data\raw\Normal_PNG_Standardized\NORMAL_0353_UNKNOWN.png,C:\Users\tahsinsoyak\Desktop\proje_github_clone\flatfoot_classifier\data\processed\normal\NORMAL_0353_UNKNOWN.jpg,3072,3072,right,False,2140,1248,2170,571,2646,success
NORMAL_0354_UNKNOWN,normal,0,C:\Users\tahsinsoyak\Desktop\proje_github_clone\flatfoot_classifier\data\raw\Normal_PNG_Standardized\NORMAL_0354_UNKNOWN.png,C:\Users\tahsinsoyak\Desktop\proje_github_clone\flatfoot_classifier\data\processed\normal\NORMAL_0354_UNKNOWN.jpg,3072,3072,right,False,2120,1228,2150,911,2986,success
NORMAL_0356_UNKNOWN,normal,0,C:\Users\tahsinsoyak\Desktop\proje_github_clone\flatfoot_classifier\data\raw\Normal_PNG_Standardized\NORMAL_0356_UNKNOWN.png,C:\Users\tahsinsoyak\Desktop\proje_github_clone\flatfoot_classifier\data\processed\normal\NORMAL_0356_UNKNOWN.jpg,3072,3072,left,True,2140,1248,2170,623,2698,success
NORMAL_0357_UNKNOWN,normal,0,C:\Users\tahsinsoyak\Desktop\proje_github_clone\flatfoot_classifier\data\raw\Normal_PNG_Standardized\NORMAL_0357_UNKNOWN.png,C:\Users\tahsinsoyak\Desktop\proje_github_clone\flatfoot_classifier\data\processed\normal\NORMAL_0357_UNKNOWN.jpg,3072,3072,left,True,2140,1248,2170,623,2698,success
NORMAL_0358_UNKNOWN,normal,0,C:\Users\tahsinsoyak\Desktop\proje_github_clone\flatfoot_classifier\data\raw\Normal_PNG_Standardized\NORMAL_0358_UNKNOWN.png,C:\Users\tahsinsoyak\Desktop\proje_github_clone\flatfoot_classifier\data\processed\normal\NORMAL_0358_UNKNOWN.jpg,3072,3072,right,False,2177,1285,2207,947,3022,success
NORMAL_0359_UNKNOWN,normal,0,C:\Users\tahsinsoyak\Desktop\proje_github_clone\flatfoot_classifier\data\raw\Normal_PNG_Standardized\NORMAL_0359_UNKNOWN.png,C:\Users\tahsinsoyak\Desktop\proje_github_clone\flatfoot_classifier\data\processed\normal\NORMAL_0359_UNKNOWN.jpg,2212,2856,right,False,1535,706,1565,405,2335,success
NORMAL_0360_UNKNOWN,normal,0,C:\Users\tahsinsoyak\Desktop\proje_github_clone\flatfoot_classifier\data\raw\Normal_PNG_Standardized\NORMAL_0360_UNKNOWN.png,C:\Users\tahsinsoyak\Desktop\proje_github_clone\flatfoot_classifier\data\processed\normal\NORMAL_0360_UNKNOWN.jpg,2212,2856,right,False,1535,706,1565,405,2335,success
NORMAL_0361_UNKNOWN,normal,0,C:\Users\tahsinsoyak\Desktop\proje_github_clone\flatfoot_classifier\data\raw\Normal_PNG_Standardized\NORMAL_0361_UNKNOWN.png,C:\Users\tahsinsoyak\Desktop\proje_github_clone\flatfoot_classifier\data\processed\normal\NORMAL_0361_UNKNOWN.jpg,2420,2612,left,True,1594,836,1624,562,2327,success
NORMAL_0363_UNKNOWN,normal,0,C:\Users\tahsinsoyak\Desktop\proje_github_clone\flatfoot_classifier\data\raw\Normal_PNG_Standardized\NORMAL_0363_UNKNOWN.png,C:\Users\tahsinsoyak\Desktop\proje_github_clone\flatfoot_classifier\data\processed\normal\NORMAL_0363_UNKNOWN.jpg,2236,2616,right,False,1492,732,1522,117,1885,success
NORMAL_0364_UNKNOWN,normal,0,C:\Users\tahsinsoyak\Desktop\proje_github_clone\flatfoot_classifier\data\raw\Normal_PNG_Standardized\NORMAL_0364_UNKNOWN.png,C:\Users\tahsinsoyak\Desktop\proje_github_clone\flatfoot_classifier\data\processed\normal\NORMAL_0364_UNKNOWN.jpg,2236,2616,right,False,1492,732,1522,117,1885,success
NORMAL_0365_UNKNOWN,normal,0,C:\Users\tahsinsoyak\Desktop\proje_github_clone\flatfoot_classifier\data\raw\Normal_PNG_Standardized\NORMAL_0365_UNKNOWN.png,C:\Users\tahsinsoyak\Desktop\proje_github_clone\flatfoot_classifier\data\processed\normal\NORMAL_0365_UNKNOWN.jpg,2236,2616,right,False,1492,732,1522,117,1885,success
NORMAL_0366_UNKNOWN,normal,0,C:\Users\tahsinsoyak\Desktop\proje_github_clone\flatfoot_classifier\data\raw\Normal_PNG_Standardized\NORMAL_0366_UNKNOWN.png,C:\Users\tahsinsoyak\Desktop\proje_github_clone\flatfoot_classifier\data\processed\normal\NORMAL_0366_UNKNOWN.jpg,3072,3072,right,False,2222,1330,2252,143,2218,success
NORMAL_0367_UNKNOWN,normal,0,C:\Users\tahsinsoyak\Desktop\proje_github_clone\flatfoot_classifier\data\raw\Normal_PNG_Standardized\NORMAL_0367_UNKNOWN.png,C:\Users\tahsinsoyak\Desktop\proje_github_clone\flatfoot_classifier\data\processed\normal\NORMAL_0367_UNKNOWN.jpg,3072,3072,right,False,2222,1330,2252,143,2218,success
NORMAL_0368_UNKNOWN,normal,0,C:\Users\tahsinsoyak\Desktop\proje_github_clone\flatfoot_classifier\data\raw\Normal_PNG_Standardized\NORMAL_0368_UNKNOWN.png,C:\Users\tahsinsoyak\Desktop\proje_github_clone\flatfoot_classifier\data\processed\normal\NORMAL_0368_UNKNOWN.jpg,3072,3072,right,False,2136,1244,2166,17,2092,success
NORMAL_0369_UNKNOWN,normal,0,C:\Users\tahsinsoyak\Desktop\proje_github_clone\flatfoot_classifier\data\raw\Normal_PNG_Standardized\NORMAL_0369_UNKNOWN.png,C:\Users\tahsinsoyak\Desktop\proje_github_clone\flatfoot_classifier\data\processed\normal\NORMAL_0369_UNKNOWN.jpg,3072,3072,right,False,2136,1244,2166,17,2092,success
NORMAL_0371_UNKNOWN,normal,0,C:\Users\tahsinsoyak\Desktop\proje_github_clone\flatfoot_classifier\data\raw\Normal_PNG_Standardized\NORMAL_0371_UNKNOWN.png,C:\Users\tahsinsoyak\Desktop\proje_github_clone\flatfoot_classifier\data\processed\normal\NORMAL_0371_UNKNOWN.jpg,3072,3072,left,True,2136,1305,2166,1138,3072,success
NORMAL_0372_UNKNOWN,normal,0,C:\Users\tahsinsoyak\Desktop\proje_github_clone\flatfoot_classifier\data\raw\Normal_PNG_Standardized\NORMAL_0372_UNKNOWN.png,C:\Users\tahsinsoyak\Desktop\proje_github_clone\flatfoot_classifier\data\processed\normal\NORMAL_0372_UNKNOWN.jpg,3072,3072,right,False,2170,1278,2200,162,2237,success
NORMAL_0373_UNKNOWN,normal,0,C:\Users\tahsinsoyak\Desktop\proje_github_clone\flatfoot_classifier\data\raw\Normal_PNG_Standardized\NORMAL_0373_UNKNOWN.png,C:\Users\tahsinsoyak\Desktop\proje_github_clone\flatfoot_classifier\data\processed\normal\NORMAL_0373_UNKNOWN.jpg,3072,3072,right,False,2170,1278,2200,162,2237,success
NORMAL_0374_UNKNOWN,normal,0,C:\Users\tahsinsoyak\Desktop\proje_github_clone\flatfoot_classifier\data\raw\Normal_PNG_Standardized\NORMAL_0374_UNKNOWN.png,C:\Users\tahsinsoyak\Desktop\proje_github_clone\flatfoot_classifier\data\processed\normal\NORMAL_0374_UNKNOWN.jpg,3072,3072,left,True,2132,1240,2162,665,2740,success
NORMAL_0375_UNKNOWN,normal,0,C:\Users\tahsinsoyak\Desktop\proje_github_clone\flatfoot_classifier\data\raw\Normal_PNG_Standardized\NORMAL_0375_UNKNOWN.png,C:\Users\tahsinsoyak\Desktop\proje_github_clone\flatfoot_classifier\data\processed\normal\NORMAL_0375_UNKNOWN.jpg,3072,3072,left,True,2132,1240,2162,665,2740,success
NORMAL_0378_UNKNOWN,normal,0,C:\Users\tahsinsoyak\Desktop\proje_github_clone\flatfoot_classifier\data\raw\Normal_PNG_Standardized\NORMAL_0378_UNKNOWN.png,C:\Users\tahsinsoyak\Desktop\proje_github_clone\flatfoot_classifier\data\processed\normal\NORMAL_0378_UNKNOWN.jpg,3072,3072,right,False,2188,1296,2218,431,2506,success
NORMAL_0379_UNKNOWN,normal,0,C:\Users\tahsinsoyak\Desktop\proje_github_clone\flatfoot_classifier\data\raw\Normal_PNG_Standardized\NORMAL_0379_UNKNOWN.png,C:\Users\tahsinsoyak\Desktop\proje_github_clone\flatfoot_classifier\data\processed\normal\NORMAL_0379_UNKNOWN.jpg,3072,3072,right,False,2188,1296,2218,431,2506,success
NORMAL_0381_UNKNOWN,normal,0,C:\Users\tahsinsoyak\Desktop\proje_github_clone\flatfoot_classifier\data\raw\Normal_PNG_Standardized\NORMAL_0381_UNKNOWN.png,C:\Users\tahsinsoyak\Desktop\proje_github_clone\flatfoot_classifier\data\processed\normal\NORMAL_0381_UNKNOWN.jpg,3072,3072,left,True,2129,1237,2159,636,2711,success
NORMAL_0384_UNKNOWN,normal,0,C:\Users\tahsinsoyak\Desktop\proje_github_clone\flatfoot_classifier\data\raw\Normal_PNG_Standardized\NORMAL_0384_UNKNOWN.png,C:\Users\tahsinsoyak\Desktop\proje_github_clone\flatfoot_classifier\data\processed\normal\NORMAL_0384_UNKNOWN.jpg,3072,3072,left,True,2132,1240,2162,642,2717,success
NORMAL_0385_UNKNOWN,normal,0,C:\Users\tahsinsoyak\Desktop\proje_github_clone\flatfoot_classifier\data\raw\Normal_PNG_Standardized\NORMAL_0385_UNKNOWN.png,C:\Users\tahsinsoyak\Desktop\proje_github_clone\flatfoot_classifier\data\processed\normal\NORMAL_0385_UNKNOWN.jpg,3016,2684,left,True,2121,1357,2151,905,2684,success
NORMAL_0386_UNKNOWN,normal,0,C:\Users\tahsinsoyak\Desktop\proje_github_clone\flatfoot_classifier\data\raw\Normal_PNG_Standardized\NORMAL_0386_UNKNOWN.png,C:\Users\tahsinsoyak\Desktop\proje_github_clone\flatfoot_classifier\data\processed\normal\NORMAL_0386_UNKNOWN.jpg,3016,2684,left,True,2121,1357,2151,905,2684,success
NORMAL_0387_UNKNOWN,normal,0,C:\Users\tahsinsoyak\Desktop\proje_github_clone\flatfoot_classifier\data\raw\Normal_PNG_Standardized\NORMAL_0387_UNKNOWN.png,C:\Users\tahsinsoyak\Desktop\proje_github_clone\flatfoot_classifier\data\processed\normal\NORMAL_0387_UNKNOWN.jpg,3016,2684,left,True,2121,1357,2151,905,2684,success
NORMAL_0390_UNKNOWN,normal,0,C:\Users\tahsinsoyak\Desktop\proje_github_clone\flatfoot_classifier\data\raw\Normal_PNG_Standardized\NORMAL_0390_UNKNOWN.png,C:\Users\tahsinsoyak\Desktop\proje_github_clone\flatfoot_classifier\data\processed\normal\NORMAL_0390_UNKNOWN.jpg,3016,2616,right,False,2120,1360,2150,584,2352,success
NORMAL_0392_UNKNOWN,normal,0,C:\Users\tahsinsoyak\Desktop\proje_github_clone\flatfoot_classifier\data\raw\Normal_PNG_Standardized\NORMAL_0392_UNKNOWN.png,C:\Users\tahsinsoyak\Desktop\proje_github_clone\flatfoot_classifier\data\processed\normal\NORMAL_0392_UNKNOWN.jpg,3020,2488,left,True,2138,1418,2168,812,2488,success
NORMAL_0394_UNKNOWN,normal,0,C:\Users\tahsinsoyak\Desktop\proje_github_clone\flatfoot_classifier\data\raw\Normal_PNG_Standardized\NORMAL_0394_UNKNOWN.png,C:\Users\tahsinsoyak\Desktop\proje_github_clone\flatfoot_classifier\data\processed\normal\NORMAL_0394_UNKNOWN.jpg,3072,3072,left,True,2170,1278,2200,659,2734,success
NORMAL_0397_UNKNOWN,normal,0,C:\Users\tahsinsoyak\Desktop\proje_github_clone\flatfoot_classifier\data\raw\Normal_PNG_Standardized\NORMAL_0397_UNKNOWN.png,C:\Users\tahsinsoyak\Desktop\proje_github_clone\flatfoot_classifier\data\processed\normal\NORMAL_0397_UNKNOWN.jpg,3072,3072,left,True,2113,1221,2143,825,2900,success
NORMAL_0398_UNKNOWN,normal,0,C:\Users\tahsinsoyak\Desktop\proje_github_clone\flatfoot_classifier\data\raw\Normal_PNG_Standardized\NORMAL_0398_UNKNOWN.png,C:\Users\tahsinsoyak\Desktop\proje_github_clone\flatfoot_classifier\data\processed\normal\NORMAL_0398_UNKNOWN.jpg,3072,3072,left,True,2113,1221,2143,825,2900,success
NORMAL_0399_UNKNOWN,normal,0,C:\Users\tahsinsoyak\Desktop\proje_github_clone\flatfoot_classifier\data\raw\Normal_PNG_Standardized\NORMAL_0399_UNKNOWN.png,C:\Users\tahsinsoyak\Desktop\proje_github_clone\flatfoot_classifier\data\processed\normal\NORMAL_0399_UNKNOWN.jpg,3072,3072,right,False,2187,1295,2217,200,2275,success
NORMAL_0400_UNKNOWN,normal,0,C:\Users\tahsinsoyak\Desktop\proje_github_clone\flatfoot_classifier\data\raw\Normal_PNG_Standardized\NORMAL_0400_UNKNOWN.png,C:\Users\tahsinsoyak\Desktop\proje_github_clone\flatfoot_classifier\data\processed\normal\NORMAL_0400_UNKNOWN.jpg,3072,3072,right,False,2187,1295,2217,200,2275,success
NORMAL_0402_UNKNOWN,normal,0,C:\Users\tahsinsoyak\Desktop\proje_github_clone\flatfoot_classifier\data\raw\Normal_PNG_Standardized\NORMAL_0402_UNKNOWN.png,C:\Users\tahsinsoyak\Desktop\proje_github_clone\flatfoot_classifier\data\processed\normal\NORMAL_0402_UNKNOWN.jpg,3072,3072,left,True,2121,1229,2151,939,3014,success
NORMAL_0403_UNKNOWN,normal,0,C:\Users\tahsinsoyak\Desktop\proje_github_clone\flatfoot_classifier\data\raw\Normal_PNG_Standardized\NORMAL_0403_UNKNOWN.png,C:\Users\tahsinsoyak\Desktop\proje_github_clone\flatfoot_classifier\data\processed\normal\NORMAL_0403_UNKNOWN.jpg,3072,3072,right,False,2129,1237,2159,269,2344,success
NORMAL_0404_UNKNOWN,normal,0,C:\Users\tahsinsoyak\Desktop\proje_github_clone\flatfoot_classifier\data\raw\Normal_PNG_Standardized\NORMAL_0404_UNKNOWN.png,C:\Users\tahsinsoyak\Desktop\proje_github_clone\flatfoot_classifier\data\processed\normal\NORMAL_0404_UNKNOWN.jpg,3072,3072,left,True,2128,1236,2158,911,2986,success
NORMAL_0406_UNKNOWN,normal,0,C:\Users\tahsinsoyak\Desktop\proje_github_clone\flatfoot_classifier\data\raw\Normal_PNG_Standardized\NORMAL_0406_UNKNOWN.png,C:\Users\tahsinsoyak\Desktop\proje_github_clone\flatfoot_classifier\data\processed\normal\NORMAL_0406_UNKNOWN.jpg,2820,2620,right,False,1992,1231,2022,141,1912,success
NORMAL_0407_UNKNOWN,normal,0,C:\Users\tahsinsoyak\Desktop\proje_github_clone\flatfoot_classifier\data\raw\Normal_PNG_Standardized\NORMAL_0407_UNKNOWN.png,C:\Users\tahsinsoyak\Desktop\proje_github_clone\flatfoot_classifier\data\processed\normal\NORMAL_0407_UNKNOWN.jpg,3072,3072,left,True,2133,1241,2163,538,2613,success
NORMAL_0408_UNKNOWN,normal,0,C:\Users\tahsinsoyak\Desktop\proje_github_clone\flatfoot_classifier\data\raw\Normal_PNG_Standardized\NORMAL_0408_UNKNOWN.png,C:\Users\tahsinsoyak\Desktop\proje_github_clone\flatfoot_classifier\data\processed\normal\NORMAL_0408_UNKNOWN.jpg,3072,3072,left,True,2133,1241,2163,538,2613,success
NORMAL_0409_UNKNOWN,normal,0,C:\Users\tahsinsoyak\Desktop\proje_github_clone\flatfoot_classifier\data\raw\Normal_PNG_Standardized\NORMAL_0409_UNKNOWN.png,C:\Users\tahsinsoyak\Desktop\proje_github_clone\flatfoot_classifier\data\processed\normal\NORMAL_0409_UNKNOWN.jpg,2328,2520,right,False,1488,756,1518,27,1730,success
NORMAL_0411_UNKNOWN,normal,0,C:\Users\tahsinsoyak\Desktop\proje_github_clone\flatfoot_classifier\data\raw\Normal_PNG_Standardized\NORMAL_0411_UNKNOWN.png,C:\Users\tahsinsoyak\Desktop\proje_github_clone\flatfoot_classifier\data\processed\normal\NORMAL_0411_UNKNOWN.jpg,2228,2536,right,False,1479,742,1509,487,2201,success
NORMAL_0412_UNKNOWN,normal,0,C:\Users\tahsinsoyak\Desktop\proje_github_clone\flatfoot_classifier\data\raw\Normal_PNG_Standardized\NORMAL_0412_UNKNOWN.png,C:\Users\tahsinsoyak\Desktop\proje_github_clone\flatfoot_classifier\data\processed\normal\NORMAL_0412_UNKNOWN.jpg,2228,2536,right,False,1479,742,1509,487,2201,success
NORMAL_0413_UNKNOWN,normal,0,C:\Users\tahsinsoyak\Desktop\proje_github_clone\flatfoot_classifier\data\raw\Normal_PNG_Standardized\NORMAL_0413_UNKNOWN.png,C:\Users\tahsinsoyak\Desktop\proje_github_clone\flatfoot_classifier\data\processed\normal\NORMAL_0413_UNKNOWN.jpg,2244,3052,left,True,1476,590,1506,813,2875,success
NORMAL_0415_UNKNOWN,normal,0,C:\Users\tahsinsoyak\Desktop\proje_github_clone\flatfoot_classifier\data\raw\Normal_PNG_Standardized\NORMAL_0415_UNKNOWN.png,C:\Users\tahsinsoyak\Desktop\proje_github_clone\flatfoot_classifier\data\processed\normal\NORMAL_0415_UNKNOWN.jpg,2156,2620,left,True,1254,493,1284,669,2440,success
NORMAL_0416_UNKNOWN,normal,0,C:\Users\tahsinsoyak\Desktop\proje_github_clone\flatfoot_classifier\data\raw\Normal_PNG_Standardized\NORMAL_0416_UNKNOWN.png,C:\Users\tahsinsoyak\Desktop\proje_github_clone\flatfoot_classifier\data\processed\normal\NORMAL_0416_UNKNOWN.jpg,2156,2620,left,True,1254,493,1284,669,2440,success
NORMAL_0418_UNKNOWN,normal,0,C:\Users\tahsinsoyak\Desktop\proje_github_clone\flatfoot_classifier\data\raw\Normal_PNG_Standardized\NORMAL_0418_UNKNOWN.png,C:\Users\tahsinsoyak\Desktop\proje_github_clone\flatfoot_classifier\data\processed\normal\NORMAL_0418_UNKNOWN.jpg,2228,2664,right,False,1479,705,1509,248,2049,success
NORMAL_0419_UNKNOWN,normal,0,C:\Users\tahsinsoyak\Desktop\proje_github_clone\flatfoot_classifier\data\raw\Normal_PNG_Standardized\NORMAL_0419_UNKNOWN.png,C:\Users\tahsinsoyak\Desktop\proje_github_clone\flatfoot_classifier\data\processed\normal\NORMAL_0419_UNKNOWN.jpg,2228,2664,right,False,1479,705,1509,248,2049,success
NORMAL_0420_UNKNOWN,normal,0,C:\Users\tahsinsoyak\Desktop\proje_github_clone\flatfoot_classifier\data\raw\Normal_PNG_Standardized\NORMAL_0420_UNKNOWN.png,C:\Users\tahsinsoyak\Desktop\proje_github_clone\flatfoot_classifier\data\processed\normal\NORMAL_0420_UNKNOWN.jpg,3072,3072,right,False,2125,1233,2155,188,2263,success
NORMAL_0421_UNKNOWN,normal,0,C:\Users\tahsinsoyak\Desktop\proje_github_clone\flatfoot_classifier\data\raw\Normal_PNG_Standardized\NORMAL_0421_UNKNOWN.png,C:\Users\tahsinsoyak\Desktop\proje_github_clone\flatfoot_classifier\data\processed\normal\NORMAL_0421_UNKNOWN.jpg,3072,3072,right,False,2132,1240,2162,43,2118,success
NORMAL_0423_UNKNOWN,normal,0,C:\Users\tahsinsoyak\Desktop\proje_github_clone\flatfoot_classifier\data\raw\Normal_PNG_Standardized\NORMAL_0423_UNKNOWN.png,C:\Users\tahsinsoyak\Desktop\proje_github_clone\flatfoot_classifier\data\processed\normal\NORMAL_0423_UNKNOWN.jpg,3072,3072,right,False,2104,1212,2134,564,2639,success
NORMAL_0424_UNKNOWN,normal,0,C:\Users\tahsinsoyak\Desktop\proje_github_clone\flatfoot_classifier\data\raw\Normal_PNG_Standardized\NORMAL_0424_UNKNOWN.png,C:\Users\tahsinsoyak\Desktop\proje_github_clone\flatfoot_classifier\data\processed\normal\NORMAL_0424_UNKNOWN.jpg,3072,3072,left,True,2104,1212,2134,369,2444,success
NORMAL_0425_UNKNOWN,normal,0,C:\Users\tahsinsoyak\Desktop\proje_github_clone\flatfoot_classifier\data\raw\Normal_PNG_Standardized\NORMAL_0425_UNKNOWN.png,C:\Users\tahsinsoyak\Desktop\proje_github_clone\flatfoot_classifier\data\processed\normal\NORMAL_0425_UNKNOWN.jpg,3072,3072,right,False,2112,1220,2142,807,2882,success
NORMAL_0426_UNKNOWN,normal,0,C:\Users\tahsinsoyak\Desktop\proje_github_clone\flatfoot_classifier\data\raw\Normal_PNG_Standardized\NORMAL_0426_UNKNOWN.png,C:\Users\tahsinsoyak\Desktop\proje_github_clone\flatfoot_classifier\data\processed\normal\NORMAL_0426_UNKNOWN.jpg,3072,3072,left,True,2102,1210,2132,205,2280,success
NORMAL_0427_UNKNOWN,normal,0,C:\Users\tahsinsoyak\Desktop\proje_github_clone\flatfoot_classifier\data\raw\Normal_PNG_Standardized\NORMAL_0427_UNKNOWN.png,C:\Users\tahsinsoyak\Desktop\proje_github_clone\flatfoot_classifier\data\processed\normal\NORMAL_0427_UNKNOWN.jpg,3072,3072,left,True,2124,1232,2154,7,2082,success
NORMAL_0428_UNKNOWN,normal,0,C:\Users\tahsinsoyak\Desktop\proje_github_clone\flatfoot_classifier\data\raw\Normal_PNG_Standardized\NORMAL_0428_UNKNOWN.png,C:\Users\tahsinsoyak\Desktop\proje_github_clone\flatfoot_classifier\data\processed\normal\NORMAL_0428_UNKNOWN.jpg,3072,3072,left,True,2113,1221,2143,301,2376,success
NORMAL_0429_UNKNOWN,normal,0,C:\Users\tahsinsoyak\Desktop\proje_github_clone\flatfoot_classifier\data\raw\Normal_PNG_Standardized\NORMAL_0429_UNKNOWN.png,C:\Users\tahsinsoyak\Desktop\proje_github_clone\flatfoot_classifier\data\processed\normal\NORMAL_0429_UNKNOWN.jpg,3072,3072,right,False,2117,1225,2147,724,2799,success
NORMAL_0430_UNKNOWN,normal,0,C:\Users\tahsinsoyak\Desktop\proje_github_clone\flatfoot_classifier\data\raw\Normal_PNG_Standardized\NORMAL_0430_UNKNOWN.png,C:\Users\tahsinsoyak\Desktop\proje_github_clone\flatfoot_classifier\data\processed\normal\NORMAL_0430_UNKNOWN.jpg,3072,3072,left,True,2112,1220,2142,212,2287,success
NORMAL_0432_UNKNOWN,normal,0,C:\Users\tahsinsoyak\Desktop\proje_github_clone\flatfoot_classifier\data\raw\Normal_PNG_Standardized\NORMAL_0432_UNKNOWN.png,C:\Users\tahsinsoyak\Desktop\proje_github_clone\flatfoot_classifier\data\processed\normal\NORMAL_0432_UNKNOWN.jpg,3072,3072,left,True,2117,1225,2147,443,2518,success
NORMAL_0433_UNKNOWN,normal,0,C:\Users\tahsinsoyak\Desktop\proje_github_clone\flatfoot_classifier\data\raw\Normal_PNG_Standardized\NORMAL_0433_UNKNOWN.png,C:\Users\tahsinsoyak\Desktop\proje_github_clone\flatfoot_classifier\data\processed\normal\NORMAL_0433_UNKNOWN.jpg,3072,3072,right,False,2143,1251,2173,646,2721,success
NORMAL_0434_UNKNOWN,normal,0,C:\Users\tahsinsoyak\Desktop\proje_github_clone\flatfoot_classifier\data\raw\Normal_PNG_Standardized\NORMAL_0434_UNKNOWN.png,C:\Users\tahsinsoyak\Desktop\proje_github_clone\flatfoot_classifier\data\processed\normal\NORMAL_0434_UNKNOWN.jpg,3072,3072,left,True,2103,1211,2133,589,2664,success
NORMAL_0435_UNKNOWN,normal,0,C:\Users\tahsinsoyak\Desktop\proje_github_clone\flatfoot_classifier\data\raw\Normal_PNG_Standardized\NORMAL_0435_UNKNOWN.png,C:\Users\tahsinsoyak\Desktop\proje_github_clone\flatfoot_classifier\data\processed\normal\NORMAL_0435_UNKNOWN.jpg,3072,3072,right,False,2120,1228,2150,202,2277,success
NORMAL_0436_UNKNOWN,normal,0,C:\Users\tahsinsoyak\Desktop\proje_github_clone\flatfoot_classifier\data\raw\Normal_PNG_Standardized\NORMAL_0436_UNKNOWN.png,C:\Users\tahsinsoyak\Desktop\proje_github_clone\flatfoot_classifier\data\processed\normal\NORMAL_0436_UNKNOWN.jpg,3072,3072,left,True,2121,1229,2151,924,2999,success
NORMAL_0437_UNKNOWN,normal,0,C:\Users\tahsinsoyak\Desktop\proje_github_clone\flatfoot_classifier\data\raw\Normal_PNG_Standardized\NORMAL_0437_UNKNOWN.png,C:\Users\tahsinsoyak\Desktop\proje_github_clone\flatfoot_classifier\data\processed\normal\NORMAL_0437_UNKNOWN.jpg,3072,3072,right,False,2121,1229,2151,363,2438,success
NORMAL_0438_UNKNOWN,normal,0,C:\Users\tahsinsoyak\Desktop\proje_github_clone\flatfoot_classifier\data\raw\Normal_PNG_Standardized\NORMAL_0438_UNKNOWN.png,C:\Users\tahsinsoyak\Desktop\proje_github_clone\flatfoot_classifier\data\processed\normal\NORMAL_0438_UNKNOWN.jpg,3072,3072,left,True,2121,1229,2151,944,3019,success
NORMAL_0440_UNKNOWN,normal,0,C:\Users\tahsinsoyak\Desktop\proje_github_clone\flatfoot_classifier\data\raw\Normal_PNG_Standardized\NORMAL_0440_UNKNOWN.png,C:\Users\tahsinsoyak\Desktop\proje_github_clone\flatfoot_classifier\data\processed\normal\NORMAL_0440_UNKNOWN.jpg,3072,3072,left,True,2164,1272,2194,622,2697,success
NORMAL_0441_UNKNOWN,normal,0,C:\Users\tahsinsoyak\Desktop\proje_github_clone\flatfoot_classifier\data\raw\Normal_PNG_Standardized\NORMAL_0441_UNKNOWN.png,C:\Users\tahsinsoyak\Desktop\proje_github_clone\flatfoot_classifier\data\processed\normal\NORMAL_0441_UNKNOWN.jpg,3072,3072,right,False,2176,1284,2206,112,2187,success
NORMAL_0442_UNKNOWN,normal,0,C:\Users\tahsinsoyak\Desktop\proje_github_clone\flatfoot_classifier\data\raw\Normal_PNG_Standardized\NORMAL_0442_UNKNOWN.png,C:\Users\tahsinsoyak\Desktop\proje_github_clone\flatfoot_classifier\data\processed\normal\NORMAL_0442_UNKNOWN.jpg,2132,1776,right,False,1328,823,1358,0,1176,success
NORMAL_0443_UNKNOWN,normal,0,C:\Users\tahsinsoyak\Desktop\proje_github_clone\flatfoot_classifier\data\raw\Normal_PNG_Standardized\NORMAL_0443_UNKNOWN.png,C:\Users\tahsinsoyak\Desktop\proje_github_clone\flatfoot_classifier\data\processed\normal\NORMAL_0443_UNKNOWN.jpg,3072,3072,right,False,2168,1276,2198,647,2722,success
NORMAL_0445_UNKNOWN,normal,0,C:\Users\tahsinsoyak\Desktop\proje_github_clone\flatfoot_classifier\data\raw\Normal_PNG_Standardized\NORMAL_0445_UNKNOWN.png,C:\Users\tahsinsoyak\Desktop\proje_github_clone\flatfoot_classifier\data\processed\normal\NORMAL_0445_UNKNOWN.jpg,3072,3072,right,False,2395,1503,2425,519,2594,success
NORMAL_0446_UNKNOWN,normal,0,C:\Users\tahsinsoyak\Desktop\proje_github_clone\flatfoot_classifier\data\raw\Normal_PNG_Standardized\NORMAL_0446_UNKNOWN.png,C:\Users\tahsinsoyak\Desktop\proje_github_clone\flatfoot_classifier\data\processed\normal\NORMAL_0446_UNKNOWN.jpg,3072,3072,left,True,2409,1517,2439,496,2571,success
NORMAL_0447_UNKNOWN,normal,0,C:\Users\tahsinsoyak\Desktop\proje_github_clone\flatfoot_classifier\data\raw\Normal_PNG_Standardized\NORMAL_0447_UNKNOWN.png,C:\Users\tahsinsoyak\Desktop\proje_github_clone\flatfoot_classifier\data\processed\normal\NORMAL_0447_UNKNOWN.jpg,3072,3072,right,False,2395,1503,2425,39,2114,success
NORMAL_0448_UNKNOWN,normal,0,C:\Users\tahsinsoyak\Desktop\proje_github_clone\flatfoot_classifier\data\raw\Normal_PNG_Standardized\NORMAL_0448_UNKNOWN.png,C:\Users\tahsinsoyak\Desktop\proje_github_clone\flatfoot_classifier\data\processed\normal\NORMAL_0448_UNKNOWN.jpg,3072,3072,right,False,2138,1246,2168,318,2393,success
NORMAL_0450_UNKNOWN,normal,0,C:\Users\tahsinsoyak\Desktop\proje_github_clone\flatfoot_classifier\data\raw\Normal_PNG_Standardized\NORMAL_0450_UNKNOWN.png,C:\Users\tahsinsoyak\Desktop\proje_github_clone\flatfoot_classifier\data\processed\normal\NORMAL_0450_UNKNOWN.jpg,3072,3072,left,True,2128,1236,2158,240,2315,success
NORMAL_0451_UNKNOWN,normal,0,C:\Users\tahsinsoyak\Desktop\proje_github_clone\flatfoot_classifier\data\raw\Normal_PNG_Standardized\NORMAL_0451_UNKNOWN.png,C:\Users\tahsinsoyak\Desktop\proje_github_clone\flatfoot_classifier\data\processed\normal\NORMAL_0451_UNKNOWN.jpg,3072,3072,right,False,2159,1267,2189,610,2685,success
NORMAL_0452_UNKNOWN,normal,0,C:\Users\tahsinsoyak\Desktop\proje_github_clone\flatfoot_classifier\data\raw\Normal_PNG_Standardized\NORMAL_0452_UNKNOWN.png,C:\Users\tahsinsoyak\Desktop\proje_github_clone\flatfoot_classifier\data\processed\normal\NORMAL_0452_UNKNOWN.jpg,3072,3072,right,False,2207,1315,2237,689,2764,success
NORMAL_0453_UNKNOWN,normal,0,C:\Users\tahsinsoyak\Desktop\proje_github_clone\flatfoot_classifier\data\raw\Normal_PNG_Standardized\NORMAL_0453_UNKNOWN.png,C:\Users\tahsinsoyak\Desktop\proje_github_clone\flatfoot_classifier\data\processed\normal\NORMAL_0453_UNKNOWN.jpg,3072,3072,left,True,2133,1241,2163,650,2725,success
NORMAL_0454_UNKNOWN,normal,0,C:\Users\tahsinsoyak\Desktop\proje_github_clone\flatfoot_classifier\data\raw\Normal_PNG_Standardized\NORMAL_0454_UNKNOWN.png,C:\Users\tahsinsoyak\Desktop\proje_github_clone\flatfoot_classifier\data\processed\normal\NORMAL_0454_UNKNOWN.jpg,3072,3072,right,False,2378,1486,2408,491,2566,success
NORMAL_0455_UNKNOWN,normal,0,C:\Users\tahsinsoyak\Desktop\proje_github_clone\flatfoot_classifier\data\raw\Normal_PNG_Standardized\NORMAL_0455_UNKNOWN.png,C:\Users\tahsinsoyak\Desktop\proje_github_clone\flatfoot_classifier\data\processed\normal\NORMAL_0455_UNKNOWN.jpg,3072,3072,right,False,2216,1324,2246,393,2468,success
NORMAL_0456_UNKNOWN,normal,0,C:\Users\tahsinsoyak\Desktop\proje_github_clone\flatfoot_classifier\data\raw\Normal_PNG_Standardized\NORMAL_0456_UNKNOWN.png,C:\Users\tahsinsoyak\Desktop\proje_github_clone\flatfoot_classifier\data\processed\normal\NORMAL_0456_UNKNOWN.jpg,3072,3072,left,True,2136,1244,2166,462,2537,success
NORMAL_0457_UNKNOWN,normal,0,C:\Users\tahsinsoyak\Desktop\proje_github_clone\flatfoot_classifier\data\raw\Normal_PNG_Standardized\NORMAL_0457_UNKNOWN.png,C:\Users\tahsinsoyak\Desktop\proje_github_clone\flatfoot_classifier\data\processed\normal\NORMAL_0457_UNKNOWN.jpg,3072,3072,left,True,2367,1475,2397,824,2899,success
NORMAL_0460_UNKNOWN,normal,0,C:\Users\tahsinsoyak\Desktop\proje_github_clone\flatfoot_classifier\data\raw\Normal_PNG_Standardized\NORMAL_0460_UNKNOWN.png,C:\Users\tahsinsoyak\Desktop\proje_github_clone\flatfoot_classifier\data\processed\normal\NORMAL_0460_UNKNOWN.jpg,3072,3072,left,True,2128,1236,2158,121,2196,success
NORMAL_0466_UNKNOWN,normal,0,C:\Users\tahsinsoyak\Desktop\proje_github_clone\flatfoot_classifier\data\raw\Normal_PNG_Standardized\NORMAL_0466_UNKNOWN.png,C:\Users\tahsinsoyak\Desktop\proje_github_clone\flatfoot_classifier\data\processed\normal\NORMAL_0466_UNKNOWN.jpg,3072,3072,left,True,2136,1244,2166,372,2447,success
NORMAL_0468_UNKNOWN,normal,0,C:\Users\tahsinsoyak\Desktop\proje_github_clone\flatfoot_classifier\data\raw\Normal_PNG_Standardized\NORMAL_0468_UNKNOWN.png,C:\Users\tahsinsoyak\Desktop\proje_github_clone\flatfoot_classifier\data\processed\normal\NORMAL_0468_UNKNOWN.jpg,3072,3072,left,True,2132,1240,2162,854,2929,success
NORMAL_0469_UNKNOWN,normal,0,C:\Users\tahsinsoyak\Desktop\proje_github_clone\flatfoot_classifier\data\raw\Normal_PNG_Standardized\NORMAL_0469_UNKNOWN.png,C:\Users\tahsinsoyak\Desktop\proje_github_clone\flatfoot_classifier\data\processed\normal\NORMAL_0469_UNKNOWN.jpg,3072,3072,right,False,2137,1245,2167,536,2611,success
NORMAL_0471_UNKNOWN,normal,0,C:\Users\tahsinsoyak\Desktop\proje_github_clone\flatfoot_classifier\data\raw\Normal_PNG_Standardized\NORMAL_0471_UNKNOWN.png,C:\Users\tahsinsoyak\Desktop\proje_github_clone\flatfoot_classifier\data\processed\normal\NORMAL_0471_UNKNOWN.jpg,3072,3072,right,False,2125,1233,2155,381,2456,success
NORMAL_0472_UNKNOWN,normal,0,C:\Users\tahsinsoyak\Desktop\proje_github_clone\flatfoot_classifier\data\raw\Normal_PNG_Standardized\NORMAL_0472_UNKNOWN.png,C:\Users\tahsinsoyak\Desktop\proje_github_clone\flatfoot_classifier\data\processed\normal\NORMAL_0472_UNKNOWN.jpg,3072,3072,left,True,2124,1232,2154,794,2869,success
NORMAL_0473_UNKNOWN,normal,0,C:\Users\tahsinsoyak\Desktop\proje_github_clone\flatfoot_classifier\data\raw\Normal_PNG_Standardized\NORMAL_0473_UNKNOWN.png,C:\Users\tahsinsoyak\Desktop\proje_github_clone\flatfoot_classifier\data\processed\normal\NORMAL_0473_UNKNOWN.jpg,3072,3072,left,True,2107,1215,2137,359,2434,success
NORMAL_0474_UNKNOWN,normal,0,C:\Users\tahsinsoyak\Desktop\proje_github_clone\flatfoot_classifier\data\raw\Normal_PNG_Standardized\NORMAL_0474_UNKNOWN.png,C:\Users\tahsinsoyak\Desktop\proje_github_clone\flatfoot_classifier\data\processed\normal\NORMAL_0474_UNKNOWN.jpg,3072,3072,right,False,2272,1380,2302,719,2794,success
NORMAL_0476_UNKNOWN,normal,0,C:\Users\tahsinsoyak\Desktop\proje_github_clone\flatfoot_classifier\data\raw\Normal_PNG_Standardized\NORMAL_0476_UNKNOWN.png,C:\Users\tahsinsoyak\Desktop\proje_github_clone\flatfoot_classifier\data\processed\normal\NORMAL_0476_UNKNOWN.jpg,3072,3072,right,False,2225,1333,2255,497,2572,success
NORMAL_0477_UNKNOWN,normal,0,C:\Users\tahsinsoyak\Desktop\proje_github_clone\flatfoot_classifier\data\raw\Normal_PNG_Standardized\NORMAL_0477_UNKNOWN.png,C:\Users\tahsinsoyak\Desktop\proje_github_clone\flatfoot_classifier\data\processed\normal\NORMAL_0477_UNKNOWN.jpg,3072,3072,left,True,2376,1484,2406,132,2207,success
NORMAL_0481_UNKNOWN,normal,0,C:\Users\tahsinsoyak\Desktop\proje_github_clone\flatfoot_classifier\data\raw\Normal_PNG_Standardized\NORMAL_0481_UNKNOWN.png,C:\Users\tahsinsoyak\Desktop\proje_github_clone\flatfoot_classifier\data\processed\normal\NORMAL_0481_UNKNOWN.jpg,3072,3072,right,False,2130,1238,2160,587,2662,success
NORMAL_0482_UNKNOWN,normal,0,C:\Users\tahsinsoyak\Desktop\proje_github_clone\flatfoot_classifier\data\raw\Normal_PNG_Standardized\NORMAL_0482_UNKNOWN.png,C:\Users\tahsinsoyak\Desktop\proje_github_clone\flatfoot_classifier\data\processed\normal\NORMAL_0482_UNKNOWN.jpg,3072,3072,left,True,2128,1236,2158,519,2594,success
NORMAL_0483_UNKNOWN,normal,0,C:\Users\tahsinsoyak\Desktop\proje_github_clone\flatfoot_classifier\data\raw\Normal_PNG_Standardized\NORMAL_0483_UNKNOWN.png,C:\Users\tahsinsoyak\Desktop\proje_github_clone\flatfoot_classifier\data\processed\normal\NORMAL_0483_UNKNOWN.jpg,3072,3072,right,False,2129,1237,2159,647,2722,success
NORMAL_0484_UNKNOWN,normal,0,C:\Users\tahsinsoyak\Desktop\proje_github_clone\flatfoot_classifier\data\raw\Normal_PNG_Standardized\NORMAL_0484_UNKNOWN.png,C:\Users\tahsinsoyak\Desktop\proje_github_clone\flatfoot_classifier\data\processed\normal\NORMAL_0484_UNKNOWN.jpg,3072,3072,right,False,2200,1308,2230,343,2418,success
NORMAL_0486_UNKNOWN,normal,0,C:\Users\tahsinsoyak\Desktop\proje_github_clone\flatfoot_classifier\data\raw\Normal_PNG_Standardized\NORMAL_0486_UNKNOWN.png,C:\Users\tahsinsoyak\Desktop\proje_github_clone\flatfoot_classifier\data\processed\normal\NORMAL_0486_UNKNOWN.jpg,3072,3072,left,True,2136,1244,2166,590,2665,success
NORMAL_0487_UNKNOWN,normal,0,C:\Users\tahsinsoyak\Desktop\proje_github_clone\flatfoot_classifier\data\raw\Normal_PNG_Standardized\NORMAL_0487_UNKNOWN.png,C:\Users\tahsinsoyak\Desktop\proje_github_clone\flatfoot_classifier\data\processed\normal\NORMAL_0487_UNKNOWN.jpg,3072,3072,right,False,2132,1240,2162,555,2630,success
NORMAL_0489_UNKNOWN,normal,0,C:\Users\tahsinsoyak\Desktop\proje_github_clone\flatfoot_classifier\data\raw\Normal_PNG_Standardized\NORMAL_0489_UNKNOWN.png,C:\Users\tahsinsoyak\Desktop\proje_github_clone\flatfoot_classifier\data\processed\normal\NORMAL_0489_UNKNOWN.jpg,3072,3072,left,True,2136,1244,2166,608,2683,success
NORMAL_0490_UNKNOWN,normal,0,C:\Users\tahsinsoyak\Desktop\proje_github_clone\flatfoot_classifier\data\raw\Normal_PNG_Standardized\NORMAL_0490_UNKNOWN.png,C:\Users\tahsinsoyak\Desktop\proje_github_clone\flatfoot_classifier\data\processed\normal\NORMAL_0490_UNKNOWN.jpg,3072,3072,right,False,2183,1291,2213,477,2552,success
NORMAL_0491_UNKNOWN,normal,0,C:\Users\tahsinsoyak\Desktop\proje_github_clone\flatfoot_classifier\data\raw\Normal_PNG_Standardized\NORMAL_0491_UNKNOWN.png,C:\Users\tahsinsoyak\Desktop\proje_github_clone\flatfoot_classifier\data\processed\normal\NORMAL_0491_UNKNOWN.jpg,3072,3072,left,True,2129,1257,2159,1042,3072,success
NORMAL_0494_UNKNOWN,normal,0,C:\Users\tahsinsoyak\Desktop\proje_github_clone\flatfoot_classifier\data\raw\Normal_PNG_Standardized\NORMAL_0494_UNKNOWN.png,C:\Users\tahsinsoyak\Desktop\proje_github_clone\flatfoot_classifier\data\processed\normal\NORMAL_0494_UNKNOWN.jpg,3072,3072,right,False,2145,1253,2175,91,2166,success
NORMAL_0497_UNKNOWN,normal,0,C:\Users\tahsinsoyak\Desktop\proje_github_clone\flatfoot_classifier\data\raw\Normal_PNG_Standardized\NORMAL_0497_UNKNOWN.png,C:\Users\tahsinsoyak\Desktop\proje_github_clone\flatfoot_classifier\data\processed\normal\NORMAL_0497_UNKNOWN.jpg,3072,3072,right,False,2132,1240,2162,556,2631,success
NORMAL_0498_UNKNOWN,normal,0,C:\Users\tahsinsoyak\Desktop\proje_github_clone\flatfoot_classifier\data\raw\Normal_PNG_Standardized\NORMAL_0498_UNKNOWN.png,C:\Users\tahsinsoyak\Desktop\proje_github_clone\flatfoot_classifier\data\processed\normal\NORMAL_0498_UNKNOWN.jpg,3072,3072,left,True,2158,1266,2188,642,2717,success
NORMAL_0499_UNKNOWN,normal,0,C:\Users\tahsinsoyak\Desktop\proje_github_clone\flatfoot_classifier\data\raw\Normal_PNG_Standardized\NORMAL_0499_UNKNOWN.png,C:\Users\tahsinsoyak\Desktop\proje_github_clone\flatfoot_classifier\data\processed\normal\NORMAL_0499_UNKNOWN.jpg,3072,3072,right,False,2129,1237,2159,494,2569,success
NORMAL_0501_UNKNOWN,normal,0,C:\Users\tahsinsoyak\Desktop\proje_github_clone\flatfoot_classifier\data\raw\Normal_PNG_Standardized\NORMAL_0501_UNKNOWN.png,C:\Users\tahsinsoyak\Desktop\proje_github_clone\flatfoot_classifier\data\processed\normal\NORMAL_0501_UNKNOWN.jpg,3072,3072,right,False,2360,1468,2390,727,2802,success
NORMAL_0503_UNKNOWN,normal,0,C:\Users\tahsinsoyak\Desktop\proje_github_clone\flatfoot_classifier\data\raw\Normal_PNG_Standardized\NORMAL_0503_UNKNOWN.png,C:\Users\tahsinsoyak\Desktop\proje_github_clone\flatfoot_classifier\data\processed\normal\NORMAL_0503_UNKNOWN.jpg,3072,3072,right,False,2128,1236,2158,607,2682,success
NORMAL_0504_UNKNOWN,normal,0,C:\Users\tahsinsoyak\Desktop\proje_github_clone\flatfoot_classifier\data\raw\Normal_PNG_Standardized\NORMAL_0504_UNKNOWN.png,C:\Users\tahsinsoyak\Desktop\proje_github_clone\flatfoot_classifier\data\processed\normal\NORMAL_0504_UNKNOWN.jpg,3072,3072,left,True,2118,1226,2148,645,2720,success
NORMAL_0505_UNKNOWN,normal,0,C:\Users\tahsinsoyak\Desktop\proje_github_clone\flatfoot_classifier\data\raw\Normal_PNG_Standardized\NORMAL_0505_UNKNOWN.png,C:\Users\tahsinsoyak\Desktop\proje_github_clone\flatfoot_classifier\data\processed\normal\NORMAL_0505_UNKNOWN.jpg,3072,3072,right,False,2152,1260,2182,684,2759,success
NORMAL_0507_UNKNOWN,normal,0,C:\Users\tahsinsoyak\Desktop\proje_github_clone\flatfoot_classifier\data\raw\Normal_PNG_Standardized\NORMAL_0507_UNKNOWN.png,C:\Users\tahsinsoyak\Desktop\proje_github_clone\flatfoot_classifier\data\processed\normal\NORMAL_0507_UNKNOWN.jpg,3072,3072,right,False,2162,1270,2192,611,2686,success
NORMAL_0509_UNKNOWN,normal,0,C:\Users\tahsinsoyak\Desktop\proje_github_clone\flatfoot_classifier\data\raw\Normal_PNG_Standardized\NORMAL_0509_UNKNOWN.png,C:\Users\tahsinsoyak\Desktop\proje_github_clone\flatfoot_classifier\data\processed\normal\NORMAL_0509_UNKNOWN.jpg,3072,3072,right,False,2166,1274,2196,343,2418,success
NORMAL_0510_UNKNOWN,normal,0,C:\Users\tahsinsoyak\Desktop\proje_github_clone\flatfoot_classifier\data\raw\Normal_PNG_Standardized\NORMAL_0510_UNKNOWN.png,C:\Users\tahsinsoyak\Desktop\proje_github_clone\flatfoot_classifier\data\processed\normal\NORMAL_0510_UNKNOWN.jpg,3072,3072,left,True,2120,1228,2150,571,2646,success
NORMAL_0513_UNKNOWN,normal,0,C:\Users\tahsinsoyak\Desktop\proje_github_clone\flatfoot_classifier\data\raw\Normal_PNG_Standardized\NORMAL_0513_UNKNOWN.png,C:\Users\tahsinsoyak\Desktop\proje_github_clone\flatfoot_classifier\data\processed\normal\NORMAL_0513_UNKNOWN.jpg,3072,3072,left,True,2117,1225,2147,750,2825,success
NORMAL_0515_UNKNOWN,normal,0,C:\Users\tahsinsoyak\Desktop\proje_github_clone\flatfoot_classifier\data\raw\Normal_PNG_Standardized\NORMAL_0515_UNKNOWN.png,C:\Users\tahsinsoyak\Desktop\proje_github_clone\flatfoot_classifier\data\processed\normal\NORMAL_0515_UNKNOWN.jpg,3072,3072,left,True,2120,1228,2150,868,2943,success
NORMAL_0516_UNKNOWN,normal,0,C:\Users\tahsinsoyak\Desktop\proje_github_clone\flatfoot_classifier\data\raw\Normal_PNG_Standardized\NORMAL_0516_UNKNOWN.png,C:\Users\tahsinsoyak\Desktop\proje_github_clone\flatfoot_classifier\data\processed\normal\NORMAL_0516_UNKNOWN.jpg,3072,3072,left,True,2122,1230,2152,508,2583,success
NORMAL_0517_UNKNOWN,normal,0,C:\Users\tahsinsoyak\Desktop\proje_github_clone\flatfoot_classifier\data\raw\Normal_PNG_Standardized\NORMAL_0517_UNKNOWN.png,C:\Users\tahsinsoyak\Desktop\proje_github_clone\flatfoot_classifier\data\processed\normal\NORMAL_0517_UNKNOWN.jpg,3072,3072,right,False,2154,1262,2184,179,2254,success
NORMAL_0518_UNKNOWN,normal,0,C:\Users\tahsinsoyak\Desktop\proje_github_clone\flatfoot_classifier\data\raw\Normal_PNG_Standardized\NORMAL_0518_UNKNOWN.png,C:\Users\tahsinsoyak\Desktop\proje_github_clone\flatfoot_classifier\data\processed\normal\NORMAL_0518_UNKNOWN.jpg,3072,3072,left,True,2101,1209,2131,781,2856,success
NORMAL_0519_UNKNOWN,normal,0,C:\Users\tahsinsoyak\Desktop\proje_github_clone\flatfoot_classifier\data\raw\Normal_PNG_Standardized\NORMAL_0519_UNKNOWN.png,C:\Users\tahsinsoyak\Desktop\proje_github_clone\flatfoot_classifier\data\processed\normal\NORMAL_0519_UNKNOWN.jpg,3072,3072,right,False,2120,1228,2150,263,2338,success
NORMAL_0522_UNKNOWN,normal,0,C:\Users\tahsinsoyak\Desktop\proje_github_clone\flatfoot_classifier\data\raw\Normal_PNG_Standardized\NORMAL_0522_UNKNOWN.png,C:\Users\tahsinsoyak\Desktop\proje_github_clone\flatfoot_classifier\data\processed\normal\NORMAL_0522_UNKNOWN.jpg,3072,3072,left,True,2125,1233,2155,302,2377,success
NORMAL_0523_UNKNOWN,normal,0,C:\Users\tahsinsoyak\Desktop\proje_github_clone\flatfoot_classifier\data\raw\Normal_PNG_Standardized\NORMAL_0523_UNKNOWN.png,C:\Users\tahsinsoyak\Desktop\proje_github_clone\flatfoot_classifier\data\processed\normal\NORMAL_0523_UNKNOWN.jpg,3072,3072,right,False,2125,1233,2155,754,2829,success
NORMAL_0525_UNKNOWN,normal,0,C:\Users\tahsinsoyak\Desktop\proje_github_clone\flatfoot_classifier\data\raw\Normal_PNG_Standardized\NORMAL_0525_UNKNOWN.png,C:\Users\tahsinsoyak\Desktop\proje_github_clone\flatfoot_classifier\data\processed\normal\NORMAL_0525_UNKNOWN.jpg,3072,3072,left,True,2184,1292,2214,684,2759,success
NORMAL_0527_UNKNOWN,normal,0,C:\Users\tahsinsoyak\Desktop\proje_github_clone\flatfoot_classifier\data\raw\Normal_PNG_Standardized\NORMAL_0527_UNKNOWN.png,C:\Users\tahsinsoyak\Desktop\proje_github_clone\flatfoot_classifier\data\processed\normal\NORMAL_0527_UNKNOWN.jpg,3072,3072,right,False,2120,1228,2150,515,2590,success
NORMAL_0529_UNKNOWN,normal,0,C:\Users\tahsinsoyak\Desktop\proje_github_clone\flatfoot_classifier\data\raw\Normal_PNG_Standardized\NORMAL_0529_UNKNOWN.png,C:\Users\tahsinsoyak\Desktop\proje_github_clone\flatfoot_classifier\data\processed\normal\NORMAL_0529_UNKNOWN.jpg,3072,3072,left,True,2113,1221,2143,488,2563,success
NORMAL_0530_UNKNOWN,normal,0,C:\Users\tahsinsoyak\Desktop\proje_github_clone\flatfoot_classifier\data\raw\Normal_PNG_Standardized\NORMAL_0530_UNKNOWN.png,C:\Users\tahsinsoyak\Desktop\proje_github_clone\flatfoot_classifier\data\processed\normal\NORMAL_0530_UNKNOWN.jpg,3072,3072,right,False,2110,1218,2140,848,2923,success
NORMAL_0531_UNKNOWN,normal,0,C:\Users\tahsinsoyak\Desktop\proje_github_clone\flatfoot_classifier\data\raw\Normal_PNG_Standardized\NORMAL_0531_UNKNOWN.png,C:\Users\tahsinsoyak\Desktop\proje_github_clone\flatfoot_classifier\data\processed\normal\NORMAL_0531_UNKNOWN.jpg,3072,3072,left,True,2108,1216,2138,251,2326,success
NORMAL_0532_UNKNOWN,normal,0,C:\Users\tahsinsoyak\Desktop\proje_github_clone\flatfoot_classifier\data\raw\Normal_PNG_Standardized\NORMAL_0532_UNKNOWN.png,C:\Users\tahsinsoyak\Desktop\proje_github_clone\flatfoot_classifier\data\processed\normal\NORMAL_0532_UNKNOWN.jpg,3072,3072,right,False,2107,1215,2137,499,2574,success
NORMAL_0533_UNKNOWN,normal,0,C:\Users\tahsinsoyak\Desktop\proje_github_clone\flatfoot_classifier\data\raw\Normal_PNG_Standardized\NORMAL_0533_UNKNOWN.png,C:\Users\tahsinsoyak\Desktop\proje_github_clone\flatfoot_classifier\data\processed\normal\NORMAL_0533_UNKNOWN.jpg,3072,3072,left,True,2101,1209,2131,581,2656,success
NORMAL_0534_UNKNOWN,normal,0,C:\Users\tahsinsoyak\Desktop\proje_github_clone\flatfoot_classifier\data\raw\Normal_PNG_Standardized\NORMAL_0534_UNKNOWN.png,C:\Users\tahsinsoyak\Desktop\proje_github_clone\flatfoot_classifier\data\processed\normal\NORMAL_0534_UNKNOWN.jpg,3072,3072,right,False,2122,1230,2152,502,2577,success
NORMAL_0535_UNKNOWN,normal,0,C:\Users\tahsinsoyak\Desktop\proje_github_clone\flatfoot_classifier\data\raw\Normal_PNG_Standardized\NORMAL_0535_UNKNOWN.png,C:\Users\tahsinsoyak\Desktop\proje_github_clone\flatfoot_classifier\data\processed\normal\NORMAL_0535_UNKNOWN.jpg,3072,3072,left,True,2092,1200,2122,488,2563,success
NORMAL_0537_UNKNOWN,normal,0,C:\Users\tahsinsoyak\Desktop\proje_github_clone\flatfoot_classifier\data\raw\Normal_PNG_Standardized\NORMAL_0537_UNKNOWN.png,C:\Users\tahsinsoyak\Desktop\proje_github_clone\flatfoot_classifier\data\processed\normal\NORMAL_0537_UNKNOWN.jpg,3072,3072,left,True,2104,1212,2134,725,2800,success
NORMAL_0538_UNKNOWN,normal,0,C:\Users\tahsinsoyak\Desktop\proje_github_clone\flatfoot_classifier\data\raw\Normal_PNG_Standardized\NORMAL_0538_UNKNOWN.png,C:\Users\tahsinsoyak\Desktop\proje_github_clone\flatfoot_classifier\data\processed\normal\NORMAL_0538_UNKNOWN.jpg,3072,3072,right,False,2161,1269,2191,381,2456,success
NORMAL_0539_UNKNOWN,normal,0,C:\Users\tahsinsoyak\Desktop\proje_github_clone\flatfoot_classifier\data\raw\Normal_PNG_Standardized\NORMAL_0539_UNKNOWN.png,C:\Users\tahsinsoyak\Desktop\proje_github_clone\flatfoot_classifier\data\processed\normal\NORMAL_0539_UNKNOWN.jpg,3072,3072,left,True,2161,1269,2191,657,2732,success
NORMAL_0540_UNKNOWN,normal,0,C:\Users\tahsinsoyak\Desktop\proje_github_clone\flatfoot_classifier\data\raw\Normal_PNG_Standardized\NORMAL_0540_UNKNOWN.png,C:\Users\tahsinsoyak\Desktop\proje_github_clone\flatfoot_classifier\data\processed\normal\NORMAL_0540_UNKNOWN.jpg,3072,3072,right,False,2124,1260,2154,0,2010,success
NORMAL_0541_UNKNOWN,normal,0,C:\Users\tahsinsoyak\Desktop\proje_github_clone\flatfoot_classifier\data\raw\Normal_PNG_Standardized\NORMAL_0541_UNKNOWN.png,C:\Users\tahsinsoyak\Desktop\proje_github_clone\flatfoot_classifier\data\processed\normal\NORMAL_0541_UNKNOWN.jpg,3072,3072,left,True,2101,1295,2131,1196,3072,success
NORMAL_0543_UNKNOWN,normal,0,C:\Users\tahsinsoyak\Desktop\proje_github_clone\flatfoot_classifier\data\raw\Normal_PNG_Standardized\NORMAL_0543_UNKNOWN.png,C:\Users\tahsinsoyak\Desktop\proje_github_clone\flatfoot_classifier\data\processed\normal\NORMAL_0543_UNKNOWN.jpg,3072,3072,left,True,2104,1212,2134,418,2493,success
NORMAL_0545_UNKNOWN,normal,0,C:\Users\tahsinsoyak\Desktop\proje_github_clone\flatfoot_classifier\data\raw\Normal_PNG_Standardized\NORMAL_0545_UNKNOWN.png,C:\Users\tahsinsoyak\Desktop\proje_github_clone\flatfoot_classifier\data\processed\normal\NORMAL_0545_UNKNOWN.jpg,3072,3072,left,True,2104,1212,2134,846,2921,success
NORMAL_0547_UNKNOWN,normal,0,C:\Users\tahsinsoyak\Desktop\proje_github_clone\flatfoot_classifier\data\raw\Normal_PNG_Standardized\NORMAL_0547_UNKNOWN.png,C:\Users\tahsinsoyak\Desktop\proje_github_clone\flatfoot_classifier\data\processed\normal\NORMAL_0547_UNKNOWN.jpg,3072,3072,left,True,2097,1205,2127,424,2499,success
NORMAL_0548_UNKNOWN,normal,0,C:\Users\tahsinsoyak\Desktop\proje_github_clone\flatfoot_classifier\data\raw\Normal_PNG_Standardized\NORMAL_0548_UNKNOWN.png,C:\Users\tahsinsoyak\Desktop\proje_github_clone\flatfoot_classifier\data\processed\normal\NORMAL_0548_UNKNOWN.jpg,2236,2648,right,False,1643,923,1673,0,1676,success
NORMAL_0549_UNKNOWN,normal,0,C:\Users\tahsinsoyak\Desktop\proje_github_clone\flatfoot_classifier\data\raw\Normal_PNG_Standardized\NORMAL_0549_UNKNOWN.png,C:\Users\tahsinsoyak\Desktop\proje_github_clone\flatfoot_classifier\data\processed\normal\NORMAL_0549_UNKNOWN.jpg,2632,3072,left,True,1768,876,1798,932,3007,success
NORMAL_0550_UNKNOWN,normal,0,C:\Users\tahsinsoyak\Desktop\proje_github_clone\flatfoot_classifier\data\raw\Normal_PNG_Standardized\NORMAL_0550_UNKNOWN.png,C:\Users\tahsinsoyak\Desktop\proje_github_clone\flatfoot_classifier\data\processed\normal\NORMAL_0550_UNKNOWN.jpg,3072,3072,left,True,2184,1292,2214,821,2896,success
NORMAL_0551_UNKNOWN,normal,0,C:\Users\tahsinsoyak\Desktop\proje_github_clone\flatfoot_classifier\data\raw\Normal_PNG_Standardized\NORMAL_0551_UNKNOWN.png,C:\Users\tahsinsoyak\Desktop\proje_github_clone\flatfoot_classifier\data\processed\normal\NORMAL_0551_UNKNOWN.jpg,3072,3072,right,False,2113,1221,2143,157,2232,success
NORMAL_0552_UNKNOWN,normal,0,C:\Users\tahsinsoyak\Desktop\proje_github_clone\flatfoot_classifier\data\raw\Normal_PNG_Standardized\NORMAL_0552_UNKNOWN.png,C:\Users\tahsinsoyak\Desktop\proje_github_clone\flatfoot_classifier\data\processed\normal\NORMAL_0552_UNKNOWN.jpg,3072,3072,right,False,2128,1236,2158,79,2154,success
NORMAL_0554_UNKNOWN,normal,0,C:\Users\tahsinsoyak\Desktop\proje_github_clone\flatfoot_classifier\data\raw\Normal_PNG_Standardized\NORMAL_0554_UNKNOWN.png,C:\Users\tahsinsoyak\Desktop\proje_github_clone\flatfoot_classifier\data\processed\normal\NORMAL_0554_UNKNOWN.jpg,3072,3072,right,False,2176,1284,2206,325,2400,success
NORMAL_0555_UNKNOWN,normal,0,C:\Users\tahsinsoyak\Desktop\proje_github_clone\flatfoot_classifier\data\raw\Normal_PNG_Standardized\NORMAL_0555_UNKNOWN.png,C:\Users\tahsinsoyak\Desktop\proje_github_clone\flatfoot_classifier\data\processed\normal\NORMAL_0555_UNKNOWN.jpg,3072,3072,left,True,2124,1232,2154,780,2855,success
NORMAL_0556_UNKNOWN,normal,0,C:\Users\tahsinsoyak\Desktop\proje_github_clone\flatfoot_classifier\data\raw\Normal_PNG_Standardized\NORMAL_0556_UNKNOWN.png,C:\Users\tahsinsoyak\Desktop\proje_github_clone\flatfoot_classifier\data\processed\normal\NORMAL_0556_UNKNOWN.jpg,3072,3072,right,False,2198,1306,2228,395,2470,success
NORMAL_0557_UNKNOWN,normal,0,C:\Users\tahsinsoyak\Desktop\proje_github_clone\flatfoot_classifier\data\raw\Normal_PNG_Standardized\NORMAL_0557_UNKNOWN.png,C:\Users\tahsinsoyak\Desktop\proje_github_clone\flatfoot_classifier\data\processed\normal\NORMAL_0557_UNKNOWN.jpg,3072,3072,left,True,2128,1236,2158,689,2764,success
NORMAL_0558_UNKNOWN,normal,0,C:\Users\tahsinsoyak\Desktop\proje_github_clone\flatfoot_classifier\data\raw\Normal_PNG_Standardized\NORMAL_0558_UNKNOWN.png,C:\Users\tahsinsoyak\Desktop\proje_github_clone\flatfoot_classifier\data\processed\normal\NORMAL_0558_UNKNOWN.jpg,2176,2264,right,False,1487,830,1517,231,1761,success
NORMAL_0560_UNKNOWN,normal,0,C:\Users\tahsinsoyak\Desktop\proje_github_clone\flatfoot_classifier\data\raw\Normal_PNG_Standardized\NORMAL_0560_UNKNOWN.png,C:\Users\tahsinsoyak\Desktop\proje_github_clone\flatfoot_classifier\data\processed\normal\NORMAL_0560_UNKNOWN.jpg,3072,3072,right,False,2180,1288,2210,561,2636,success
NORMAL_0562_UNKNOWN,normal,0,C:\Users\tahsinsoyak\Desktop\proje_github_clone\flatfoot_classifier\data\raw\Normal_PNG_Standardized\NORMAL_0562_UNKNOWN.png,C:\Users\tahsinsoyak\Desktop\proje_github_clone\flatfoot_classifier\data\processed\normal\NORMAL_0562_UNKNOWN.jpg,3072,3072,right,False,2184,1292,2214,675,2750,success
NORMAL_0563_UNKNOWN,normal,0,C:\Users\tahsinsoyak\Desktop\proje_github_clone\flatfoot_classifier\data\raw\Normal_PNG_Standardized\NORMAL_0563_UNKNOWN.png,C:\Users\tahsinsoyak\Desktop\proje_github_clone\flatfoot_classifier\data\processed\normal\NORMAL_0563_UNKNOWN.jpg,3072,3072,left,True,2119,1227,2149,317,2392,success
NORMAL_0567_UNKNOWN,normal,0,C:\Users\tahsinsoyak\Desktop\proje_github_clone\flatfoot_classifier\data\raw\Normal_PNG_Standardized\NORMAL_0567_UNKNOWN.png,C:\Users\tahsinsoyak\Desktop\proje_github_clone\flatfoot_classifier\data\processed\normal\NORMAL_0567_UNKNOWN.jpg,3072,3072,left,True,2153,1261,2183,473,2548,success
NORMAL_0569_UNKNOWN,normal,0,C:\Users\tahsinsoyak\Desktop\proje_github_clone\flatfoot_classifier\data\raw\Normal_PNG_Standardized\NORMAL_0569_UNKNOWN.png,C:\Users\tahsinsoyak\Desktop\proje_github_clone\flatfoot_classifier\data\processed\normal\NORMAL_0569_UNKNOWN.jpg,3072,3072,right,False,2152,1260,2182,394,2469,success
NORMAL_0571_UNKNOWN,normal,0,C:\Users\tahsinsoyak\Desktop\proje_github_clone\flatfoot_classifier\data\raw\Normal_PNG_Standardized\NORMAL_0571_UNKNOWN.png,C:\Users\tahsinsoyak\Desktop\proje_github_clone\flatfoot_classifier\data\processed\normal\NORMAL_0571_UNKNOWN.jpg,3072,3072,right,False,2160,1268,2190,488,2563,success
NORMAL_0572_UNKNOWN,normal,0,C:\Users\tahsinsoyak\Desktop\proje_github_clone\flatfoot_classifier\data\raw\Normal_PNG_Standardized\NORMAL_0572_UNKNOWN.png,C:\Users\tahsinsoyak\Desktop\proje_github_clone\flatfoot_classifier\data\processed\normal\NORMAL_0572_UNKNOWN.jpg,3072,3072,left,True,2319,1427,2349,405,2480,success
NORMAL_0573_UNKNOWN,normal,0,C:\Users\tahsinsoyak\Desktop\proje_github_clone\flatfoot_classifier\data\raw\Normal_PNG_Standardized\NORMAL_0573_UNKNOWN.png,C:\Users\tahsinsoyak\Desktop\proje_github_clone\flatfoot_classifier\data\processed\normal\NORMAL_0573_UNKNOWN.jpg,3072,3072,right,False,2393,1501,2423,406,2481,success
NORMAL_0574_UNKNOWN,normal,0,C:\Users\tahsinsoyak\Desktop\proje_github_clone\flatfoot_classifier\data\raw\Normal_PNG_Standardized\NORMAL_0574_UNKNOWN.png,C:\Users\tahsinsoyak\Desktop\proje_github_clone\flatfoot_classifier\data\processed\normal\NORMAL_0574_UNKNOWN.jpg,2316,2440,right,False,1715,1006,1745,214,1864,success
NORMAL_0576_UNKNOWN,normal,0,C:\Users\tahsinsoyak\Desktop\proje_github_clone\flatfoot_classifier\data\raw\Normal_PNG_Standardized\NORMAL_0576_UNKNOWN.png,C:\Users\tahsinsoyak\Desktop\proje_github_clone\flatfoot_classifier\data\processed\normal\NORMAL_0576_UNKNOWN.jpg,3072,3072,right,False,2133,1241,2163,170,2245,success
NORMAL_0578_UNKNOWN,normal,0,C:\Users\tahsinsoyak\Desktop\proje_github_clone\flatfoot_classifier\data\raw\Normal_PNG_Standardized\NORMAL_0578_UNKNOWN.png,C:\Users\tahsinsoyak\Desktop\proje_github_clone\flatfoot_classifier\data\processed\normal\NORMAL_0578_UNKNOWN.jpg,3072,3072,right,False,2197,1305,2227,197,2272,success
NORMAL_0579_UNKNOWN,normal,0,C:\Users\tahsinsoyak\Desktop\proje_github_clone\flatfoot_classifier\data\raw\Normal_PNG_Standardized\NORMAL_0579_UNKNOWN.png,C:\Users\tahsinsoyak\Desktop\proje_github_clone\flatfoot_classifier\data\processed\normal\NORMAL_0579_UNKNOWN.jpg,3072,3072,left,True,2136,1244,2166,868,2943,success
NORMAL_0580_UNKNOWN,normal,0,C:\Users\tahsinsoyak\Desktop\proje_github_clone\flatfoot_classifier\data\raw\Normal_PNG_Standardized\NORMAL_0580_UNKNOWN.png,C:\Users\tahsinsoyak\Desktop\proje_github_clone\flatfoot_classifier\data\processed\normal\NORMAL_0580_UNKNOWN.jpg,3072,3072,right,False,2137,1245,2167,329,2404,success
NORMAL_0582_UNKNOWN,normal,0,C:\Users\tahsinsoyak\Desktop\proje_github_clone\flatfoot_classifier\data\raw\Normal_PNG_Standardized\NORMAL_0582_UNKNOWN.png,C:\Users\tahsinsoyak\Desktop\proje_github_clone\flatfoot_classifier\data\processed\normal\NORMAL_0582_UNKNOWN.jpg,3072,3072,right,False,2350,1458,2380,87,2162,success
NORMAL_0583_UNKNOWN,normal,0,C:\Users\tahsinsoyak\Desktop\proje_github_clone\flatfoot_classifier\data\raw\Normal_PNG_Standardized\NORMAL_0583_UNKNOWN.png,C:\Users\tahsinsoyak\Desktop\proje_github_clone\flatfoot_classifier\data\processed\normal\NORMAL_0583_UNKNOWN.jpg,3072,3072,left,True,2219,1330,2249,1003,3072,success
NORMAL_0584_UNKNOWN,normal,0,C:\Users\tahsinsoyak\Desktop\proje_github_clone\flatfoot_classifier\data\raw\Normal_PNG_Standardized\NORMAL_0584_UNKNOWN.png,C:\Users\tahsinsoyak\Desktop\proje_github_clone\flatfoot_classifier\data\processed\normal\NORMAL_0584_UNKNOWN.jpg,3072,3072,right,False,2177,1285,2207,699,2774,success
NORMAL_0587_UNKNOWN,normal,0,C:\Users\tahsinsoyak\Desktop\proje_github_clone\flatfoot_classifier\data\raw\Normal_PNG_Standardized\NORMAL_0587_UNKNOWN.png,C:\Users\tahsinsoyak\Desktop\proje_github_clone\flatfoot_classifier\data\processed\normal\NORMAL_0587_UNKNOWN.jpg,3072,3072,left,True,2138,1246,2168,711,2786,success
NORMAL_0588_UNKNOWN,normal,0,C:\Users\tahsinsoyak\Desktop\proje_github_clone\flatfoot_classifier\data\raw\Normal_PNG_Standardized\NORMAL_0588_UNKNOWN.png,C:\Users\tahsinsoyak\Desktop\proje_github_clone\flatfoot_classifier\data\processed\normal\NORMAL_0588_UNKNOWN.jpg,3072,3072,right,False,2123,1231,2153,911,2986,success
NORMAL_0589_UNKNOWN,normal,0,C:\Users\tahsinsoyak\Desktop\proje_github_clone\flatfoot_classifier\data\raw\Normal_PNG_Standardized\NORMAL_0589_UNKNOWN.png,C:\Users\tahsinsoyak\Desktop\proje_github_clone\flatfoot_classifier\data\processed\normal\NORMAL_0589_UNKNOWN.jpg,3072,3072,left,True,2131,1239,2161,379,2454,success
NORMAL_0593_UNKNOWN,normal,0,C:\Users\tahsinsoyak\Desktop\proje_github_clone\flatfoot_classifier\data\raw\Normal_PNG_Standardized\NORMAL_0593_UNKNOWN.png,C:\Users\tahsinsoyak\Desktop\proje_github_clone\flatfoot_classifier\data\processed\normal\NORMAL_0593_UNKNOWN.jpg,3072,3072,right,False,2240,1348,2270,503,2578,success
NORMAL_0594_UNKNOWN,normal,0,C:\Users\tahsinsoyak\Desktop\proje_github_clone\flatfoot_classifier\data\raw\Normal_PNG_Standardized\NORMAL_0594_UNKNOWN.png,C:\Users\tahsinsoyak\Desktop\proje_github_clone\flatfoot_classifier\data\processed\normal\NORMAL_0594_UNKNOWN.jpg,3072,3072,left,True,2136,1244,2166,538,2613,success
NORMAL_0595_UNKNOWN,normal,0,C:\Users\tahsinsoyak\Desktop\proje_github_clone\flatfoot_classifier\data\raw\Normal_PNG_Standardized\NORMAL_0595_UNKNOWN.png,C:\Users\tahsinsoyak\Desktop\proje_github_clone\flatfoot_classifier\data\processed\normal\NORMAL_0595_UNKNOWN.jpg,3072,3072,right,False,2136,1244,2166,261,2336,success
NORMAL_0596_UNKNOWN,normal,0,C:\Users\tahsinsoyak\Desktop\proje_github_clone\flatfoot_classifier\data\raw\Normal_PNG_Standardized\NORMAL_0596_UNKNOWN.png,C:\Users\tahsinsoyak\Desktop\proje_github_clone\flatfoot_classifier\data\processed\normal\NORMAL_0596_UNKNOWN.jpg,3072,3072,right,False,2129,1237,2159,316,2391,success
NORMAL_0597_UNKNOWN,normal,0,C:\Users\tahsinsoyak\Desktop\proje_github_clone\flatfoot_classifier\data\raw\Normal_PNG_Standardized\NORMAL_0597_UNKNOWN.png,C:\Users\tahsinsoyak\Desktop\proje_github_clone\flatfoot_classifier\data\processed\normal\NORMAL_0597_UNKNOWN.jpg,3072,3072,right,False,2129,1237,2159,316,2391,success
NORMAL_0598_UNKNOWN,normal,0,C:\Users\tahsinsoyak\Desktop\proje_github_clone\flatfoot_classifier\data\raw\Normal_PNG_Standardized\NORMAL_0598_UNKNOWN.png,C:\Users\tahsinsoyak\Desktop\proje_github_clone\flatfoot_classifier\data\processed\normal\NORMAL_0598_UNKNOWN.jpg,3072,3072,left,True,2132,1240,2162,626,2701,success
NORMAL_0599_UNKNOWN,normal,0,C:\Users\tahsinsoyak\Desktop\proje_github_clone\flatfoot_classifier\data\raw\Normal_PNG_Standardized\NORMAL_0599_UNKNOWN.png,C:\Users\tahsinsoyak\Desktop\proje_github_clone\flatfoot_classifier\data\processed\normal\NORMAL_0599_UNKNOWN.jpg,3072,3072,left,True,2132,1240,2162,626,2701,success
NORMAL_0600_UNKNOWN,normal,0,C:\Users\tahsinsoyak\Desktop\proje_github_clone\flatfoot_classifier\data\raw\Normal_PNG_Standardized\NORMAL_0600_UNKNOWN.png,C:\Users\tahsinsoyak\Desktop\proje_github_clone\flatfoot_classifier\data\processed\normal\NORMAL_0600_UNKNOWN.jpg,3072,3072,right,False,2202,1310,2232,469,2544,success
NORMAL_0601_UNKNOWN,normal,0,C:\Users\tahsinsoyak\Desktop\proje_github_clone\flatfoot_classifier\data\raw\Normal_PNG_Standardized\NORMAL_0601_UNKNOWN.png,C:\Users\tahsinsoyak\Desktop\proje_github_clone\flatfoot_classifier\data\processed\normal\NORMAL_0601_UNKNOWN.jpg,3072,3072,left,True,2137,1245,2167,462,2537,success
NORMAL_0602_UNKNOWN,normal,0,C:\Users\tahsinsoyak\Desktop\proje_github_clone\flatfoot_classifier\data\raw\Normal_PNG_Standardized\NORMAL_0602_UNKNOWN.png,C:\Users\tahsinsoyak\Desktop\proje_github_clone\flatfoot_classifier\data\processed\normal\NORMAL_0602_UNKNOWN.jpg,3072,3072,right,False,2202,1310,2232,432,2507,success
NORMAL_0603_UNKNOWN,normal,0,C:\Users\tahsinsoyak\Desktop\proje_github_clone\flatfoot_classifier\data\raw\Normal_PNG_Standardized\NORMAL_0603_UNKNOWN.png,C:\Users\tahsinsoyak\Desktop\proje_github_clone\flatfoot_classifier\data\processed\normal\NORMAL_0603_UNKNOWN.jpg,3072,3072,left,True,2137,1245,2167,672,2747,success
NORMAL_0604_UNKNOWN,normal,0,C:\Users\tahsinsoyak\Desktop\proje_github_clone\flatfoot_classifier\data\raw\Normal_PNG_Standardized\NORMAL_0604_UNKNOWN.png,C:\Users\tahsinsoyak\Desktop\proje_github_clone\flatfoot_classifier\data\processed\normal\NORMAL_0604_UNKNOWN.jpg,3072,3072,left,True,2232,1340,2262,262,2337,success
NORMAL_0605_UNKNOWN,normal,0,C:\Users\tahsinsoyak\Desktop\proje_github_clone\flatfoot_classifier\data\raw\Normal_PNG_Standardized\NORMAL_0605_UNKNOWN.png,C:\Users\tahsinsoyak\Desktop\proje_github_clone\flatfoot_classifier\data\processed\normal\NORMAL_0605_UNKNOWN.jpg,3072,3072,right,False,2216,1324,2246,950,3025,success
NORMAL_0606_UNKNOWN,normal,0,C:\Users\tahsinsoyak\Desktop\proje_github_clone\flatfoot_classifier\data\raw\Normal_PNG_Standardized\NORMAL_0606_UNKNOWN.png,C:\Users\tahsinsoyak\Desktop\proje_github_clone\flatfoot_classifier\data\processed\normal\NORMAL_0606_UNKNOWN.jpg,3072,3072,right,False,2131,1239,2161,237,2312,success
NORMAL_0607_UNKNOWN,normal,0,C:\Users\tahsinsoyak\Desktop\proje_github_clone\flatfoot_classifier\data\raw\Normal_PNG_Standardized\NORMAL_0607_UNKNOWN.png,C:\Users\tahsinsoyak\Desktop\proje_github_clone\flatfoot_classifier\data\processed\normal\NORMAL_0607_UNKNOWN.jpg,3072,3072,left,True,2141,1249,2171,732,2807,success
NORMAL_0609_UNKNOWN,normal,0,C:\Users\tahsinsoyak\Desktop\proje_github_clone\flatfoot_classifier\data\raw\Normal_PNG_Standardized\NORMAL_0609_UNKNOWN.png,C:\Users\tahsinsoyak\Desktop\proje_github_clone\flatfoot_classifier\data\processed\normal\NORMAL_0609_UNKNOWN.jpg,3072,3072,left,True,2145,1253,2175,470,2545,success
NORMAL_0611_UNKNOWN,normal,0,C:\Users\tahsinsoyak\Desktop\proje_github_clone\flatfoot_classifier\data\raw\Normal_PNG_Standardized\NORMAL_0611_UNKNOWN.png,C:\Users\tahsinsoyak\Desktop\proje_github_clone\flatfoot_classifier\data\processed\normal\NORMAL_0611_UNKNOWN.jpg,3072,3072,left,True,2228,1336,2258,772,2847,success
NORMAL_0612_UNKNOWN,normal,0,C:\Users\tahsinsoyak\Desktop\proje_github_clone\flatfoot_classifier\data\raw\Normal_PNG_Standardized\NORMAL_0612_UNKNOWN.png,C:\Users\tahsinsoyak\Desktop\proje_github_clone\flatfoot_classifier\data\processed\normal\NORMAL_0612_UNKNOWN.jpg,3072,3072,left,True,2268,1376,2298,723,2798,success
NORMAL_0613_UNKNOWN,normal,0,C:\Users\tahsinsoyak\Desktop\proje_github_clone\flatfoot_classifier\data\raw\Normal_PNG_Standardized\NORMAL_0613_UNKNOWN.png,C:\Users\tahsinsoyak\Desktop\proje_github_clone\flatfoot_classifier\data\processed\normal\NORMAL_0613_UNKNOWN.jpg,3072,3072,right,False,2385,1493,2415,200,2275,success
NORMAL_0614_UNKNOWN,normal,0,C:\Users\tahsinsoyak\Desktop\proje_github_clone\flatfoot_classifier\data\raw\Normal_PNG_Standardized\NORMAL_0614_UNKNOWN.png,C:\Users\tahsinsoyak\Desktop\proje_github_clone\flatfoot_classifier\data\processed\normal\NORMAL_0614_UNKNOWN.jpg,3072,3072,right,False,2137,1245,2167,187,2262,success
NORMAL_0616_UNKNOWN,normal,0,C:\Users\tahsinsoyak\Desktop\proje_github_clone\flatfoot_classifier\data\raw\Normal_PNG_Standardized\NORMAL_0616_UNKNOWN.png,C:\Users\tahsinsoyak\Desktop\proje_github_clone\flatfoot_classifier\data\processed\normal\NORMAL_0616_UNKNOWN.jpg,2316,2440,right,False,1745,1036,1775,538,2188,success
NORMAL_0617_UNKNOWN,normal,0,C:\Users\tahsinsoyak\Desktop\proje_github_clone\flatfoot_classifier\data\raw\Normal_PNG_Standardized\NORMAL_0617_UNKNOWN.png,C:\Users\tahsinsoyak\Desktop\proje_github_clone\flatfoot_classifier\data\processed\normal\NORMAL_0617_UNKNOWN.jpg,3072,3072,left,True,2128,1236,2158,647,2722,success
NORMAL_0618_UNKNOWN,normal,0,C:\Users\tahsinsoyak\Desktop\proje_github_clone\flatfoot_classifier\data\raw\Normal_PNG_Standardized\NORMAL_0618_UNKNOWN.png,C:\Users\tahsinsoyak\Desktop\proje_github_clone\flatfoot_classifier\data\processed\normal\NORMAL_0618_UNKNOWN.jpg,3072,3072,right,False,2132,1240,2162,308,2383,success
NORMAL_0621_UNKNOWN,normal,0,C:\Users\tahsinsoyak\Desktop\proje_github_clone\flatfoot_classifier\data\raw\Normal_PNG_Standardized\NORMAL_0621_UNKNOWN.png,C:\Users\tahsinsoyak\Desktop\proje_github_clone\flatfoot_classifier\data\processed\normal\NORMAL_0621_UNKNOWN.jpg,3072,3072,right,False,2221,1329,2251,344,2419,success
NORMAL_0622_UNKNOWN,normal,0,C:\Users\tahsinsoyak\Desktop\proje_github_clone\flatfoot_classifier\data\raw\Normal_PNG_Standardized\NORMAL_0622_UNKNOWN.png,C:\Users\tahsinsoyak\Desktop\proje_github_clone\flatfoot_classifier\data\processed\normal\NORMAL_0622_UNKNOWN.jpg,3072,3072,right,False,2196,1304,2226,587,2662,success
NORMAL_0624_UNKNOWN,normal,0,C:\Users\tahsinsoyak\Desktop\proje_github_clone\flatfoot_classifier\data\raw\Normal_PNG_Standardized\NORMAL_0624_UNKNOWN.png,C:\Users\tahsinsoyak\Desktop\proje_github_clone\flatfoot_classifier\data\processed\normal\NORMAL_0624_UNKNOWN.jpg,2656,2920,left,True,1738,890,1768,271,2245,success
NORMAL_0625_UNKNOWN,normal,0,C:\Users\tahsinsoyak\Desktop\proje_github_clone\flatfoot_classifier\data\raw\Normal_PNG_Standardized\NORMAL_0625_UNKNOWN.png,C:\Users\tahsinsoyak\Desktop\proje_github_clone\flatfoot_classifier\data\processed\normal\NORMAL_0625_UNKNOWN.jpg,2636,3020,right,False,1729,851,1759,359,2401,success
PESPLANUS_0001,pes_planus,1,C:\Users\tahsinsoyak\Desktop\proje_github_clone\flatfoot_classifier\data\raw\duz_taban_PNG\PESPLANUS_0001.png,C:\Users\tahsinsoyak\Desktop\proje_github_clone\flatfoot_classifier\data\processed\pes_planus\PESPLANUS_0001.jpg,3026,3008,left,True,1381,507,1411,553,2586,success
PESPLANUS_0003,pes_planus,1,C:\Users\tahsinsoyak\Desktop\proje_github_clone\flatfoot_classifier\data\raw\duz_taban_PNG\PESPLANUS_0003.png,C:\Users\tahsinsoyak\Desktop\proje_github_clone\flatfoot_classifier\data\processed\pes_planus\PESPLANUS_0003.jpg,3026,3008,left,True,1658,784,1688,291,2324,success
PESPLANUS_0004,pes_planus,1,C:\Users\tahsinsoyak\Desktop\proje_github_clone\flatfoot_classifier\data\raw\duz_taban_PNG\PESPLANUS_0004.png,C:\Users\tahsinsoyak\Desktop\proje_github_clone\flatfoot_classifier\data\processed\pes_planus\PESPLANUS_0004.jpg,3023,3008,right,False,1661,787,1691,226,2259,success
PESPLANUS_0006,pes_planus,1,C:\Users\tahsinsoyak\Desktop\proje_github_clone\flatfoot_classifier\data\raw\duz_taban_PNG\PESPLANUS_0006.png,C:\Users\tahsinsoyak\Desktop\proje_github_clone\flatfoot_classifier\data\processed\pes_planus\PESPLANUS_0006.jpg,3026,3008,right,False,2186,1312,2216,525,2558,success
PESPLANUS_0007,pes_planus,1,C:\Users\tahsinsoyak\Desktop\proje_github_clone\flatfoot_classifier\data\raw\duz_taban_PNG\PESPLANUS_0007.png,C:\Users\tahsinsoyak\Desktop\proje_github_clone\flatfoot_classifier\data\processed\pes_planus\PESPLANUS_0007.jpg,2661,2742,right,False,1991,1195,2021,498,2351,success
PESPLANUS_0008,pes_planus,1,C:\Users\tahsinsoyak\Desktop\proje_github_clone\flatfoot_classifier\data\raw\duz_taban_PNG\PESPLANUS_0008.png,C:\Users\tahsinsoyak\Desktop\proje_github_clone\flatfoot_classifier\data\processed\pes_planus\PESPLANUS_0008.jpg,2602,2682,left,True,1748,969,1778,437,2250,success
PESPLANUS_0009,pes_planus,1,C:\Users\tahsinsoyak\Desktop\proje_github_clone\flatfoot_classifier\data\raw\duz_taban_PNG\PESPLANUS_0009.png,C:\Users\tahsinsoyak\Desktop\proje_github_clone\flatfoot_classifier\data\processed\pes_planus\PESPLANUS_0009.jpg,3026,3008,left,True,2246,1372,2276,591,2624,success
PESPLANUS_0010,pes_planus,1,C:\Users\tahsinsoyak\Desktop\proje_github_clone\flatfoot_classifier\data\raw\duz_taban_PNG\PESPLANUS_0010.png,C:\Users\tahsinsoyak\Desktop\proje_github_clone\flatfoot_classifier\data\processed\pes_planus\PESPLANUS_0010.jpg,3026,3008,right,False,2246,1372,2276,322,2355,success
PESPLANUS_0011,pes_planus,1,C:\Users\tahsinsoyak\Desktop\proje_github_clone\flatfoot_classifier\data\raw\duz_taban_PNG\PESPLANUS_0011.png,C:\Users\tahsinsoyak\Desktop\proje_github_clone\flatfoot_classifier\data\processed\pes_planus\PESPLANUS_0011.jpg,3026,3008,right,False,2104,1230,2134,422,2455,success
PESPLANUS_0012,pes_planus,1,C:\Users\tahsinsoyak\Desktop\proje_github_clone\flatfoot_classifier\data\raw\duz_taban_PNG\PESPLANUS_0012.png,C:\Users\tahsinsoyak\Desktop\proje_github_clone\flatfoot_classifier\data\processed\pes_planus\PESPLANUS_0012.jpg,3026,3008,left,True,2102,1228,2132,569,2602,success
PESPLANUS_0013,pes_planus,1,C:\Users\tahsinsoyak\Desktop\proje_github_clone\flatfoot_classifier\data\raw\duz_taban_PNG\PESPLANUS_0013.png,C:\Users\tahsinsoyak\Desktop\proje_github_clone\flatfoot_classifier\data\processed\pes_planus\PESPLANUS_0013.jpg,3026,3008,right,False,1657,783,1687,262,2295,success
PESPLANUS_0016,pes_planus,1,C:\Users\tahsinsoyak\Desktop\proje_github_clone\flatfoot_classifier\data\raw\duz_taban_PNG\PESPLANUS_0016.png,C:\Users\tahsinsoyak\Desktop\proje_github_clone\flatfoot_classifier\data\processed\pes_planus\PESPLANUS_0016.jpg,3026,3008,left,True,1820,946,1850,483,2516,success
PESPLANUS_0017,pes_planus,1,C:\Users\tahsinsoyak\Desktop\proje_github_clone\flatfoot_classifier\data\raw\duz_taban_PNG\PESPLANUS_0017.png,C:\Users\tahsinsoyak\Desktop\proje_github_clone\flatfoot_classifier\data\processed\pes_planus\PESPLANUS_0017.jpg,3026,3008,left,True,1799,925,1829,555,2588,success
PESPLANUS_0018,pes_planus,1,C:\Users\tahsinsoyak\Desktop\proje_github_clone\flatfoot_classifier\data\raw\duz_taban_PNG\PESPLANUS_0018.png,C:\Users\tahsinsoyak\Desktop\proje_github_clone\flatfoot_classifier\data\processed\pes_planus\PESPLANUS_0018.jpg,3026,3008,right,False,1837,963,1867,363,2396,success
PESPLANUS_0019,pes_planus,1,C:\Users\tahsinsoyak\Desktop\proje_github_clone\flatfoot_classifier\data\raw\duz_taban_PNG\PESPLANUS_0019.png,C:\Users\tahsinsoyak\Desktop\proje_github_clone\flatfoot_classifier\data\processed\pes_planus\PESPLANUS_0019.jpg,3026,3008,right,False,1520,646,1550,638,2671,success
PESPLANUS_0020,pes_planus,1,C:\Users\tahsinsoyak\Desktop\proje_github_clone\flatfoot_classifier\data\raw\duz_taban_PNG\PESPLANUS_0020.png,C:\Users\tahsinsoyak\Desktop\proje_github_clone\flatfoot_classifier\data\processed\pes_planus\PESPLANUS_0020.jpg,3026,3008,left,True,1517,643,1547,490,2523,success
PESPLANUS_0023,pes_planus,1,C:\Users\tahsinsoyak\Desktop\proje_github_clone\flatfoot_classifier\data\raw\duz_taban_PNG\PESPLANUS_0023.png,C:\Users\tahsinsoyak\Desktop\proje_github_clone\flatfoot_classifier\data\processed\pes_planus\PESPLANUS_0023.jpg,3026,3008,left,True,2316,1442,2346,151,2184,success
PESPLANUS_0024,pes_planus,1,C:\Users\tahsinsoyak\Desktop\proje_github_clone\flatfoot_classifier\data\raw\duz_taban_PNG\PESPLANUS_0024.png,C:\Users\tahsinsoyak\Desktop\proje_github_clone\flatfoot_classifier\data\processed\pes_planus\PESPLANUS_0024.jpg,3026,3008,right,False,2316,1442,2346,451,2484,success
PESPLANUS_0025,pes_planus,1,C:\Users\tahsinsoyak\Desktop\proje_github_clone\flatfoot_classifier\data\raw\duz_taban_PNG\PESPLANUS_0025.png,C:\Users\tahsinsoyak\Desktop\proje_github_clone\flatfoot_classifier\data\processed\pes_planus\PESPLANUS_0025.jpg,3026,3008,right,False,2033,1159,2063,438,2471,success
PESPLANUS_0026,pes_planus,1,C:\Users\tahsinsoyak\Desktop\proje_github_clone\flatfoot_classifier\data\raw\duz_taban_PNG\PESPLANUS_0026.png,C:\Users\tahsinsoyak\Desktop\proje_github_clone\flatfoot_classifier\data\processed\pes_planus\PESPLANUS_0026.jpg,3026,3008,left,True,2033,1159,2063,857,2890,success
PESPLANUS_0027,pes_planus,1,C:\Users\tahsinsoyak\Desktop\proje_github_clone\flatfoot_classifier\data\raw\duz_taban_PNG\PESPLANUS_0027.png,C:\Users\tahsinsoyak\Desktop\proje_github_clone\flatfoot_classifier\data\processed\pes_planus\PESPLANUS_0027.jpg,2045,3003,left,True,1487,615,1517,298,2327,success
PESPLANUS_0029,pes_planus,1,C:\Users\tahsinsoyak\Desktop\proje_github_clone\flatfoot_classifier\data\raw\duz_taban_PNG\PESPLANUS_0029.png,C:\Users\tahsinsoyak\Desktop\proje_github_clone\flatfoot_classifier\data\processed\pes_planus\PESPLANUS_0029.jpg,3026,3008,left,True,2225,1351,2255,494,2527,success
PESPLANUS_0030,pes_planus,1,C:\Users\tahsinsoyak\Desktop\proje_github_clone\flatfoot_classifier\data\raw\duz_taban_PNG\PESPLANUS_0030.png,C:\Users\tahsinsoyak\Desktop\proje_github_clone\flatfoot_classifier\data\processed\pes_planus\PESPLANUS_0030.jpg,3026,3008,right,False,2226,1352,2256,540,2573,success
PESPLANUS_0031,pes_planus,1,C:\Users\tahsinsoyak\Desktop\proje_github_clone\flatfoot_classifier\data\raw\duz_taban_PNG\PESPLANUS_0031.png,C:\Users\tahsinsoyak\Desktop\proje_github_clone\flatfoot_classifier\data\processed\pes_planus\PESPLANUS_0031.jpg,3026,3008,right,False,1932,1058,1962,607,2640,success
PESPLANUS_0032,pes_planus,1,C:\Users\tahsinsoyak\Desktop\proje_github_clone\flatfoot_classifier\data\raw\duz_taban_PNG\PESPLANUS_0032.png,C:\Users\tahsinsoyak\Desktop\proje_github_clone\flatfoot_classifier\data\processed\pes_planus\PESPLANUS_0032.jpg,3026,3008,left,True,1935,1061,1965,799,2832,success
PESPLANUS_0034,pes_planus,1,C:\Users\tahsinsoyak\Desktop\proje_github_clone\flatfoot_classifier\data\raw\duz_taban_PNG\PESPLANUS_0034.png,C:\Users\tahsinsoyak\Desktop\proje_github_clone\flatfoot_classifier\data\processed\pes_planus\PESPLANUS_0034.jpg,3026,3008,left,True,1645,771,1675,458,2491,success
PESPLANUS_0037,pes_planus,1,C:\Users\tahsinsoyak\Desktop\proje_github_clone\flatfoot_classifier\data\raw\duz_taban_PNG\PESPLANUS_0037.png,C:\Users\tahsinsoyak\Desktop\proje_github_clone\flatfoot_classifier\data\processed\pes_planus\PESPLANUS_0037.jpg,3026,3008,right,False,1361,487,1391,406,2439,success
PESPLANUS_0038,pes_planus,1,C:\Users\tahsinsoyak\Desktop\proje_github_clone\flatfoot_classifier\data\raw\duz_taban_PNG\PESPLANUS_0038.png,C:\Users\tahsinsoyak\Desktop\proje_github_clone\flatfoot_classifier\data\processed\pes_planus\PESPLANUS_0038.jpg,3026,3008,left,True,1361,487,1391,595,2628,success
PESPLANUS_0039,pes_planus,1,C:\Users\tahsinsoyak\Desktop\proje_github_clone\flatfoot_classifier\data\raw\duz_taban_PNG\PESPLANUS_0039.png,C:\Users\tahsinsoyak\Desktop\proje_github_clone\flatfoot_classifier\data\processed\pes_planus\PESPLANUS_0039.jpg,3026,3008,left,True,2073,1199,2103,120,2153,success
PESPLANUS_0040,pes_planus,1,C:\Users\tahsinsoyak\Desktop\proje_github_clone\flatfoot_classifier\data\raw\duz_taban_PNG\PESPLANUS_0040.png,C:\Users\tahsinsoyak\Desktop\proje_github_clone\flatfoot_classifier\data\processed\pes_planus\PESPLANUS_0040.jpg,3026,3008,right,False,2072,1198,2102,128,2161,success
PESPLANUS_0042,pes_planus,1,C:\Users\tahsinsoyak\Desktop\proje_github_clone\flatfoot_classifier\data\raw\duz_taban_PNG\PESPLANUS_0042.png,C:\Users\tahsinsoyak\Desktop\proje_github_clone\flatfoot_classifier\data\processed\pes_planus\PESPLANUS_0042.jpg,3026,3008,right,False,1779,905,1809,224,2257,success
PESPLANUS_0043,pes_planus,1,C:\Users\tahsinsoyak\Desktop\proje_github_clone\flatfoot_classifier\data\raw\duz_taban_PNG\PESPLANUS_0043.png,C:\Users\tahsinsoyak\Desktop\proje_github_clone\flatfoot_classifier\data\processed\pes_planus\PESPLANUS_0043.jpg,3026,3008,left,True,1770,896,1800,130,2163,success
PESPLANUS_0044,pes_planus,1,C:\Users\tahsinsoyak\Desktop\proje_github_clone\flatfoot_classifier\data\raw\duz_taban_PNG\PESPLANUS_0044.png,C:\Users\tahsinsoyak\Desktop\proje_github_clone\flatfoot_classifier\data\processed\pes_planus\PESPLANUS_0044.jpg,3026,3008,right,False,1764,890,1794,412,2445,success
PESPLANUS_0045,pes_planus,1,C:\Users\tahsinsoyak\Desktop\proje_github_clone\flatfoot_classifier\data\raw\duz_taban_PNG\PESPLANUS_0045.png,C:\Users\tahsinsoyak\Desktop\proje_github_clone\flatfoot_classifier\data\processed\pes_planus\PESPLANUS_0045.jpg,3026,3008,left,True,1798,924,1828,349,2382,success
PESPLANUS_0046,pes_planus,1,C:\Users\tahsinsoyak\Desktop\proje_github_clone\flatfoot_classifier\data\raw\duz_taban_PNG\PESPLANUS_0046.png,C:\Users\tahsinsoyak\Desktop\proje_github_clone\flatfoot_classifier\data\processed\pes_planus\PESPLANUS_0046.jpg,3026,3008,right,False,1798,924,1828,334,2367,success
PESPLANUS_0047,pes_planus,1,C:\Users\tahsinsoyak\Desktop\proje_github_clone\flatfoot_classifier\data\raw\duz_taban_PNG\PESPLANUS_0047.png,C:\Users\tahsinsoyak\Desktop\proje_github_clone\flatfoot_classifier\data\processed\pes_planus\PESPLANUS_0047.jpg,3026,3008,right,False,1940,1119,1970,0,1911,success
PESPLANUS_0049,pes_planus,1,C:\Users\tahsinsoyak\Desktop\proje_github_clone\flatfoot_classifier\data\raw\duz_taban_PNG\PESPLANUS_0049.png,C:\Users\tahsinsoyak\Desktop\proje_github_clone\flatfoot_classifier\data\processed\pes_planus\PESPLANUS_0049.jpg,3026,3008,left,True,2142,1268,2172,428,2461,success
PESPLANUS_0050,pes_planus,1,C:\Users\tahsinsoyak\Desktop\proje_github_clone\flatfoot_classifier\data\raw\duz_taban_PNG\PESPLANUS_0050.png,C:\Users\tahsinsoyak\Desktop\proje_github_clone\flatfoot_classifier\data\processed\pes_planus\PESPLANUS_0050.jpg,3026,3008,right,False,2142,1268,2172,284,2317,success
PESPLANUS_0051,pes_planus,1,C:\Users\tahsinsoyak\Desktop\proje_github_clone\flatfoot_classifier\data\raw\duz_taban_PNG\PESPLANUS_0051.png,C:\Users\tahsinsoyak\Desktop\proje_github_clone\flatfoot_classifier\data\processed\pes_planus\PESPLANUS_0051.jpg,3026,3008,left,True,2189,1315,2219,520,2553,success
PESPLANUS_0052,pes_planus,1,C:\Users\tahsinsoyak\Desktop\proje_github_clone\flatfoot_classifier\data\raw\duz_taban_PNG\PESPLANUS_0052.png,C:\Users\tahsinsoyak\Desktop\proje_github_clone\flatfoot_classifier\data\processed\pes_planus\PESPLANUS_0052.jpg,3026,3008,right,False,2187,1313,2217,371,2404,success
PESPLANUS_0054,pes_planus,1,C:\Users\tahsinsoyak\Desktop\proje_github_clone\flatfoot_classifier\data\raw\duz_taban_PNG\PESPLANUS_0054.png,C:\Users\tahsinsoyak\Desktop\proje_github_clone\flatfoot_classifier\data\processed\pes_planus\PESPLANUS_0054.jpg,3026,3008,right,False,1833,959,1863,669,2702,success
PESPLANUS_0055,pes_planus,1,C:\Users\tahsinsoyak\Desktop\proje_github_clone\flatfoot_classifier\data\raw\duz_taban_PNG\PESPLANUS_0055.png,C:\Users\tahsinsoyak\Desktop\proje_github_clone\flatfoot_classifier\data\processed\pes_planus\PESPLANUS_0055.jpg,3026,3008,left,True,2223,1349,2253,734,2767,success
PESPLANUS_0056,pes_planus,1,C:\Users\tahsinsoyak\Desktop\proje_github_clone\flatfoot_classifier\data\raw\duz_taban_PNG\PESPLANUS_0056.png,C:\Users\tahsinsoyak\Desktop\proje_github_clone\flatfoot_classifier\data\processed\pes_planus\PESPLANUS_0056.jpg,3026,3008,right,False,2223,1349,2253,487,2520,success
PESPLANUS_0057,pes_planus,1,C:\Users\tahsinsoyak\Desktop\proje_github_clone\flatfoot_classifier\data\raw\duz_taban_PNG\PESPLANUS_0057.png,C:\Users\tahsinsoyak\Desktop\proje_github_clone\flatfoot_classifier\data\processed\pes_planus\PESPLANUS_0057.jpg,3026,3008,left,True,1909,1035,1939,190,2223,success
PESPLANUS_0058,pes_planus,1,C:\Users\tahsinsoyak\Desktop\proje_github_clone\flatfoot_classifier\data\raw\duz_taban_PNG\PESPLANUS_0058.png,C:\Users\tahsinsoyak\Desktop\proje_github_clone\flatfoot_classifier\data\processed\pes_planus\PESPLANUS_0058.jpg,3026,3008,left,True,1892,1018,1922,146,2179,success
PESPLANUS_0060,pes_planus,1,C:\Users\tahsinsoyak\Desktop\proje_github_clone\flatfoot_classifier\data\raw\duz_taban_PNG\PESPLANUS_0060.png,C:\Users\tahsinsoyak\Desktop\proje_github_clone\flatfoot_classifier\data\processed\pes_planus\PESPLANUS_0060.jpg,3026,3008,right,False,1386,512,1416,190,2223,success
PESPLANUS_0061,pes_planus,1,C:\Users\tahsinsoyak\Desktop\proje_github_clone\flatfoot_classifier\data\raw\duz_taban_PNG\PESPLANUS_0061.png,C:\Users\tahsinsoyak\Desktop\proje_github_clone\flatfoot_classifier\data\processed\pes_planus\PESPLANUS_0061.jpg,3026,3008,left,True,2210,1336,2240,334,2367,success
PESPLANUS_0062,pes_planus,1,C:\Users\tahsinsoyak\Desktop\proje_github_clone\flatfoot_classifier\data\raw\duz_taban_PNG\PESPLANUS_0062.png,C:\Users\tahsinsoyak\Desktop\proje_github_clone\flatfoot_classifier\data\processed\pes_planus\PESPLANUS_0062.jpg,3026,3008,right,False,2204,1330,2234,117,2150,success
PESPLANUS_0064,pes_planus,1,C:\Users\tahsinsoyak\Desktop\proje_github_clone\flatfoot_classifier\data\raw\duz_taban_PNG\PESPLANUS_0064.png,C:\Users\tahsinsoyak\Desktop\proje_github_clone\flatfoot_classifier\data\processed\pes_planus\PESPLANUS_0064.jpg,3026,3008,left,True,1902,1028,1932,619,2652,success
PESPLANUS_0066,pes_planus,1,C:\Users\tahsinsoyak\Desktop\proje_github_clone\flatfoot_classifier\data\raw\duz_taban_PNG\PESPLANUS_0066.png,C:\Users\tahsinsoyak\Desktop\proje_github_clone\flatfoot_classifier\data\processed\pes_planus\PESPLANUS_0066.jpg,3026,3008,right,False,2023,1149,2053,340,2373,success
PESPLANUS_0067,pes_planus,1,C:\Users\tahsinsoyak\Desktop\proje_github_clone\flatfoot_classifier\data\raw\duz_taban_PNG\PESPLANUS_0067.png,C:\Users\tahsinsoyak\Desktop\proje_github_clone\flatfoot_classifier\data\processed\pes_planus\PESPLANUS_0067.jpg,3026,3008,left,True,2337,1463,2367,242,2275,success
PESPLANUS_0068,pes_planus,1,C:\Users\tahsinsoyak\Desktop\proje_github_clone\flatfoot_classifier\data\raw\duz_taban_PNG\PESPLANUS_0068.png,C:\Users\tahsinsoyak\Desktop\proje_github_clone\flatfoot_classifier\data\processed\pes_planus\PESPLANUS_0068.jpg,3026,3008,right,False,2338,1464,2368,377,2410,success
PESPLANUS_0069,pes_planus,1,C:\Users\tahsinsoyak\Desktop\proje_github_clone\flatfoot_classifier\data\raw\duz_taban_PNG\PESPLANUS_0069.png,C:\Users\tahsinsoyak\Desktop\proje_github_clone\flatfoot_classifier\data\processed\pes_planus\PESPLANUS_0069.jpg,3026,3008,right,False,1935,1061,1965,330,2363,success
PESPLANUS_0070,pes_planus,1,C:\Users\tahsinsoyak\Desktop\proje_github_clone\flatfoot_classifier\data\raw\duz_taban_PNG\PESPLANUS_0070.png,C:\Users\tahsinsoyak\Desktop\proje_github_clone\flatfoot_classifier\data\processed\pes_planus\PESPLANUS_0070.jpg,3026,3008,left,True,1937,1063,1967,522,2555,success
PESPLANUS_0071,pes_planus,1,C:\Users\tahsinsoyak\Desktop\proje_github_clone\flatfoot_classifier\data\raw\duz_taban_PNG\PESPLANUS_0071.png,C:\Users\tahsinsoyak\Desktop\proje_github_clone\flatfoot_classifier\data\processed\pes_planus\PESPLANUS_0071.jpg,3026,3008,left,True,2308,1434,2338,793,2826,success
PESPLANUS_0073,pes_planus,1,C:\Users\tahsinsoyak\Desktop\proje_github_clone\flatfoot_classifier\data\raw\duz_taban_PNG\PESPLANUS_0073.png,C:\Users\tahsinsoyak\Desktop\proje_github_clone\flatfoot_classifier\data\processed\pes_planus\PESPLANUS_0073.jpg,3026,3008,right,False,2123,1249,2153,559,2592,success
PESPLANUS_0074,pes_planus,1,C:\Users\tahsinsoyak\Desktop\proje_github_clone\flatfoot_classifier\data\raw\duz_taban_PNG\PESPLANUS_0074.png,C:\Users\tahsinsoyak\Desktop\proje_github_clone\flatfoot_classifier\data\processed\pes_planus\PESPLANUS_0074.jpg,3026,3008,left,True,2049,1175,2079,367,2400,success
PESPLANUS_0075,pes_planus,1,C:\Users\tahsinsoyak\Desktop\proje_github_clone\flatfoot_classifier\data\raw\duz_taban_PNG\PESPLANUS_0075.png,C:\Users\tahsinsoyak\Desktop\proje_github_clone\flatfoot_classifier\data\processed\pes_planus\PESPLANUS_0075.jpg,3026,3008,left,True,2230,1356,2260,558,2591,success
PESPLANUS_0076,pes_planus,1,C:\Users\tahsinsoyak\Desktop\proje_github_clone\flatfoot_classifier\data\raw\duz_taban_PNG\PESPLANUS_0076.png,C:\Users\tahsinsoyak\Desktop\proje_github_clone\flatfoot_classifier\data\processed\pes_planus\PESPLANUS_0076.jpg,3026,3008,right,False,2229,1355,2259,326,2359,success
PESPLANUS_0077,pes_planus,1,C:\Users\tahsinsoyak\Desktop\proje_github_clone\flatfoot_classifier\data\raw\duz_taban_PNG\PESPLANUS_0077.png,C:\Users\tahsinsoyak\Desktop\proje_github_clone\flatfoot_classifier\data\processed\pes_planus\PESPLANUS_0077.jpg,3026,3008,left,True,2179,1305,2209,731,2764,success
PESPLANUS_0078,pes_planus,1,C:\Users\tahsinsoyak\Desktop\proje_github_clone\flatfoot_classifier\data\raw\duz_taban_PNG\PESPLANUS_0078.png,C:\Users\tahsinsoyak\Desktop\proje_github_clone\flatfoot_classifier\data\processed\pes_planus\PESPLANUS_0078.jpg,3026,3008,right,False,2179,1305,2209,37,2070,success
PESPLANUS_0079,pes_planus,1,C:\Users\tahsinsoyak\Desktop\proje_github_clone\flatfoot_classifier\data\raw\duz_taban_PNG\PESPLANUS_0079.png,C:\Users\tahsinsoyak\Desktop\proje_github_clone\flatfoot_classifier\data\processed\pes_planus\PESPLANUS_0079.jpg,3026,3008,left,True,2336,1462,2366,344,2377,success
PESPLANUS_0080,pes_planus,1,C:\Users\tahsinsoyak\Desktop\proje_github_clone\flatfoot_classifier\data\raw\duz_taban_PNG\PESPLANUS_0080.png,C:\Users\tahsinsoyak\Desktop\proje_github_clone\flatfoot_classifier\data\processed\pes_planus\PESPLANUS_0080.jpg,3026,3008,right,False,2213,1339,2243,223,2256,success
PESPLANUS_0082,pes_planus,1,C:\Users\tahsinsoyak\Desktop\proje_github_clone\flatfoot_classifier\data\raw\duz_taban_PNG\PESPLANUS_0082.png,C:\Users\tahsinsoyak\Desktop\proje_github_clone\flatfoot_classifier\data\processed\pes_planus\PESPLANUS_0082.jpg,3026,3008,right,False,1822,948,1852,151,2184,success
PESPLANUS_0083,pes_planus,1,C:\Users\tahsinsoyak\Desktop\proje_github_clone\flatfoot_classifier\data\raw\duz_taban_PNG\PESPLANUS_0083.png,C:\Users\tahsinsoyak\Desktop\proje_github_clone\flatfoot_classifier\data\processed\pes_planus\PESPLANUS_0083.jpg,3026,3008,left,True,1821,947,1851,633,2666,success
PESPLANUS_0084,pes_planus,1,C:\Users\tahsinsoyak\Desktop\proje_github_clone\flatfoot_classifier\data\raw\duz_taban_PNG\PESPLANUS_0084.png,C:\Users\tahsinsoyak\Desktop\proje_github_clone\flatfoot_classifier\data\processed\pes_planus\PESPLANUS_0084.jpg,3026,3008,right,False,2036,1162,2066,312,2345,success
PESPLANUS_0085,pes_planus,1,C:\Users\tahsinsoyak\Desktop\proje_github_clone\flatfoot_classifier\data\raw\duz_taban_PNG\PESPLANUS_0085.png,C:\Users\tahsinsoyak\Desktop\proje_github_clone\flatfoot_classifier\data\processed\pes_planus\PESPLANUS_0085.jpg,3026,3008,left,True,2096,1222,2126,713,2746,success
PESPLANUS_0087,pes_planus,1,C:\Users\tahsinsoyak\Desktop\proje_github_clone\flatfoot_classifier\data\raw\duz_taban_PNG\PESPLANUS_0087.png,C:\Users\tahsinsoyak\Desktop\proje_github_clone\flatfoot_classifier\data\processed\pes_planus\PESPLANUS_0087.jpg,3026,3008,left,True,1821,947,1851,505,2538,success
PESPLANUS_0089,pes_planus,1,C:\Users\tahsinsoyak\Desktop\proje_github_clone\flatfoot_classifier\data\raw\duz_taban_PNG\PESPLANUS_0089.png,C:\Users\tahsinsoyak\Desktop\proje_github_clone\flatfoot_classifier\data\processed\pes_planus\PESPLANUS_0089.jpg,3026,3008,left,True,1627,753,1657,625,2658,success
PESPLANUS_0090,pes_planus,1,C:\Users\tahsinsoyak\Desktop\proje_github_clone\flatfoot_classifier\data\raw\duz_taban_PNG\PESPLANUS_0090.png,C:\Users\tahsinsoyak\Desktop\proje_github_clone\flatfoot_classifier\data\processed\pes_planus\PESPLANUS_0090.jpg,3026,3008,left,True,1637,763,1667,187,2220,success
PESPLANUS_0091,pes_planus,1,C:\Users\tahsinsoyak\Desktop\proje_github_clone\flatfoot_classifier\data\raw\duz_taban_PNG\PESPLANUS_0091.png,C:\Users\tahsinsoyak\Desktop\proje_github_clone\flatfoot_classifier\data\processed\pes_planus\PESPLANUS_0091.jpg,3026,3008,right,False,1639,765,1669,93,2126,success
PESPLANUS_0093,pes_planus,1,C:\Users\tahsinsoyak\Desktop\proje_github_clone\flatfoot_classifier\data\raw\duz_taban_PNG\PESPLANUS_0093.png,C:\Users\tahsinsoyak\Desktop\proje_github_clone\flatfoot_classifier\data\processed\pes_planus\PESPLANUS_0093.jpg,3026,3008,right,False,1883,1009,1913,277,2310,success
PESPLANUS_0094,pes_planus,1,C:\Users\tahsinsoyak\Desktop\proje_github_clone\flatfoot_classifier\data\raw\duz_taban_PNG\PESPLANUS_0094.png,C:\Users\tahsinsoyak\Desktop\proje_github_clone\flatfoot_classifier\data\processed\pes_planus\PESPLANUS_0094.jpg,3026,3008,left,True,2299,1425,2329,295,2328,success
PESPLANUS_0095,pes_planus,1,C:\Users\tahsinsoyak\Desktop\proje_github_clone\flatfoot_classifier\data\raw\duz_taban_PNG\PESPLANUS_0095.png,C:\Users\tahsinsoyak\Desktop\proje_github_clone\flatfoot_classifier\data\processed\pes_planus\PESPLANUS_0095.jpg,3026,3008,right,False,2344,1470,2374,195,2228,success
PESPLANUS_0097,pes_planus,1,C:\Users\tahsinsoyak\Desktop\proje_github_clone\flatfoot_classifier\data\raw\duz_taban_PNG\PESPLANUS_0097.png,C:\Users\tahsinsoyak\Desktop\proje_github_clone\flatfoot_classifier\data\processed\pes_planus\PESPLANUS_0097.jpg,3026,3008,left,True,1555,681,1585,234,2267,success
PESPLANUS_0098,pes_planus,1,C:\Users\tahsinsoyak\Desktop\proje_github_clone\flatfoot_classifier\data\raw\duz_taban_PNG\PESPLANUS_0098.png,C:\Users\tahsinsoyak\Desktop\proje_github_clone\flatfoot_classifier\data\processed\pes_planus\PESPLANUS_0098.jpg,3026,3008,right,False,1553,679,1583,318,2351,success
PESPLANUS_0101,pes_planus,1,C:\Users\tahsinsoyak\Desktop\proje_github_clone\flatfoot_classifier\data\raw\duz_taban_PNG\PESPLANUS_0101.png,C:\Users\tahsinsoyak\Desktop\proje_github_clone\flatfoot_classifier\data\processed\pes_planus\PESPLANUS_0101.jpg,3026,3008,left,True,2221,1347,2251,127,2160,success
PESPLANUS_0102,pes_planus,1,C:\Users\tahsinsoyak\Desktop\proje_github_clone\flatfoot_classifier\data\raw\duz_taban_PNG\PESPLANUS_0102.png,C:\Users\tahsinsoyak\Desktop\proje_github_clone\flatfoot_classifier\data\processed\pes_planus\PESPLANUS_0102.jpg,3026,3008,left,True,1471,597,1501,538,2571,success
PESPLANUS_0104,pes_planus,1,C:\Users\tahsinsoyak\Desktop\proje_github_clone\flatfoot_classifier\data\raw\duz_taban_PNG\PESPLANUS_0104.png,C:\Users\tahsinsoyak\Desktop\proje_github_clone\flatfoot_classifier\data\processed\pes_planus\PESPLANUS_0104.jpg,3026,3008,left,True,1979,1105,2009,397,2430,success
PESPLANUS_0105,pes_planus,1,C:\Users\tahsinsoyak\Desktop\proje_github_clone\flatfoot_classifier\data\raw\duz_taban_PNG\PESPLANUS_0105.png,C:\Users\tahsinsoyak\Desktop\proje_github_clone\flatfoot_classifier\data\processed\pes_planus\PESPLANUS_0105.jpg,3026,3008,right,False,1951,1077,1981,338,2371,success
PESPLANUS_0108,pes_planus,1,C:\Users\tahsinsoyak\Desktop\proje_github_clone\flatfoot_classifier\data\raw\duz_taban_PNG\PESPLANUS_0108.png,C:\Users\tahsinsoyak\Desktop\proje_github_clone\flatfoot_classifier\data\processed\pes_planus\PESPLANUS_0108.jpg,3026,3008,right,False,1804,930,1834,419,2452,success
PESPLANUS_0109,pes_planus,1,C:\Users\tahsinsoyak\Desktop\proje_github_clone\flatfoot_classifier\data\raw\duz_taban_PNG\PESPLANUS_0109.png,C:\Users\tahsinsoyak\Desktop\proje_github_clone\flatfoot_classifier\data\processed\pes_planus\PESPLANUS_0109.jpg,3026,3008,left,True,1804,930,1834,649,2682,success
PESPLANUS_0110,pes_planus,1,C:\Users\tahsinsoyak\Desktop\proje_github_clone\flatfoot_classifier\data\raw\duz_taban_PNG\PESPLANUS_0110.png,C:\Users\tahsinsoyak\Desktop\proje_github_clone\flatfoot_classifier\data\processed\pes_planus\PESPLANUS_0110.jpg,3026,3008,right,False,1812,938,1842,161,2194,success
PESPLANUS_0111,pes_planus,1,C:\Users\tahsinsoyak\Desktop\proje_github_clone\flatfoot_classifier\data\raw\duz_taban_PNG\PESPLANUS_0111.png,C:\Users\tahsinsoyak\Desktop\proje_github_clone\flatfoot_classifier\data\processed\pes_planus\PESPLANUS_0111.jpg,3026,3008,left,True,1813,939,1843,354,2387,success
PESPLANUS_0112,pes_planus,1,C:\Users\tahsinsoyak\Desktop\proje_github_clone\flatfoot_classifier\data\raw\duz_taban_PNG\PESPLANUS_0112.png,C:\Users\tahsinsoyak\Desktop\proje_github_clone\flatfoot_classifier\data\processed\pes_planus\PESPLANUS_0112.jpg,3026,3008,right,False,2245,1371,2275,621,2654,success
PESPLANUS_0114,pes_planus,1,C:\Users\tahsinsoyak\Desktop\proje_github_clone\flatfoot_classifier\data\raw\duz_taban_PNG\PESPLANUS_0114.png,C:\Users\tahsinsoyak\Desktop\proje_github_clone\flatfoot_classifier\data\processed\pes_planus\PESPLANUS_0114.jpg,3026,3008,right,False,1735,861,1765,713,2746,success
PESPLANUS_0115,pes_planus,1,C:\Users\tahsinsoyak\Desktop\proje_github_clone\flatfoot_classifier\data\raw\duz_taban_PNG\PESPLANUS_0115.png,C:\Users\tahsinsoyak\Desktop\proje_github_clone\flatfoot_classifier\data\processed\pes_planus\PESPLANUS_0115.jpg,3026,3008,left,True,1736,862,1766,315,2348,success
PESPLANUS_0116,pes_planus,1,C:\Users\tahsinsoyak\Desktop\proje_github_clone\flatfoot_classifier\data\raw\duz_taban_PNG\PESPLANUS_0116.png,C:\Users\tahsinsoyak\Desktop\proje_github_clone\flatfoot_classifier\data\processed\pes_planus\PESPLANUS_0116.jpg,2574,3003,left,True,1904,1032,1934,458,2487,success
PESPLANUS_0117,pes_planus,1,C:\Users\tahsinsoyak\Desktop\proje_github_clone\flatfoot_classifier\data\raw\duz_taban_PNG\PESPLANUS_0117.png,C:\Users\tahsinsoyak\Desktop\proje_github_clone\flatfoot_classifier\data\processed\pes_planus\PESPLANUS_0117.jpg,2094,2870,right,False,1422,589,1452,590,2529,success
PESPLANUS_0118,pes_planus,1,C:\Users\tahsinsoyak\Desktop\proje_github_clone\flatfoot_classifier\data\raw\duz_taban_PNG\PESPLANUS_0118.png,C:\Users\tahsinsoyak\Desktop\proje_github_clone\flatfoot_classifier\data\processed\pes_planus\PESPLANUS_0118.jpg,3026,3008,left,True,1706,832,1736,345,2378,success
PESPLANUS_0119,pes_planus,1,C:\Users\tahsinsoyak\Desktop\proje_github_clone\flatfoot_classifier\data\raw\duz_taban_PNG\PESPLANUS_0119.png,C:\Users\tahsinsoyak\Desktop\proje_github_clone\flatfoot_classifier\data\processed\pes_planus\PESPLANUS_0119.jpg,3026,3008,right,False,1703,829,1733,481,2514,success
PESPLANUS_0120,pes_planus,1,C:\Users\tahsinsoyak\Desktop\proje_github_clone\flatfoot_classifier\data\raw\duz_taban_PNG\PESPLANUS_0120.png,C:\Users\tahsinsoyak\Desktop\proje_github_clone\flatfoot_classifier\data\processed\pes_planus\PESPLANUS_0120.jpg,3026,3008,left,True,2101,1227,2131,950,2983,success
PESPLANUS_0121,pes_planus,1,C:\Users\tahsinsoyak\Desktop\proje_github_clone\flatfoot_classifier\data\raw\duz_taban_PNG\PESPLANUS_0121.png,C:\Users\tahsinsoyak\Desktop\proje_github_clone\flatfoot_classifier\data\processed\pes_planus\PESPLANUS_0121.jpg,3026,3008,right,False,2100,1226,2130,413,2446,success
PESPLANUS_0125,pes_planus,1,C:\Users\tahsinsoyak\Desktop\proje_github_clone\flatfoot_classifier\data\raw\duz_taban_PNG\PESPLANUS_0125.png,C:\Users\tahsinsoyak\Desktop\proje_github_clone\flatfoot_classifier\data\processed\pes_planus\PESPLANUS_0125.jpg,3026,3008,right,False,1860,986,1890,324,2357,success
PESPLANUS_0126,pes_planus,1,C:\Users\tahsinsoyak\Desktop\proje_github_clone\flatfoot_classifier\data\raw\duz_taban_PNG\PESPLANUS_0126.png,C:\Users\tahsinsoyak\Desktop\proje_github_clone\flatfoot_classifier\data\processed\pes_planus\PESPLANUS_0126.jpg,3026,3008,left,True,2440,1566,2470,488,2521,success
PESPLANUS_0127,pes_planus,1,C:\Users\tahsinsoyak\Desktop\proje_github_clone\flatfoot_classifier\data\raw\duz_taban_PNG\PESPLANUS_0127.png,C:\Users\tahsinsoyak\Desktop\proje_github_clone\flatfoot_classifier\data\processed\pes_planus\PESPLANUS_0127.jpg,3026,3008,right,False,2439,1565,2469,419,2452,success
PESPLANUS_0128,pes_planus,1,C:\Users\tahsinsoyak\Desktop\proje_github_clone\flatfoot_classifier\data\raw\duz_taban_PNG\PESPLANUS_0128.png,C:\Users\tahsinsoyak\Desktop\proje_github_clone\flatfoot_classifier\data\processed\pes_planus\PESPLANUS_0128.jpg,3026,3008,left,True,2344,1470,2374,490,2523,success
PESPLANUS_0132,pes_planus,1,C:\Users\tahsinsoyak\Desktop\proje_github_clone\flatfoot_classifier\data\raw\duz_taban_PNG\PESPLANUS_0132.png,C:\Users\tahsinsoyak\Desktop\proje_github_clone\flatfoot_classifier\data\processed\pes_planus\PESPLANUS_0132.jpg,3026,3008,left,True,2170,1296,2200,351,2384,success
PESPLANUS_0133,pes_planus,1,C:\Users\tahsinsoyak\Desktop\proje_github_clone\flatfoot_classifier\data\raw\duz_taban_PNG\PESPLANUS_0133.png,C:\Users\tahsinsoyak\Desktop\proje_github_clone\flatfoot_classifier\data\processed\pes_planus\PESPLANUS_0133.jpg,3026,3008,right,False,2146,1272,2176,271,2304,success
PESPLANUS_0134,pes_planus,1,C:\Users\tahsinsoyak\Desktop\proje_github_clone\flatfoot_classifier\data\raw\duz_taban_PNG\PESPLANUS_0134.png,C:\Users\tahsinsoyak\Desktop\proje_github_clone\flatfoot_classifier\data\processed\pes_planus\PESPLANUS_0134.jpg,3026,3008,left,True,2084,1210,2114,530,2563,success
PESPLANUS_0136,pes_planus,1,C:\Users\tahsinsoyak\Desktop\proje_github_clone\flatfoot_classifier\data\raw\duz_taban_PNG\PESPLANUS_0136.png,C:\Users\tahsinsoyak\Desktop\proje_github_clone\flatfoot_classifier\data\processed\pes_planus\PESPLANUS_0136.jpg,3026,3008,left,True,1464,590,1494,542,2575,success
PESPLANUS_0137,pes_planus,1,C:\Users\tahsinsoyak\Desktop\proje_github_clone\flatfoot_classifier\data\raw\duz_taban_PNG\PESPLANUS_0137.png,C:\Users\tahsinsoyak\Desktop\proje_github_clone\flatfoot_classifier\data\processed\pes_planus\PESPLANUS_0137.jpg,3026,3008,right,False,1464,590,1494,434,2467,success
PESPLANUS_0138,pes_planus,1,C:\Users\tahsinsoyak\Desktop\proje_github_clone\flatfoot_classifier\data\raw\duz_taban_PNG\PESPLANUS_0138.png,C:\Users\tahsinsoyak\Desktop\proje_github_clone\flatfoot_classifier\data\processed\pes_planus\PESPLANUS_0138.jpg,3026,3008,right,False,1840,966,1870,258,2291,success
PESPLANUS_0140,pes_planus,1,C:\Users\tahsinsoyak\Desktop\proje_github_clone\flatfoot_classifier\data\raw\duz_taban_PNG\PESPLANUS_0140.png,C:\Users\tahsinsoyak\Desktop\proje_github_clone\flatfoot_classifier\data\processed\pes_planus\PESPLANUS_0140.jpg,3026,3008,left,True,1838,964,1868,558,2591,success
PESPLANUS_0141,pes_planus,1,C:\Users\tahsinsoyak\Desktop\proje_github_clone\flatfoot_classifier\data\raw\duz_taban_PNG\PESPLANUS_0141.png,C:\Users\tahsinsoyak\Desktop\proje_github_clone\flatfoot_classifier\data\processed\pes_planus\PESPLANUS_0141.jpg,3026,3008,right,False,1838,964,1868,337,2370,success
PESPLANUS_0142,pes_planus,1,C:\Users\tahsinsoyak\Desktop\proje_github_clone\flatfoot_classifier\data\raw\duz_taban_PNG\PESPLANUS_0142.png,C:\Users\tahsinsoyak\Desktop\proje_github_clone\flatfoot_classifier\data\processed\pes_planus\PESPLANUS_0142.jpg,3026,3008,left,True,1368,494,1398,652,2685,success
PESPLANUS_0143,pes_planus,1,C:\Users\tahsinsoyak\Desktop\proje_github_clone\flatfoot_classifier\data\raw\duz_taban_PNG\PESPLANUS_0143.png,C:\Users\tahsinsoyak\Desktop\proje_github_clone\flatfoot_classifier\data\processed\pes_planus\PESPLANUS_0143.jpg,3026,3008,right,False,1703,829,1733,182,2215,success
PESPLANUS_0145,pes_planus,1,C:\Users\tahsinsoyak\Desktop\proje_github_clone\flatfoot_classifier\data\raw\duz_taban_PNG\PESPLANUS_0145.png,C:\Users\tahsinsoyak\Desktop\proje_github_clone\flatfoot_classifier\data\processed\pes_planus\PESPLANUS_0145.jpg,3026,3008,left,True,1814,940,1844,647,2680,success
PESPLANUS_0146,pes_planus,1,C:\Users\tahsinsoyak\Desktop\proje_github_clone\flatfoot_classifier\data\raw\duz_taban_PNG\PESPLANUS_0146.png,C:\Users\tahsinsoyak\Desktop\proje_github_clone\flatfoot_classifier\data\processed\pes_planus\PESPLANUS_0146.jpg,3026,3008,right,False,2295,1421,2325,545,2578,success
PESPLANUS_0149,pes_planus,1,C:\Users\tahsinsoyak\Desktop\proje_github_clone\flatfoot_classifier\data\raw\duz_taban_PNG\PESPLANUS_0149.png,C:\Users\tahsinsoyak\Desktop\proje_github_clone\flatfoot_classifier\data\processed\pes_planus\PESPLANUS_0149.jpg,3026,3008,left,True,1699,825,1729,301,2334,success
PESPLANUS_0150,pes_planus,1,C:\Users\tahsinsoyak\Desktop\proje_github_clone\flatfoot_classifier\data\raw\duz_taban_PNG\PESPLANUS_0150.png,C:\Users\tahsinsoyak\Desktop\proje_github_clone\flatfoot_classifier\data\processed\pes_planus\PESPLANUS_0150.jpg,3026,3008,left,True,1678,804,1708,54,2087,success
PESPLANUS_0152,pes_planus,1,C:\Users\tahsinsoyak\Desktop\proje_github_clone\flatfoot_classifier\data\raw\duz_taban_PNG\PESPLANUS_0152.png,C:\Users\tahsinsoyak\Desktop\proje_github_clone\flatfoot_classifier\data\processed\pes_planus\PESPLANUS_0152.jpg,3026,3008,right,False,1707,833,1737,750,2783,success
PESPLANUS_0153,pes_planus,1,C:\Users\tahsinsoyak\Desktop\proje_github_clone\flatfoot_classifier\data\raw\duz_taban_PNG\PESPLANUS_0153.png,C:\Users\tahsinsoyak\Desktop\proje_github_clone\flatfoot_classifier\data\processed\pes_planus\PESPLANUS_0153.jpg,3026,3008,left,True,1708,834,1738,384,2417,success
PESPLANUS_0154,pes_planus,1,C:\Users\tahsinsoyak\Desktop\proje_github_clone\flatfoot_classifier\data\raw\duz_taban_PNG\PESPLANUS_0154.png,C:\Users\tahsinsoyak\Desktop\proje_github_clone\flatfoot_classifier\data\processed\pes_planus\PESPLANUS_0154.jpg,3026,3008,left,True,1665,791,1695,439,2472,success
PESPLANUS_0155,pes_planus,1,C:\Users\tahsinsoyak\Desktop\proje_github_clone\flatfoot_classifier\data\raw\duz_taban_PNG\PESPLANUS_0155.png,C:\Users\tahsinsoyak\Desktop\proje_github_clone\flatfoot_classifier\data\processed\pes_planus\PESPLANUS_0155.jpg,3026,3008,right,False,1665,791,1695,364,2397,success
PESPLANUS_0156,pes_planus,1,C:\Users\tahsinsoyak\Desktop\proje_github_clone\flatfoot_classifier\data\raw\duz_taban_PNG\PESPLANUS_0156.png,C:\Users\tahsinsoyak\Desktop\proje_github_clone\flatfoot_classifier\data\processed\pes_planus\PESPLANUS_0156.jpg,3026,3008,left,True,2155,1281,2185,363,2396,success
PESPLANUS_0158,pes_planus,1,C:\Users\tahsinsoyak\Desktop\proje_github_clone\flatfoot_classifier\data\raw\duz_taban_PNG\PESPLANUS_0158.png,C:\Users\tahsinsoyak\Desktop\proje_github_clone\flatfoot_classifier\data\processed\pes_planus\PESPLANUS_0158.jpg,3026,3008,right,False,1792,918,1822,629,2662,success
PESPLANUS_0159,pes_planus,1,C:\Users\tahsinsoyak\Desktop\proje_github_clone\flatfoot_classifier\data\raw\duz_taban_PNG\PESPLANUS_0159.png,C:\Users\tahsinsoyak\Desktop\proje_github_clone\flatfoot_classifier\data\processed\pes_planus\PESPLANUS_0159.jpg,3026,3008,left,True,1795,921,1825,598,2631,success
PESPLANUS_0163,pes_planus,1,C:\Users\tahsinsoyak\Desktop\proje_github_clone\flatfoot_classifier\data\raw\duz_taban_PNG\PESPLANUS_0163.png,C:\Users\tahsinsoyak\Desktop\proje_github_clone\flatfoot_classifier\data\processed\pes_planus\PESPLANUS_0163.jpg,3026,3008,right,False,1855,981,1885,122,2155,success
PESPLANUS_0164,pes_planus,1,C:\Users\tahsinsoyak\Desktop\proje_github_clone\flatfoot_classifier\data\raw\duz_taban_PNG\PESPLANUS_0164.png,C:\Users\tahsinsoyak\Desktop\proje_github_clone\flatfoot_classifier\data\processed\pes_planus\PESPLANUS_0164.jpg,3026,3008,left,True,2219,1345,2249,412,2445,success
PESPLANUS_0165,pes_planus,1,C:\Users\tahsinsoyak\Desktop\proje_github_clone\flatfoot_classifier\data\raw\duz_taban_PNG\PESPLANUS_0165.png,C:\Users\tahsinsoyak\Desktop\proje_github_clone\flatfoot_classifier\data\processed\pes_planus\PESPLANUS_0165.jpg,3026,3008,right,False,2220,1346,2250,392,2425,success
PESPLANUS_0166,pes_planus,1,C:\Users\tahsinsoyak\Desktop\proje_github_clone\flatfoot_classifier\data\raw\duz_taban_PNG\PESPLANUS_0166.png,C:\Users\tahsinsoyak\Desktop\proje_github_clone\flatfoot_classifier\data\processed\pes_planus\PESPLANUS_0166.jpg,2240,3003,left,True,1676,804,1706,392,2421,success
PESPLANUS_0168,pes_planus,1,C:\Users\tahsinsoyak\Desktop\proje_github_clone\flatfoot_classifier\data\raw\duz_taban_PNG\PESPLANUS_0168.png,C:\Users\tahsinsoyak\Desktop\proje_github_clone\flatfoot_classifier\data\processed\pes_planus\PESPLANUS_0168.jpg,3026,3008,left,True,1878,1004,1908,616,2649,success
PESPLANUS_0169,pes_planus,1,C:\Users\tahsinsoyak\Desktop\proje_github_clone\flatfoot_classifier\data\raw\duz_taban_PNG\PESPLANUS_0169.png,C:\Users\tahsinsoyak\Desktop\proje_github_clone\flatfoot_classifier\data\processed\pes_planus\PESPLANUS_0169.jpg,3026,3008,right,False,2032,1158,2062,334,2367,success
PESPLANUS_0170,pes_planus,1,C:\Users\tahsinsoyak\Desktop\proje_github_clone\flatfoot_classifier\data\raw\duz_taban_PNG\PESPLANUS_0170.png,C:\Users\tahsinsoyak\Desktop\proje_github_clone\flatfoot_classifier\data\processed\pes_planus\PESPLANUS_0170.jpg,3026,3008,right,False,2217,1343,2247,536,2569,success
PESPLANUS_0172,pes_planus,1,C:\Users\tahsinsoyak\Desktop\proje_github_clone\flatfoot_classifier\data\raw\duz_taban_PNG\PESPLANUS_0172.png,C:\Users\tahsinsoyak\Desktop\proje_github_clone\flatfoot_classifier\data\processed\pes_planus\PESPLANUS_0172.jpg,3026,3008,left,True,1797,923,1827,592,2625,success
PESPLANUS_0173,pes_planus,1,C:\Users\tahsinsoyak\Desktop\proje_github_clone\flatfoot_classifier\data\raw\duz_taban_PNG\PESPLANUS_0173.png,C:\Users\tahsinsoyak\Desktop\proje_github_clone\flatfoot_classifier\data\processed\pes_planus\PESPLANUS_0173.jpg,3026,3008,right,False,1794,920,1824,426,2459,success
PESPLANUS_0174,pes_planus,1,C:\Users\tahsinsoyak\Desktop\proje_github_clone\flatfoot_classifier\data\raw\duz_taban_PNG\PESPLANUS_0174.png,C:\Users\tahsinsoyak\Desktop\proje_github_clone\flatfoot_classifier\data\processed\pes_planus\PESPLANUS_0174.jpg,3026,3008,right,False,1943,1069,1973,290,2323,success
PESPLANUS_0175,pes_planus,1,C:\Users\tahsinsoyak\Desktop\proje_github_clone\flatfoot_classifier\data\raw\duz_taban_PNG\PESPLANUS_0175.png,C:\Users\tahsinsoyak\Desktop\proje_github_clone\flatfoot_classifier\data\processed\pes_planus\PESPLANUS_0175.jpg,3026,3008,left,True,1942,1068,1972,458,2491,success
PESPLANUS_0176,pes_planus,1,C:\Users\tahsinsoyak\Desktop\proje_github_clone\flatfoot_classifier\data\raw\duz_taban_PNG\PESPLANUS_0176.png,C:\Users\tahsinsoyak\Desktop\proje_github_clone\flatfoot_classifier\data\processed\pes_planus\PESPLANUS_0176.jpg,3026,3008,left,True,2084,1210,2114,545,2578,success
PESPLANUS_0177,pes_planus,1,C:\Users\tahsinsoyak\Desktop\proje_github_clone\flatfoot_classifier\data\raw\duz_taban_PNG\PESPLANUS_0177.png,C:\Users\tahsinsoyak\Desktop\proje_github_clone\flatfoot_classifier\data\processed\pes_planus\PESPLANUS_0177.jpg,3026,3008,right,False,2084,1210,2114,641,2674,success
PESPLANUS_0178,pes_planus,1,C:\Users\tahsinsoyak\Desktop\proje_github_clone\flatfoot_classifier\data\raw\duz_taban_PNG\PESPLANUS_0178.png,C:\Users\tahsinsoyak\Desktop\proje_github_clone\flatfoot_classifier\data\processed\pes_planus\PESPLANUS_0178.jpg,3026,3008,left,True,2324,1450,2354,404,2437,success
PESPLANUS_0179,pes_planus,1,C:\Users\tahsinsoyak\Desktop\proje_github_clone\flatfoot_classifier\data\raw\duz_taban_PNG\PESPLANUS_0179.png,C:\Users\tahsinsoyak\Desktop\proje_github_clone\flatfoot_classifier\data\processed\pes_planus\PESPLANUS_0179.jpg,3023,3008,right,False,2305,1431,2335,427,2460,success
PESPLANUS_0180,pes_planus,1,C:\Users\tahsinsoyak\Desktop\proje_github_clone\flatfoot_classifier\data\raw\duz_taban_PNG\PESPLANUS_0180.png,C:\Users\tahsinsoyak\Desktop\proje_github_clone\flatfoot_classifier\data\processed\pes_planus\PESPLANUS_0180.jpg,3026,3008,left,True,1965,1091,1995,202,2235,success
PESPLANUS_0181,pes_planus,1,C:\Users\tahsinsoyak\Desktop\proje_github_clone\flatfoot_classifier\data\raw\duz_taban_PNG\PESPLANUS_0181.png,C:\Users\tahsinsoyak\Desktop\proje_github_clone\flatfoot_classifier\data\processed\pes_planus\PESPLANUS_0181.jpg,3026,3008,right,False,1929,1055,1959,709,2742,success
PESPLANUS_0182,pes_planus,1,C:\Users\tahsinsoyak\Desktop\proje_github_clone\flatfoot_classifier\data\raw\duz_taban_PNG\PESPLANUS_0182.png,C:\Users\tahsinsoyak\Desktop\proje_github_clone\flatfoot_classifier\data\processed\pes_planus\PESPLANUS_0182.jpg,3026,3008,left,True,2298,1424,2328,747,2780,success
PESPLANUS_0183,pes_planus,1,C:\Users\tahsinsoyak\Desktop\proje_github_clone\flatfoot_classifier\data\raw\duz_taban_PNG\PESPLANUS_0183.png,C:\Users\tahsinsoyak\Desktop\proje_github_clone\flatfoot_classifier\data\processed\pes_planus\PESPLANUS_0183.jpg,3026,3008,right,False,1797,940,1827,0,1995,success
PESPLANUS_0185,pes_planus,1,C:\Users\tahsinsoyak\Desktop\proje_github_clone\flatfoot_classifier\data\raw\duz_taban_PNG\PESPLANUS_0185.png,C:\Users\tahsinsoyak\Desktop\proje_github_clone\flatfoot_classifier\data\processed\pes_planus\PESPLANUS_0185.jpg,3026,3008,left,True,2301,1427,2331,152,2185,success
PESPLANUS_0186,pes_planus,1,C:\Users\tahsinsoyak\Desktop\proje_github_clone\flatfoot_classifier\data\raw\duz_taban_PNG\PESPLANUS_0186.png,C:\Users\tahsinsoyak\Desktop\proje_github_clone\flatfoot_classifier\data\processed\pes_planus\PESPLANUS_0186.jpg,3026,3008,right,False,2257,1383,2287,314,2347,success
PESPLANUS_0189,pes_planus,1,C:\Users\tahsinsoyak\Desktop\proje_github_clone\flatfoot_classifier\data\raw\duz_taban_PNG\PESPLANUS_0189.png,C:\Users\tahsinsoyak\Desktop\proje_github_clone\flatfoot_classifier\data\processed\pes_planus\PESPLANUS_0189.jpg,3026,3008,left,True,2024,1150,2054,369,2402,success
PESPLANUS_0191,pes_planus,1,C:\Users\tahsinsoyak\Desktop\proje_github_clone\flatfoot_classifier\data\raw\duz_taban_PNG\PESPLANUS_0191.png,C:\Users\tahsinsoyak\Desktop\proje_github_clone\flatfoot_classifier\data\processed\pes_planus\PESPLANUS_0191.jpg,3026,3008,right,False,2180,1306,2210,371,2404,success
PESPLANUS_0193,pes_planus,1,C:\Users\tahsinsoyak\Desktop\proje_github_clone\flatfoot_classifier\data\raw\duz_taban_PNG\PESPLANUS_0193.png,C:\Users\tahsinsoyak\Desktop\proje_github_clone\flatfoot_classifier\data\processed\pes_planus\PESPLANUS_0193.jpg,3026,3008,right,False,1902,1028,1932,198,2231,success
PESPLANUS_0194,pes_planus,1,C:\Users\tahsinsoyak\Desktop\proje_github_clone\flatfoot_classifier\data\raw\duz_taban_PNG\PESPLANUS_0194.png,C:\Users\tahsinsoyak\Desktop\proje_github_clone\flatfoot_classifier\data\processed\pes_planus\PESPLANUS_0194.jpg,3026,3008,left,True,1902,1028,1932,616,2649,success
PESPLANUS_0195,pes_planus,1,C:\Users\tahsinsoyak\Desktop\proje_github_clone\flatfoot_classifier\data\raw\duz_taban_PNG\PESPLANUS_0195.png,C:\Users\tahsinsoyak\Desktop\proje_github_clone\flatfoot_classifier\data\processed\pes_planus\PESPLANUS_0195.jpg,2320,3003,left,True,1808,936,1838,349,2378,success
PESPLANUS_0196,pes_planus,1,C:\Users\tahsinsoyak\Desktop\proje_github_clone\flatfoot_classifier\data\raw\duz_taban_PNG\PESPLANUS_0196.png,C:\Users\tahsinsoyak\Desktop\proje_github_clone\flatfoot_classifier\data\processed\pes_planus\PESPLANUS_0196.jpg,3026,3008,right,False,2011,1137,2041,199,2232,success
PESPLANUS_0197,pes_planus,1,C:\Users\tahsinsoyak\Desktop\proje_github_clone\flatfoot_classifier\data\raw\duz_taban_PNG\PESPLANUS_0197.png,C:\Users\tahsinsoyak\Desktop\proje_github_clone\flatfoot_classifier\data\processed\pes_planus\PESPLANUS_0197.jpg,3026,3008,left,True,1791,917,1821,714,2747,success
PESPLANUS_0199,pes_planus,1,C:\Users\tahsinsoyak\Desktop\proje_github_clone\flatfoot_classifier\data\raw\duz_taban_PNG\PESPLANUS_0199.png,C:\Users\tahsinsoyak\Desktop\proje_github_clone\flatfoot_classifier\data\processed\pes_planus\PESPLANUS_0199.jpg,3026,3008,left,True,1547,673,1577,581,2614,success
PESPLANUS_0200,pes_planus,1,C:\Users\tahsinsoyak\Desktop\proje_github_clone\flatfoot_classifier\data\raw\duz_taban_PNG\PESPLANUS_0200.png,C:\Users\tahsinsoyak\Desktop\proje_github_clone\flatfoot_classifier\data\processed\pes_planus\PESPLANUS_0200.jpg,3026,3008,right,False,1545,671,1575,336,2369,success
PESPLANUS_0204,pes_planus,1,C:\Users\tahsinsoyak\Desktop\proje_github_clone\flatfoot_classifier\data\raw\duz_taban_PNG\PESPLANUS_0204.png,C:\Users\tahsinsoyak\Desktop\proje_github_clone\flatfoot_classifier\data\processed\pes_planus\PESPLANUS_0204.jpg,3026,3008,right,False,2302,1428,2332,518,2551,success
PESPLANUS_0205,pes_planus,1,C:\Users\tahsinsoyak\Desktop\proje_github_clone\flatfoot_classifier\data\raw\duz_taban_PNG\PESPLANUS_0205.png,C:\Users\tahsinsoyak\Desktop\proje_github_clone\flatfoot_classifier\data\processed\pes_planus\PESPLANUS_0205.jpg,3026,3008,right,False,1701,827,1731,177,2210,success
PESPLANUS_0208,pes_planus,1,C:\Users\tahsinsoyak\Desktop\proje_github_clone\flatfoot_classifier\data\raw\duz_taban_PNG\PESPLANUS_0208.png,C:\Users\tahsinsoyak\Desktop\proje_github_clone\flatfoot_classifier\data\processed\pes_planus\PESPLANUS_0208.jpg,3026,3008,left,True,1900,1026,1930,846,2879,success
PESPLANUS_0209,pes_planus,1,C:\Users\tahsinsoyak\Desktop\proje_github_clone\flatfoot_classifier\data\raw\duz_taban_PNG\PESPLANUS_0209.png,C:\Users\tahsinsoyak\Desktop\proje_github_clone\flatfoot_classifier\data\processed\pes_planus\PESPLANUS_0209.jpg,3026,3008,left,True,2350,1476,2380,600,2633,success
PESPLANUS_0210,pes_planus,1,C:\Users\tahsinsoyak\Desktop\proje_github_clone\flatfoot_classifier\data\raw\duz_taban_PNG\PESPLANUS_0210.png,C:\Users\tahsinsoyak\Desktop\proje_github_clone\flatfoot_classifier\data\processed\pes_planus\PESPLANUS_0210.jpg,3026,3008,right,False,2350,1476,2380,112,2145,success
PESPLANUS_0211,pes_planus,1,C:\Users\tahsinsoyak\Desktop\proje_github_clone\flatfoot_classifier\data\raw\duz_taban_PNG\PESPLANUS_0211.png,C:\Users\tahsinsoyak\Desktop\proje_github_clone\flatfoot_classifier\data\processed\pes_planus\PESPLANUS_0211.jpg,3026,3008,left,True,2137,1263,2167,174,2207,success
PESPLANUS_0212,pes_planus,1,C:\Users\tahsinsoyak\Desktop\proje_github_clone\flatfoot_classifier\data\raw\duz_taban_PNG\PESPLANUS_0212.png,C:\Users\tahsinsoyak\Desktop\proje_github_clone\flatfoot_classifier\data\processed\pes_planus\PESPLANUS_0212.jpg,3026,3008,right,False,2119,1245,2149,525,2558,success
PESPLANUS_0213,pes_planus,1,C:\Users\tahsinsoyak\Desktop\proje_github_clone\flatfoot_classifier\data\raw\duz_taban_PNG\PESPLANUS_0213.png,C:\Users\tahsinsoyak\Desktop\proje_github_clone\flatfoot_classifier\data\processed\pes_planus\PESPLANUS_0213.jpg,3026,3008,left,True,2044,1170,2074,495,2528,success
PESPLANUS_0214,pes_planus,1,C:\Users\tahsinsoyak\Desktop\proje_github_clone\flatfoot_classifier\data\raw\duz_taban_PNG\PESPLANUS_0214.png,C:\Users\tahsinsoyak\Desktop\proje_github_clone\flatfoot_classifier\data\processed\pes_planus\PESPLANUS_0214.jpg,3026,3008,right,False,2043,1169,2073,800,2833,success
PESPLANUS_0216,pes_planus,1,C:\Users\tahsinsoyak\Desktop\proje_github_clone\flatfoot_classifier\data\raw\duz_taban_PNG\PESPLANUS_0216.png,C:\Users\tahsinsoyak\Desktop\proje_github_clone\flatfoot_classifier\data\processed\pes_planus\PESPLANUS_0216.jpg,3026,3008,right,False,2241,1367,2271,136,2169,success
PESPLANUS_0219,pes_planus,1,C:\Users\tahsinsoyak\Desktop\proje_github_clone\flatfoot_classifier\data\raw\duz_taban_PNG\PESPLANUS_0219.png,C:\Users\tahsinsoyak\Desktop\proje_github_clone\flatfoot_classifier\data\processed\pes_planus\PESPLANUS_0219.jpg,3026,3008,left,True,2024,1150,2054,429,2462,success
PESPLANUS_0221,pes_planus,1,C:\Users\tahsinsoyak\Desktop\proje_github_clone\flatfoot_classifier\data\raw\duz_taban_PNG\PESPLANUS_0221.png,C:\Users\tahsinsoyak\Desktop\proje_github_clone\flatfoot_classifier\data\processed\pes_planus\PESPLANUS_0221.jpg,3026,3008,left,True,1748,874,1778,950,2983,success
PESPLANUS_0222,pes_planus,1,C:\Users\tahsinsoyak\Desktop\proje_github_clone\flatfoot_classifier\data\raw\duz_taban_PNG\PESPLANUS_0222.png,C:\Users\tahsinsoyak\Desktop\proje_github_clone\flatfoot_classifier\data\processed\pes_planus\PESPLANUS_0222.jpg,3026,3008,left,True,1743,869,1773,366,2399,success
PESPLANUS_0223,pes_planus,1,C:\Users\tahsinsoyak\Desktop\proje_github_clone\flatfoot_classifier\data\raw\duz_taban_PNG\PESPLANUS_0223.png,C:\Users\tahsinsoyak\Desktop\proje_github_clone\flatfoot_classifier\data\processed\pes_planus\PESPLANUS_0223.jpg,3026,3008,right,False,1744,870,1774,223,2256,success
PESPLANUS_0224,pes_planus,1,C:\Users\tahsinsoyak\Desktop\proje_github_clone\flatfoot_classifier\data\raw\duz_taban_PNG\PESPLANUS_0224.png,C:\Users\tahsinsoyak\Desktop\proje_github_clone\flatfoot_classifier\data\processed\pes_planus\PESPLANUS_0224.jpg,3026,3008,left,True,1968,1094,1998,70,2103,success
PESPLANUS_0226,pes_planus,1,C:\Users\tahsinsoyak\Desktop\proje_github_clone\flatfoot_classifier\data\raw\duz_taban_PNG\PESPLANUS_0226.png,C:\Users\tahsinsoyak\Desktop\proje_github_clone\flatfoot_classifier\data\processed\pes_planus\PESPLANUS_0226.jpg,3026,3008,left,True,1743,869,1773,384,2417,success
PESPLANUS_0227,pes_planus,1,C:\Users\tahsinsoyak\Desktop\proje_github_clone\flatfoot_classifier\data\raw\duz_taban_PNG\PESPLANUS_0227.png,C:\Users\tahsinsoyak\Desktop\proje_github_clone\flatfoot_classifier\data\processed\pes_planus\PESPLANUS_0227.jpg,3026,3008,right,False,1756,882,1786,365,2398,success
PESPLANUS_0228,pes_planus,1,C:\Users\tahsinsoyak\Desktop\proje_github_clone\flatfoot_classifier\data\raw\duz_taban_PNG\PESPLANUS_0228.png,C:\Users\tahsinsoyak\Desktop\proje_github_clone\flatfoot_classifier\data\processed\pes_planus\PESPLANUS_0228.jpg,3026,3008,right,False,1768,894,1798,560,2593,success
PESPLANUS_0229,pes_planus,1,C:\Users\tahsinsoyak\Desktop\proje_github_clone\flatfoot_classifier\data\raw\duz_taban_PNG\PESPLANUS_0229.png,C:\Users\tahsinsoyak\Desktop\proje_github_clone\flatfoot_classifier\data\processed\pes_planus\PESPLANUS_0229.jpg,3026,3008,left,True,1794,920,1824,261,2294,success
PESPLANUS_0230,pes_planus,1,C:\Users\tahsinsoyak\Desktop\proje_github_clone\flatfoot_classifier\data\raw\duz_taban_PNG\PESPLANUS_0230.png,C:\Users\tahsinsoyak\Desktop\proje_github_clone\flatfoot_classifier\data\processed\pes_planus\PESPLANUS_0230.jpg,3026,3008,right,False,2299,1425,2329,797,2830,success
PESPLANUS_0232,pes_planus,1,C:\Users\tahsinsoyak\Desktop\proje_github_clone\flatfoot_classifier\data\raw\duz_taban_PNG\PESPLANUS_0232.png,C:\Users\tahsinsoyak\Desktop\proje_github_clone\flatfoot_classifier\data\processed\pes_planus\PESPLANUS_0232.jpg,3026,3008,left,True,1875,1001,1905,802,2835,success
PESPLANUS_0235,pes_planus,1,C:\Users\tahsinsoyak\Desktop\proje_github_clone\flatfoot_classifier\data\raw\duz_taban_PNG\PESPLANUS_0235.png,C:\Users\tahsinsoyak\Desktop\proje_github_clone\flatfoot_classifier\data\processed\pes_planus\PESPLANUS_0235.jpg,3026,3008,right,False,1836,962,1866,400,2433,success
PESPLANUS_0236,pes_planus,1,C:\Users\tahsinsoyak\Desktop\proje_github_clone\flatfoot_classifier\data\raw\duz_taban_PNG\PESPLANUS_0236.png,C:\Users\tahsinsoyak\Desktop\proje_github_clone\flatfoot_classifier\data\processed\pes_planus\PESPLANUS_0236.jpg,3026,3008,left,True,1533,659,1563,527,2560,success
PESPLANUS_0237,pes_planus,1,C:\Users\tahsinsoyak\Desktop\proje_github_clone\flatfoot_classifier\data\raw\duz_taban_PNG\PESPLANUS_0237.png,C:\Users\tahsinsoyak\Desktop\proje_github_clone\flatfoot_classifier\data\processed\pes_planus\PESPLANUS_0237.jpg,3026,3008,left,True,1533,659,1563,246,2279,success
PESPLANUS_0238,pes_planus,1,C:\Users\tahsinsoyak\Desktop\proje_github_clone\flatfoot_classifier\data\raw\duz_taban_PNG\PESPLANUS_0238.png,C:\Users\tahsinsoyak\Desktop\proje_github_clone\flatfoot_classifier\data\processed\pes_planus\PESPLANUS_0238.jpg,3026,3008,right,False,2140,1392,2170,0,1740,success
PESPLANUS_0239,pes_planus,1,C:\Users\tahsinsoyak\Desktop\proje_github_clone\flatfoot_classifier\data\raw\duz_taban_PNG\PESPLANUS_0239.png,C:\Users\tahsinsoyak\Desktop\proje_github_clone\flatfoot_classifier\data\processed\pes_planus\PESPLANUS_0239.jpg,3026,3008,left,True,2118,1369,2148,1264,3008,success
PESPLANUS_0240,pes_planus,1,C:\Users\tahsinsoyak\Desktop\proje_github_clone\flatfoot_classifier\data\raw\duz_taban_PNG\PESPLANUS_0240.png,C:\Users\tahsinsoyak\Desktop\proje_github_clone\flatfoot_classifier\data\processed\pes_planus\PESPLANUS_0240.jpg,3026,3008,left,True,2276,1402,2306,476,2509,success
PESPLANUS_0245,pes_planus,1,C:\Users\tahsinsoyak\Desktop\proje_github_clone\flatfoot_classifier\data\raw\duz_taban_PNG\PESPLANUS_0245.png,C:\Users\tahsinsoyak\Desktop\proje_github_clone\flatfoot_classifier\data\processed\pes_planus\PESPLANUS_0245.jpg,3026,3008,right,False,1603,729,1633,630,2663,success
PESPLANUS_0246,pes_planus,1,C:\Users\tahsinsoyak\Desktop\proje_github_clone\flatfoot_classifier\data\raw\duz_taban_PNG\PESPLANUS_0246.png,C:\Users\tahsinsoyak\Desktop\proje_github_clone\flatfoot_classifier\data\processed\pes_planus\PESPLANUS_0246.jpg,3026,3008,right,False,1756,882,1786,143,2176,success
PESPLANUS_0248,pes_planus,1,C:\Users\tahsinsoyak\Desktop\proje_github_clone\flatfoot_classifier\data\raw\duz_taban_PNG\PESPLANUS_0248.png,C:\Users\tahsinsoyak\Desktop\proje_github_clone\flatfoot_classifier\data\processed\pes_planus\PESPLANUS_0248.jpg,3026,3008,left,True,2211,1337,2241,334,2367,success
PESPLANUS_0249,pes_planus,1,C:\Users\tahsinsoyak\Desktop\proje_github_clone\flatfoot_classifier\data\raw\duz_taban_PNG\PESPLANUS_0249.png,C:\Users\tahsinsoyak\Desktop\proje_github_clone\flatfoot_classifier\data\processed\pes_planus\PESPLANUS_0249.jpg,3026,3008,right,False,2210,1336,2240,441,2474,success
PESPLANUS_0250,pes_planus,1,C:\Users\tahsinsoyak\Desktop\proje_github_clone\flatfoot_classifier\data\raw\duz_taban_PNG\PESPLANUS_0250.png,C:\Users\tahsinsoyak\Desktop\proje_github_clone\flatfoot_classifier\data\processed\pes_planus\PESPLANUS_0250.jpg,3026,3008,left,True,1634,760,1664,336,2369,success
PESPLANUS_0251,pes_planus,1,C:\Users\tahsinsoyak\Desktop\proje_github_clone\flatfoot_classifier\data\raw\duz_taban_PNG\PESPLANUS_0251.png,C:\Users\tahsinsoyak\Desktop\proje_github_clone\flatfoot_classifier\data\processed\pes_planus\PESPLANUS_0251.jpg,3023,3008,right,False,1559,685,1589,101,2134,success
PESPLANUS_0254,pes_planus,1,C:\Users\tahsinsoyak\Desktop\proje_github_clone\flatfoot_classifier\data\raw\duz_taban_PNG\PESPLANUS_0254.png,C:\Users\tahsinsoyak\Desktop\proje_github_clone\flatfoot_classifier\data\processed\pes_planus\PESPLANUS_0254.jpg,3026,3008,left,True,1831,957,1861,558,2591,success
PESPLANUS_0255,pes_planus,1,C:\Users\tahsinsoyak\Desktop\proje_github_clone\flatfoot_classifier\data\raw\duz_taban_PNG\PESPLANUS_0255.png,C:\Users\tahsinsoyak\Desktop\proje_github_clone\flatfoot_classifier\data\processed\pes_planus\PESPLANUS_0255.jpg,3026,3008,right,False,1830,956,1860,234,2267,success
PESPLANUS_0256,pes_planus,1,C:\Users\tahsinsoyak\Desktop\proje_github_clone\flatfoot_classifier\data\raw\duz_taban_PNG\PESPLANUS_0256.png,C:\Users\tahsinsoyak\Desktop\proje_github_clone\flatfoot_classifier\data\processed\pes_planus\PESPLANUS_0256.jpg,3026,3008,left,True,2404,1530,2434,810,2843,success
PESPLANUS_0257,pes_planus,1,C:\Users\tahsinsoyak\Desktop\proje_github_clone\flatfoot_classifier\data\raw\duz_taban_PNG\PESPLANUS_0257.png,C:\Users\tahsinsoyak\Desktop\proje_github_clone\flatfoot_classifier\data\processed\pes_planus\PESPLANUS_0257.jpg,3026,3008,right,False,2404,1530,2434,227,2260,success
PESPLANUS_0258,pes_planus,1,C:\Users\tahsinsoyak\Desktop\proje_github_clone\flatfoot_classifier\data\raw\duz_taban_PNG\PESPLANUS_0258.png,C:\Users\tahsinsoyak\Desktop\proje_github_clone\flatfoot_classifier\data\processed\pes_planus\PESPLANUS_0258.jpg,3026,3008,left,True,2171,1297,2201,357,2390,success
PESPLANUS_0260,pes_planus,1,C:\Users\tahsinsoyak\Desktop\proje_github_clone\flatfoot_classifier\data\raw\duz_taban_PNG\PESPLANUS_0260.png,C:\Users\tahsinsoyak\Desktop\proje_github_clone\flatfoot_classifier\data\processed\pes_planus\PESPLANUS_0260.jpg,3026,3008,left,True,1675,801,1705,441,2474,success
PESPLANUS_0261,pes_planus,1,C:\Users\tahsinsoyak\Desktop\proje_github_clone\flatfoot_classifier\data\raw\duz_taban_PNG\PESPLANUS_0261.png,C:\Users\tahsinsoyak\Desktop\proje_github_clone\flatfoot_classifier\data\processed\pes_planus\PESPLANUS_0261.jpg,3026,3008,right,False,1675,801,1705,573,2606,success
PESPLANUS_0262,pes_planus,1,C:\Users\tahsinsoyak\Desktop\proje_github_clone\flatfoot_classifier\data\raw\duz_taban_PNG\PESPLANUS_0262.png,C:\Users\tahsinsoyak\Desktop\proje_github_clone\flatfoot_classifier\data\processed\pes_planus\PESPLANUS_0262.jpg,3026,3008,left,True,1709,835,1739,871,2904,success
PESPLANUS_0263,pes_planus,1,C:\Users\tahsinsoyak\Desktop\proje_github_clone\flatfoot_classifier\data\raw\duz_taban_PNG\PESPLANUS_0263.png,C:\Users\tahsinsoyak\Desktop\proje_github_clone\flatfoot_classifier\data\processed\pes_planus\PESPLANUS_0263.jpg,3026,3008,right,False,1709,835,1739,268,2301,success
PESPLANUS_0264,pes_planus,1,C:\Users\tahsinsoyak\Desktop\proje_github_clone\flatfoot_classifier\data\raw\duz_taban_PNG\PESPLANUS_0264.png,C:\Users\tahsinsoyak\Desktop\proje_github_clone\flatfoot_classifier\data\processed\pes_planus\PESPLANUS_0264.jpg,3026,3008,left,True,1619,745,1649,307,2340,success
PESPLANUS_0265,pes_planus,1,C:\Users\tahsinsoyak\Desktop\proje_github_clone\flatfoot_classifier\data\raw\duz_taban_PNG\PESPLANUS_0265.png,C:\Users\tahsinsoyak\Desktop\proje_github_clone\flatfoot_classifier\data\processed\pes_planus\PESPLANUS_0265.jpg,3026,3008,right,False,1619,750,1649,0,2023,success
PESPLANUS_0266,pes_planus,1,C:\Users\tahsinsoyak\Desktop\proje_github_clone\flatfoot_classifier\data\raw\duz_taban_PNG\PESPLANUS_0266.png,C:\Users\tahsinsoyak\Desktop\proje_github_clone\flatfoot_classifier\data\processed\pes_planus\PESPLANUS_0266.jpg,2651,3003,right,False,1893,1021,1923,26,2055,success
PESPLANUS_0267,pes_planus,1,C:\Users\tahsinsoyak\Desktop\proje_github_clone\flatfoot_classifier\data\raw\duz_taban_PNG\PESPLANUS_0267.png,C:\Users\tahsinsoyak\Desktop\proje_github_clone\flatfoot_classifier\data\processed\pes_planus\PESPLANUS_0267.jpg,2574,2909,left,True,1828,983,1858,446,2412,success
PESPLANUS_0269,pes_planus,1,C:\Users\tahsinsoyak\Desktop\proje_github_clone\flatfoot_classifier\data\raw\duz_taban_PNG\PESPLANUS_0269.png,C:\Users\tahsinsoyak\Desktop\proje_github_clone\flatfoot_classifier\data\processed\pes_planus\PESPLANUS_0269.jpg,3026,3008,left,True,1726,852,1756,291,2324,success
PESPLANUS_0272,pes_planus,1,C:\Users\tahsinsoyak\Desktop\proje_github_clone\flatfoot_classifier\data\raw\duz_taban_PNG\PESPLANUS_0272.png,C:\Users\tahsinsoyak\Desktop\proje_github_clone\flatfoot_classifier\data\processed\pes_planus\PESPLANUS_0272.jpg,3026,3008,right,False,2366,1492,2396,341,2374,success
PESPLANUS_0273,pes_planus,1,C:\Users\tahsinsoyak\Desktop\proje_github_clone\flatfoot_classifier\data\raw\duz_taban_PNG\PESPLANUS_0273.png,C:\Users\tahsinsoyak\Desktop\proje_github_clone\flatfoot_classifier\data\processed\pes_planus\PESPLANUS_0273.jpg,3026,3008,left,True,2311,1437,2341,533,2566,success
PESPLANUS_0275,pes_planus,1,C:\Users\tahsinsoyak\Desktop\proje_github_clone\flatfoot_classifier\data\raw\duz_taban_PNG\PESPLANUS_0275.png,C:\Users\tahsinsoyak\Desktop\proje_github_clone\flatfoot_classifier\data\processed\pes_planus\PESPLANUS_0275.jpg,3026,3008,right,False,1841,967,1871,138,2171,success
PESPLANUS_0276,pes_planus,1,C:\Users\tahsinsoyak\Desktop\proje_github_clone\flatfoot_classifier\data\raw\duz_taban_PNG\PESPLANUS_0276.png,C:\Users\tahsinsoyak\Desktop\proje_github_clone\flatfoot_classifier\data\processed\pes_planus\PESPLANUS_0276.jpg,3026,3008,left,True,2092,1218,2122,590,2623,success
PESPLANUS_0278,pes_planus,1,C:\Users\tahsinsoyak\Desktop\proje_github_clone\flatfoot_classifier\data\raw\duz_taban_PNG\PESPLANUS_0278.png,C:\Users\tahsinsoyak\Desktop\proje_github_clone\flatfoot_classifier\data\processed\pes_planus\PESPLANUS_0278.jpg,3026,3008,right,False,1753,879,1783,348,2381,success
PESPLANUS_0279,pes_planus,1,C:\Users\tahsinsoyak\Desktop\proje_github_clone\flatfoot_classifier\data\raw\duz_taban_PNG\PESPLANUS_0279.png,C:\Users\tahsinsoyak\Desktop\proje_github_clone\flatfoot_classifier\data\processed\pes_planus\PESPLANUS_0279.jpg,3026,3008,left,True,1747,873,1777,391,2424,success
PESPLANUS_0281,pes_planus,1,C:\Users\tahsinsoyak\Desktop\proje_github_clone\flatfoot_classifier\data\raw\duz_taban_PNG\PESPLANUS_0281.png,C:\Users\tahsinsoyak\Desktop\proje_github_clone\flatfoot_classifier\data\processed\pes_planus\PESPLANUS_0281.jpg,3026,3008,right,False,2033,1159,2063,412,2445,success
PESPLANUS_0282,pes_planus,1,C:\Users\tahsinsoyak\Desktop\proje_github_clone\flatfoot_classifier\data\raw\duz_taban_PNG\PESPLANUS_0282.png,C:\Users\tahsinsoyak\Desktop\proje_github_clone\flatfoot_classifier\data\processed\pes_planus\PESPLANUS_0282.jpg,3026,3008,left,True,2341,1467,2371,506,2539,success
PESPLANUS_0284,pes_planus,1,C:\Users\tahsinsoyak\Desktop\proje_github_clone\flatfoot_classifier\data\raw\duz_taban_PNG\PESPLANUS_0284.png,C:\Users\tahsinsoyak\Desktop\proje_github_clone\flatfoot_classifier\data\processed\pes_planus\PESPLANUS_0284.jpg,3026,3008,right,False,1643,769,1673,578,2611,success
PESPLANUS_0285,pes_planus,1,C:\Users\tahsinsoyak\Desktop\proje_github_clone\flatfoot_classifier\data\raw\duz_taban_PNG\PESPLANUS_0285.png,C:\Users\tahsinsoyak\Desktop\proje_github_clone\flatfoot_classifier\data\processed\pes_planus\PESPLANUS_0285.jpg,3026,3008,left,True,1643,769,1673,295,2328,success
PESPLANUS_0286,pes_planus,1,C:\Users\tahsinsoyak\Desktop\proje_github_clone\flatfoot_classifier\data\raw\duz_taban_PNG\PESPLANUS_0286.png,C:\Users\tahsinsoyak\Desktop\proje_github_clone\flatfoot_classifier\data\processed\pes_planus\PESPLANUS_0286.jpg,3026,3008,left,True,2123,1249,2153,287,2320,success
PESPLANUS_0287,pes_planus,1,C:\Users\tahsinsoyak\Desktop\proje_github_clone\flatfoot_classifier\data\raw\duz_taban_PNG\PESPLANUS_0287.png,C:\Users\tahsinsoyak\Desktop\proje_github_clone\flatfoot_classifier\data\processed\pes_planus\PESPLANUS_0287.jpg,3026,3008,right,False,1705,831,1735,394,2427,success
PESPLANUS_0288,pes_planus,1,C:\Users\tahsinsoyak\Desktop\proje_github_clone\flatfoot_classifier\data\raw\duz_taban_PNG\PESPLANUS_0288.png,C:\Users\tahsinsoyak\Desktop\proje_github_clone\flatfoot_classifier\data\processed\pes_planus\PESPLANUS_0288.jpg,3026,3008,left,True,1705,831,1735,459,2492,success
PESPLANUS_0290,pes_planus,1,C:\Users\tahsinsoyak\Desktop\proje_github_clone\flatfoot_classifier\data\raw\duz_taban_PNG\PESPLANUS_0290.png,C:\Users\tahsinsoyak\Desktop\proje_github_clone\flatfoot_classifier\data\processed\pes_planus\PESPLANUS_0290.jpg,3026,3008,left,True,1822,948,1852,447,2480,success
PESPLANUS_0291,pes_planus,1,C:\Users\tahsinsoyak\Desktop\proje_github_clone\flatfoot_classifier\data\raw\duz_taban_PNG\PESPLANUS_0291.png,C:\Users\tahsinsoyak\Desktop\proje_github_clone\flatfoot_classifier\data\processed\pes_planus\PESPLANUS_0291.jpg,3026,3008,right,False,2092,1218,2122,437,2470,success
PESPLANUS_0292,pes_planus,1,C:\Users\tahsinsoyak\Desktop\proje_github_clone\flatfoot_classifier\data\raw\duz_taban_PNG\PESPLANUS_0292.png,C:\Users\tahsinsoyak\Desktop\proje_github_clone\flatfoot_classifier\data\processed\pes_planus\PESPLANUS_0292.jpg,3026,3008,left,True,2289,1415,2319,715,2748,success
PESPLANUS_0293,pes_planus,1,C:\Users\tahsinsoyak\Desktop\proje_github_clone\flatfoot_classifier\data\raw\duz_taban_PNG\PESPLANUS_0293.png,C:\Users\tahsinsoyak\Desktop\proje_github_clone\flatfoot_classifier\data\processed\pes_planus\PESPLANUS_0293.jpg,3026,3008,left,True,2285,1411,2315,705,2738,success
PESPLANUS_0295,pes_planus,1,C:\Users\tahsinsoyak\Desktop\proje_github_clone\flatfoot_classifier\data\raw\duz_taban_PNG\PESPLANUS_0295.png,C:\Users\tahsinsoyak\Desktop\proje_github_clone\flatfoot_classifier\data\processed\pes_planus\PESPLANUS_0295.jpg,3026,3008,left,True,1910,1036,1940,630,2663,success
PESPLANUS_0297,pes_planus,1,C:\Users\tahsinsoyak\Desktop\proje_github_clone\flatfoot_classifier\data\raw\duz_taban_PNG\PESPLANUS_0297.png,C:\Users\tahsinsoyak\Desktop\proje_github_clone\flatfoot_classifier\data\processed\pes_planus\PESPLANUS_0297.jpg,3026,3008,right,False,2052,1178,2082,99,2132,success
PESPLANUS_0298,pes_planus,1,C:\Users\tahsinsoyak\Desktop\proje_github_clone\flatfoot_classifier\data\raw\duz_taban_PNG\PESPLANUS_0298.png,C:\Users\tahsinsoyak\Desktop\proje_github_clone\flatfoot_classifier\data\processed\pes_planus\PESPLANUS_0298.jpg,3026,3008,left,True,2060,1186,2090,772,2805,success
PESPLANUS_0299,pes_planus,1,C:\Users\tahsinsoyak\Desktop\proje_github_clone\flatfoot_classifier\data\raw\duz_taban_PNG\PESPLANUS_0299.png,C:\Users\tahsinsoyak\Desktop\proje_github_clone\flatfoot_classifier\data\processed\pes_planus\PESPLANUS_0299.jpg,3026,3008,right,False,1994,1120,2024,387,2420,success
PESPLANUS_0300,pes_planus,1,C:\Users\tahsinsoyak\Desktop\proje_github_clone\flatfoot_classifier\data\raw\duz_taban_PNG\PESPLANUS_0300.png,C:\Users\tahsinsoyak\Desktop\proje_github_clone\flatfoot_classifier\data\processed\pes_planus\PESPLANUS_0300.jpg,3026,3008,left,True,1996,1122,2026,548,2581,success
PESPLANUS_0301,pes_planus,1,C:\Users\tahsinsoyak\Desktop\proje_github_clone\flatfoot_classifier\data\raw\duz_taban_PNG\PESPLANUS_0301.png,C:\Users\tahsinsoyak\Desktop\proje_github_clone\flatfoot_classifier\data\processed\pes_planus\PESPLANUS_0301.jpg,3026,3008,right,False,2236,1362,2266,164,2197,success
PESPLANUS_0302,pes_planus,1,C:\Users\tahsinsoyak\Desktop\proje_github_clone\flatfoot_classifier\data\raw\duz_taban_PNG\PESPLANUS_0302.png,C:\Users\tahsinsoyak\Desktop\proje_github_clone\flatfoot_classifier\data\processed\pes_planus\PESPLANUS_0302.jpg,3026,3008,left,True,2239,1365,2269,330,2363,success
PESPLANUS_0303,pes_planus,1,C:\Users\tahsinsoyak\Desktop\proje_github_clone\flatfoot_classifier\data\raw\duz_taban_PNG\PESPLANUS_0303.png,C:\Users\tahsinsoyak\Desktop\proje_github_clone\flatfoot_classifier\data\processed\pes_planus\PESPLANUS_0303.jpg,3026,3008,right,False,1838,964,1868,227,2260,success
PESPLANUS_0304,pes_planus,1,C:\Users\tahsinsoyak\Desktop\proje_github_clone\flatfoot_classifier\data\raw\duz_taban_PNG\PESPLANUS_0304.png,C:\Users\tahsinsoyak\Desktop\proje_github_clone\flatfoot_classifier\data\processed\pes_planus\PESPLANUS_0304.jpg,3026,3008,right,False,1837,963,1867,195,2228,success
PESPLANUS_0305,pes_planus,1,C:\Users\tahsinsoyak\Desktop\proje_github_clone\flatfoot_classifier\data\raw\duz_taban_PNG\PESPLANUS_0305.png,C:\Users\tahsinsoyak\Desktop\proje_github_clone\flatfoot_classifier\data\processed\pes_planus\PESPLANUS_0305.jpg,3026,3008,left,True,1863,989,1893,598,2631,success
PESPLANUS_0306,pes_planus,1,C:\Users\tahsinsoyak\Desktop\proje_github_clone\flatfoot_classifier\data\raw\duz_taban_PNG\PESPLANUS_0306.png,C:\Users\tahsinsoyak\Desktop\proje_github_clone\flatfoot_classifier\data\processed\pes_planus\PESPLANUS_0306.jpg,3026,3008,right,False,1858,984,1888,461,2494,success
PESPLANUS_0307,pes_planus,1,C:\Users\tahsinsoyak\Desktop\proje_github_clone\flatfoot_classifier\data\raw\duz_taban_PNG\PESPLANUS_0307.png,C:\Users\tahsinsoyak\Desktop\proje_github_clone\flatfoot_classifier\data\processed\pes_planus\PESPLANUS_0307.jpg,3026,3008,left,True,1664,790,1694,258,2291,success
PESPLANUS_0308,pes_planus,1,C:\Users\tahsinsoyak\Desktop\proje_github_clone\flatfoot_classifier\data\raw\duz_taban_PNG\PESPLANUS_0308.png,C:\Users\tahsinsoyak\Desktop\proje_github_clone\flatfoot_classifier\data\processed\pes_planus\PESPLANUS_0308.jpg,3026,3008,right,False,1661,787,1691,228,2261,success
PESPLANUS_0310,pes_planus,1,C:\Users\tahsinsoyak\Desktop\proje_github_clone\flatfoot_classifier\data\raw\duz_taban_PNG\PESPLANUS_0310.png,C:\Users\tahsinsoyak\Desktop\proje_github_clone\flatfoot_classifier\data\processed\pes_planus\PESPLANUS_0310.jpg,3026,3008,right,False,1635,761,1665,531,2564,success
PESPLANUS_0311,pes_planus,1,C:\Users\tahsinsoyak\Desktop\proje_github_clone\flatfoot_classifier\data\raw\duz_taban_PNG\PESPLANUS_0311.png,C:\Users\tahsinsoyak\Desktop\proje_github_clone\flatfoot_classifier\data\processed\pes_planus\PESPLANUS_0311.jpg,3023,3008,right,False,1610,736,1640,446,2479,success
PESPLANUS_0312,pes_planus,1,C:\Users\tahsinsoyak\Desktop\proje_github_clone\flatfoot_classifier\data\raw\duz_taban_PNG\PESPLANUS_0312.png,C:\Users\tahsinsoyak\Desktop\proje_github_clone\flatfoot_classifier\data\processed\pes_planus\PESPLANUS_0312.jpg,3026,3008,left,True,1635,761,1665,764,2797,success
PESPLANUS_0313,pes_planus,1,C:\Users\tahsinsoyak\Desktop\proje_github_clone\flatfoot_classifier\data\raw\duz_taban_PNG\PESPLANUS_0313.png,C:\Users\tahsinsoyak\Desktop\proje_github_clone\flatfoot_classifier\data\processed\pes_planus\PESPLANUS_0313.jpg,3026,3008,left,True,2136,1262,2166,426,2459,success
PESPLANUS_0315,pes_planus,1,C:\Users\tahsinsoyak\Desktop\proje_github_clone\flatfoot_classifier\data\raw\duz_taban_PNG\PESPLANUS_0315.png,C:\Users\tahsinsoyak\Desktop\proje_github_clone\flatfoot_classifier\data\processed\pes_planus\PESPLANUS_0315.jpg,3026,3008,right,False,2323,1449,2353,410,2443,success
PESPLANUS_0317,pes_planus,1,C:\Users\tahsinsoyak\Desktop\proje_github_clone\flatfoot_classifier\data\raw\duz_taban_PNG\PESPLANUS_0317.png,C:\Users\tahsinsoyak\Desktop\proje_github_clone\flatfoot_classifier\data\processed\pes_planus\PESPLANUS_0317.jpg,3026,3008,right,False,1704,830,1734,219,2252,success
PESPLANUS_0319,pes_planus,1,C:\Users\tahsinsoyak\Desktop\proje_github_clone\flatfoot_classifier\data\raw\duz_taban_PNG\PESPLANUS_0319.png,C:\Users\tahsinsoyak\Desktop\proje_github_clone\flatfoot_classifier\data\processed\pes_planus\PESPLANUS_0319.jpg,2257,3003,left,True,1678,806,1708,284,2313,success
PESPLANUS_0320,pes_planus,1,C:\Users\tahsinsoyak\Desktop\proje_github_clone\flatfoot_classifier\data\raw\duz_taban_PNG\PESPLANUS_0320.png,C:\Users\tahsinsoyak\Desktop\proje_github_clone\flatfoot_classifier\data\processed\pes_planus\PESPLANUS_0320.jpg,2233,3003,right,False,1650,778,1680,71,2100,success
PESPLANUS_0321,pes_planus,1,C:\Users\tahsinsoyak\Desktop\proje_github_clone\flatfoot_classifier\data\raw\duz_taban_PNG\PESPLANUS_0321.png,C:\Users\tahsinsoyak\Desktop\proje_github_clone\flatfoot_classifier\data\processed\pes_planus\PESPLANUS_0321.jpg,3026,3008,left,True,2157,1283,2187,510,2543,success
PESPLANUS_0322,pes_planus,1,C:\Users\tahsinsoyak\Desktop\proje_github_clone\flatfoot_classifier\data\raw\duz_taban_PNG\PESPLANUS_0322.png,C:\Users\tahsinsoyak\Desktop\proje_github_clone\flatfoot_classifier\data\processed\pes_planus\PESPLANUS_0322.jpg,3026,3008,right,False,2374,1500,2404,363,2396,success
PESPLANUS_0323,pes_planus,1,C:\Users\tahsinsoyak\Desktop\proje_github_clone\flatfoot_classifier\data\raw\duz_taban_PNG\PESPLANUS_0323.png,C:\Users\tahsinsoyak\Desktop\proje_github_clone\flatfoot_classifier\data\processed\pes_planus\PESPLANUS_0323.jpg,3026,3008,left,True,2085,1211,2115,689,2722,success
PESPLANUS_0324,pes_planus,1,C:\Users\tahsinsoyak\Desktop\proje_github_clone\flatfoot_classifier\data\raw\duz_taban_PNG\PESPLANUS_0324.png,C:\Users\tahsinsoyak\Desktop\proje_github_clone\flatfoot_classifier\data\processed\pes_planus\PESPLANUS_0324.jpg,3026,3008,right,False,2087,1213,2117,696,2729,success
PESPLANUS_0325,pes_planus,1,C:\Users\tahsinsoyak\Desktop\proje_github_clone\flatfoot_classifier\data\raw\duz_taban_PNG\PESPLANUS_0325.png,C:\Users\tahsinsoyak\Desktop\proje_github_clone\flatfoot_classifier\data\processed\pes_planus\PESPLANUS_0325.jpg,3026,3008,left,True,1673,799,1703,483,2516,success
PESPLANUS_0327,pes_planus,1,C:\Users\tahsinsoyak\Desktop\proje_github_clone\flatfoot_classifier\data\raw\duz_taban_PNG\PESPLANUS_0327.png,C:\Users\tahsinsoyak\Desktop\proje_github_clone\flatfoot_classifier\data\processed\pes_planus\PESPLANUS_0327.jpg,3026,3008,left,True,2093,1331,2123,1234,3008,success
PESPLANUS_0328,pes_planus,1,C:\Users\tahsinsoyak\Desktop\proje_github_clone\flatfoot_classifier\data\raw\duz_taban_PNG\PESPLANUS_0328.png,C:\Users\tahsinsoyak\Desktop\proje_github_clone\flatfoot_classifier\data\processed\pes_planus\PESPLANUS_0328.jpg,3026,3008,right,False,2093,1219,2123,438,2471,success
PESPLANUS_0329,pes_planus,1,C:\Users\tahsinsoyak\Desktop\proje_github_clone\flatfoot_classifier\data\raw\duz_taban_PNG\PESPLANUS_0329.png,C:\Users\tahsinsoyak\Desktop\proje_github_clone\flatfoot_classifier\data\processed\pes_planus\PESPLANUS_0329.jpg,3026,3008,left,True,2128,1254,2158,619,2652,success
PESPLANUS_0330,pes_planus,1,C:\Users\tahsinsoyak\Desktop\proje_github_clone\flatfoot_classifier\data\raw\duz_taban_PNG\PESPLANUS_0330.png,C:\Users\tahsinsoyak\Desktop\proje_github_clone\flatfoot_classifier\data\processed\pes_planus\PESPLANUS_0330.jpg,3026,3008,right,False,2132,1302,2162,0,1931,success
PESPLANUS_0332,pes_planus,1,C:\Users\tahsinsoyak\Desktop\proje_github_clone\flatfoot_classifier\data\raw\duz_taban_PNG\PESPLANUS_0332.png,C:\Users\tahsinsoyak\Desktop\proje_github_clone\flatfoot_classifier\data\processed\pes_planus\PESPLANUS_0332.jpg,3026,3008,right,False,2240,1366,2270,443,2476,success
PESPLANUS_0333,pes_planus,1,C:\Users\tahsinsoyak\Desktop\proje_github_clone\flatfoot_classifier\data\raw\duz_taban_PNG\PESPLANUS_0333.png,C:\Users\tahsinsoyak\Desktop\proje_github_clone\flatfoot_classifier\data\processed\pes_planus\PESPLANUS_0333.jpg,3026,3008,left,True,1761,887,1791,708,2741,success
PESPLANUS_0334,pes_planus,1,C:\Users\tahsinsoyak\Desktop\proje_github_clone\flatfoot_classifier\data\raw\duz_taban_PNG\PESPLANUS_0334.png,C:\Users\tahsinsoyak\Desktop\proje_github_clone\flatfoot_classifier\data\processed\pes_planus\PESPLANUS_0334.jpg,3026,3008,right,False,1764,890,1794,34,2067,success
PESPLANUS_0335,pes_planus,1,C:\Users\tahsinsoyak\Desktop\proje_github_clone\flatfoot_classifier\data\raw\duz_taban_PNG\PESPLANUS_0335.png,C:\Users\tahsinsoyak\Desktop\proje_github_clone\flatfoot_classifier\data\processed\pes_planus\PESPLANUS_0335.jpg,3026,3008,left,True,1852,978,1882,350,2383,success
PESPLANUS_0336,pes_planus,1,C:\Users\tahsinsoyak\Desktop\proje_github_clone\flatfoot_classifier\data\raw\duz_taban_PNG\PESPLANUS_0336.png,C:\Users\tahsinsoyak\Desktop\proje_github_clone\flatfoot_classifier\data\processed\pes_planus\PESPLANUS_0336.jpg,3026,3008,right,False,1853,979,1883,224,2257,success
PESPLANUS_0337,pes_planus,1,C:\Users\tahsinsoyak\Desktop\proje_github_clone\flatfoot_classifier\data\raw\duz_taban_PNG\PESPLANUS_0337.png,C:\Users\tahsinsoyak\Desktop\proje_github_clone\flatfoot_classifier\data\processed\pes_planus\PESPLANUS_0337.jpg,3026,3008,left,True,1600,726,1630,530,2563,success
PESPLANUS_0339,pes_planus,1,C:\Users\tahsinsoyak\Desktop\proje_github_clone\flatfoot_classifier\data\raw\duz_taban_PNG\PESPLANUS_0339.png,C:\Users\tahsinsoyak\Desktop\proje_github_clone\flatfoot_classifier\data\processed\pes_planus\PESPLANUS_0339.jpg,3026,3008,right,False,2405,1531,2435,505,2538,success
PESPLANUS_0341,pes_planus,1,C:\Users\tahsinsoyak\Desktop\proje_github_clone\flatfoot_classifier\data\raw\duz_taban_PNG\PESPLANUS_0341.png,C:\Users\tahsinsoyak\Desktop\proje_github_clone\flatfoot_classifier\data\processed\pes_planus\PESPLANUS_0341.jpg,3026,3008,left,True,2039,1165,2069,645,2678,success
PESPLANUS_0342,pes_planus,1,C:\Users\tahsinsoyak\Desktop\proje_github_clone\flatfoot_classifier\data\raw\duz_taban_PNG\PESPLANUS_0342.png,C:\Users\tahsinsoyak\Desktop\proje_github_clone\flatfoot_classifier\data\processed\pes_planus\PESPLANUS_0342.jpg,3026,3008,right,False,2027,1164,2057,0,2007,success
PESPLANUS_0343,pes_planus,1,C:\Users\tahsinsoyak\Desktop\proje_github_clone\flatfoot_classifier\data\raw\duz_taban_PNG\PESPLANUS_0343.png,C:\Users\tahsinsoyak\Desktop\proje_github_clone\flatfoot_classifier\data\processed\pes_planus\PESPLANUS_0343.jpg,3026,3008,right,False,2066,1192,2096,127,2160,success
PESPLANUS_0345,pes_planus,1,C:\Users\tahsinsoyak\Desktop\proje_github_clone\flatfoot_classifier\data\raw\duz_taban_PNG\PESPLANUS_0345.png,C:\Users\tahsinsoyak\Desktop\proje_github_clone\flatfoot_classifier\data\processed\pes_planus\PESPLANUS_0345.jpg,3026,3008,left,True,2350,1476,2380,707,2740,success
PESPLANUS_0347,pes_planus,1,C:\Users\tahsinsoyak\Desktop\proje_github_clone\flatfoot_classifier\data\raw\duz_taban_PNG\PESPLANUS_0347.png,C:\Users\tahsinsoyak\Desktop\proje_github_clone\flatfoot_classifier\data\processed\pes_planus\PESPLANUS_0347.jpg,3026,3008,left,True,2366,1492,2396,856,2889,success
PESPLANUS_0350,pes_planus,1,C:\Users\tahsinsoyak\Desktop\proje_github_clone\flatfoot_classifier\data\raw\duz_taban_PNG\PESPLANUS_0350.png,C:\Users\tahsinsoyak\Desktop\proje_github_clone\flatfoot_classifier\data\processed\pes_planus\PESPLANUS_0350.jpg,3026,3008,right,False,1778,904,1808,214,2247,success
PESPLANUS_0351,pes_planus,1,C:\Users\tahsinsoyak\Desktop\proje_github_clone\flatfoot_classifier\data\raw\duz_taban_PNG\PESPLANUS_0351.png,C:\Users\tahsinsoyak\Desktop\proje_github_clone\flatfoot_classifier\data\processed\pes_planus\PESPLANUS_0351.jpg,3026,3008,left,True,1815,941,1845,713,2746,success
PESPLANUS_0352,pes_planus,1,C:\Users\tahsinsoyak\Desktop\proje_github_clone\flatfoot_classifier\data\raw\duz_taban_PNG\PESPLANUS_0352.png,C:\Users\tahsinsoyak\Desktop\proje_github_clone\flatfoot_classifier\data\processed\pes_planus\PESPLANUS_0352.jpg,3026,3008,right,False,1817,943,1847,395,2428,success
PESPLANUS_0353,pes_planus,1,C:\Users\tahsinsoyak\Desktop\proje_github_clone\flatfoot_classifier\data\raw\duz_taban_PNG\PESPLANUS_0353.png,C:\Users\tahsinsoyak\Desktop\proje_github_clone\flatfoot_classifier\data\processed\pes_planus\PESPLANUS_0353.jpg,3026,3008,left,True,2127,1253,2157,577,2610,success
PESPLANUS_0354,pes_planus,1,C:\Users\tahsinsoyak\Desktop\proje_github_clone\flatfoot_classifier\data\raw\duz_taban_PNG\PESPLANUS_0354.png,C:\Users\tahsinsoyak\Desktop\proje_github_clone\flatfoot_classifier\data\processed\pes_planus\PESPLANUS_0354.jpg,3026,3008,left,True,1859,985,1889,2,2035,success
PESPLANUS_0355,pes_planus,1,C:\Users\tahsinsoyak\Desktop\proje_github_clone\flatfoot_classifier\data\raw\duz_taban_PNG\PESPLANUS_0355.png,C:\Users\tahsinsoyak\Desktop\proje_github_clone\flatfoot_classifier\data\processed\pes_planus\PESPLANUS_0355.jpg,3026,3008,right,False,1862,988,1892,129,2162,success
PESPLANUS_0356,pes_planus,1,C:\Users\tahsinsoyak\Desktop\proje_github_clone\flatfoot_classifier\data\raw\duz_taban_PNG\PESPLANUS_0356.png,C:\Users\tahsinsoyak\Desktop\proje_github_clone\flatfoot_classifier\data\processed\pes_planus\PESPLANUS_0356.jpg,3026,3008,left,True,1910,1036,1940,338,2371,success
PESPLANUS_0357,pes_planus,1,C:\Users\tahsinsoyak\Desktop\proje_github_clone\flatfoot_classifier\data\raw\duz_taban_PNG\PESPLANUS_0357.png,C:\Users\tahsinsoyak\Desktop\proje_github_clone\flatfoot_classifier\data\processed\pes_planus\PESPLANUS_0357.jpg,3026,3008,right,False,1909,1035,1939,919,2952,success
PESPLANUS_0358,pes_planus,1,C:\Users\tahsinsoyak\Desktop\proje_github_clone\flatfoot_classifier\data\raw\duz_taban_PNG\PESPLANUS_0358.png,C:\Users\tahsinsoyak\Desktop\proje_github_clone\flatfoot_classifier\data\processed\pes_planus\PESPLANUS_0358.jpg,3026,3008,right,False,1431,558,1461,977,3008,success
PESPLANUS_0360,pes_planus,1,C:\Users\tahsinsoyak\Desktop\proje_github_clone\flatfoot_classifier\data\raw\duz_taban_PNG\PESPLANUS_0360.png,C:\Users\tahsinsoyak\Desktop\proje_github_clone\flatfoot_classifier\data\processed\pes_planus\PESPLANUS_0360.jpg,3026,3008,left,True,1455,581,1485,697,2730,success
PESPLANUS_0361,pes_planus,1,C:\Users\tahsinsoyak\Desktop\proje_github_clone\flatfoot_classifier\data\raw\duz_taban_PNG\PESPLANUS_0361.png,C:\Users\tahsinsoyak\Desktop\proje_github_clone\flatfoot_classifier\data\processed\pes_planus\PESPLANUS_0361.jpg,3026,3008,right,False,1499,625,1529,865,2898,success
PESPLANUS_0362,pes_planus,1,C:\Users\tahsinsoyak\Desktop\proje_github_clone\flatfoot_classifier\data\raw\duz_taban_PNG\PESPLANUS_0362.png,C:\Users\tahsinsoyak\Desktop\proje_github_clone\flatfoot_classifier\data\processed\pes_planus\PESPLANUS_0362.jpg,3026,3008,left,True,1463,590,1493,0,2032,success
PESPLANUS_0363,pes_planus,1,C:\Users\tahsinsoyak\Desktop\proje_github_clone\flatfoot_classifier\data\raw\duz_taban_PNG\PESPLANUS_0363.png,C:\Users\tahsinsoyak\Desktop\proje_github_clone\flatfoot_classifier\data\processed\pes_planus\PESPLANUS_0363.jpg,3026,3008,left,True,2200,1326,2230,202,2235,success
PESPLANUS_0364,pes_planus,1,C:\Users\tahsinsoyak\Desktop\proje_github_clone\flatfoot_classifier\data\raw\duz_taban_PNG\PESPLANUS_0364.png,C:\Users\tahsinsoyak\Desktop\proje_github_clone\flatfoot_classifier\data\processed\pes_planus\PESPLANUS_0364.jpg,3026,3008,left,True,2279,1405,2309,576,2609,success
PESPLANUS_0365,pes_planus,1,C:\Users\tahsinsoyak\Desktop\proje_github_clone\flatfoot_classifier\data\raw\duz_taban_PNG\PESPLANUS_0365.png,C:\Users\tahsinsoyak\Desktop\proje_github_clone\flatfoot_classifier\data\processed\pes_planus\PESPLANUS_0365.jpg,3026,3008,left,True,1361,487,1391,582,2615,success
PESPLANUS_0366,pes_planus,1,C:\Users\tahsinsoyak\Desktop\proje_github_clone\flatfoot_classifier\data\raw\duz_taban_PNG\PESPLANUS_0366.png,C:\Users\tahsinsoyak\Desktop\proje_github_clone\flatfoot_classifier\data\processed\pes_planus\PESPLANUS_0366.jpg,3026,3008,right,False,1361,487,1391,415,2448,success
PESPLANUS_0368,pes_planus,1,C:\Users\tahsinsoyak\Desktop\proje_github_clone\flatfoot_classifier\data\raw\duz_taban_PNG\PESPLANUS_0368.png,C:\Users\tahsinsoyak\Desktop\proje_github_clone\flatfoot_classifier\data\processed\pes_planus\PESPLANUS_0368.jpg,3026,3008,left,True,1659,785,1689,170,2203,success
PESPLANUS_0369,pes_planus,1,C:\Users\tahsinsoyak\Desktop\proje_github_clone\flatfoot_classifier\data\raw\duz_taban_PNG\PESPLANUS_0369.png,C:\Users\tahsinsoyak\Desktop\proje_github_clone\flatfoot_classifier\data\processed\pes_planus\PESPLANUS_0369.jpg,2647,3003,left,True,1948,1076,1978,232,2261,success
PESPLANUS_0370,pes_planus,1,C:\Users\tahsinsoyak\Desktop\proje_github_clone\flatfoot_classifier\data\raw\duz_taban_PNG\PESPLANUS_0370.png,C:\Users\tahsinsoyak\Desktop\proje_github_clone\flatfoot_classifier\data\processed\pes_planus\PESPLANUS_0370.jpg,2640,3003,right,False,1942,1076,1972,0,2015,success
PESPLANUS_0371,pes_planus,1,C:\Users\tahsinsoyak\Desktop\proje_github_clone\flatfoot_classifier\data\raw\duz_taban_PNG\PESPLANUS_0371.png,C:\Users\tahsinsoyak\Desktop\proje_github_clone\flatfoot_classifier\data\processed\pes_planus\PESPLANUS_0371.jpg,3026,3008,right,False,1958,1084,1988,219,2252,success
PESPLANUS_0372,pes_planus,1,C:\Users\tahsinsoyak\Desktop\proje_github_clone\flatfoot_classifier\data\raw\duz_taban_PNG\PESPLANUS_0372.png,C:\Users\tahsinsoyak\Desktop\proje_github_clone\flatfoot_classifier\data\processed\pes_planus\PESPLANUS_0372.jpg,3026,3008,left,True,1959,1085,1989,741,2774,success
PESPLANUS_0375,pes_planus,1,C:\Users\tahsinsoyak\Desktop\proje_github_clone\flatfoot_classifier\data\raw\duz_taban_PNG\PESPLANUS_0375.png,C:\Users\tahsinsoyak\Desktop\proje_github_clone\flatfoot_classifier\data\processed\pes_planus\PESPLANUS_0375.jpg,3026,3008,right,False,2112,1238,2142,247,2280,success
PESPLANUS_0376,pes_planus,1,C:\Users\tahsinsoyak\Desktop\proje_github_clone\flatfoot_classifier\data\raw\duz_taban_PNG\PESPLANUS_0376.png,C:\Users\tahsinsoyak\Desktop\proje_github_clone\flatfoot_classifier\data\processed\pes_planus\PESPLANUS_0376.jpg,3026,3008,left,True,2112,1238,2142,319,2352,success
PESPLANUS_0378,pes_planus,1,C:\Users\tahsinsoyak\Desktop\proje_github_clone\flatfoot_classifier\data\raw\duz_taban_PNG\PESPLANUS_0378.png,C:\Users\tahsinsoyak\Desktop\proje_github_clone\flatfoot_classifier\data\processed\pes_planus\PESPLANUS_0378.jpg,3026,3008,right,False,1806,932,1836,417,2450,success
PESPLANUS_0381,pes_planus,1,C:\Users\tahsinsoyak\Desktop\proje_github_clone\flatfoot_classifier\data\raw\duz_taban_PNG\PESPLANUS_0381.png,C:\Users\tahsinsoyak\Desktop\proje_github_clone\flatfoot_classifier\data\processed\pes_planus\PESPLANUS_0381.jpg,3026,3008,left,True,2222,1348,2252,506,2539,success
PESPLANUS_0382,pes_planus,1,C:\Users\tahsinsoyak\Desktop\proje_github_clone\flatfoot_classifier\data\raw\duz_taban_PNG\PESPLANUS_0382.png,C:\Users\tahsinsoyak\Desktop\proje_github_clone\flatfoot_classifier\data\processed\pes_planus\PESPLANUS_0382.jpg,3026,3008,right,False,2221,1347,2251,336,2369,success
PESPLANUS_0383,pes_planus,1,C:\Users\tahsinsoyak\Desktop\proje_github_clone\flatfoot_classifier\data\raw\duz_taban_PNG\PESPLANUS_0383.png,C:\Users\tahsinsoyak\Desktop\proje_github_clone\flatfoot_classifier\data\processed\pes_planus\PESPLANUS_0383.jpg,2602,3003,left,True,1790,918,1820,127,2156,success
PESPLANUS_0384,pes_planus,1,C:\Users\tahsinsoyak\Desktop\proje_github_clone\flatfoot_classifier\data\raw\duz_taban_PNG\PESPLANUS_0384.png,C:\Users\tahsinsoyak\Desktop\proje_github_clone\flatfoot_classifier\data\processed\pes_planus\PESPLANUS_0384.jpg,2644,3002,right,False,1817,945,1847,355,2384,success
PESPLANUS_0389,pes_planus,1,C:\Users\tahsinsoyak\Desktop\proje_github_clone\flatfoot_classifier\data\raw\duz_taban_PNG\PESPLANUS_0389.png,C:\Users\tahsinsoyak\Desktop\proje_github_clone\flatfoot_classifier\data\processed\pes_planus\PESPLANUS_0389.jpg,3026,3008,left,True,1996,1122,2026,483,2516,success
PESPLANUS_0391,pes_planus,1,C:\Users\tahsinsoyak\Desktop\proje_github_clone\flatfoot_classifier\data\raw\duz_taban_PNG\PESPLANUS_0391.png,C:\Users\tahsinsoyak\Desktop\proje_github_clone\flatfoot_classifier\data\processed\pes_planus\PESPLANUS_0391.jpg,3026,3008,right,False,2107,1233,2137,535,2568,success
PESPLANUS_0394,pes_planus,1,C:\Users\tahsinsoyak\Desktop\proje_github_clone\flatfoot_classifier\data\raw\duz_taban_PNG\PESPLANUS_0394.png,C:\Users\tahsinsoyak\Desktop\proje_github_clone\flatfoot_classifier\data\processed\pes_planus\PESPLANUS_0394.jpg,3026,3008,left,True,2084,1210,2114,505,2538,success
PESPLANUS_0395,pes_planus,1,C:\Users\tahsinsoyak\Desktop\proje_github_clone\flatfoot_classifier\data\raw\duz_taban_PNG\PESPLANUS_0395.png,C:\Users\tahsinsoyak\Desktop\proje_github_clone\flatfoot_classifier\data\processed\pes_planus\PESPLANUS_0395.jpg,3026,3008,left,True,2365,1491,2395,767,2800,success
PESPLANUS_0396,pes_planus,1,C:\Users\tahsinsoyak\Desktop\proje_github_clone\flatfoot_classifier\data\raw\duz_taban_PNG\PESPLANUS_0396.png,C:\Users\tahsinsoyak\Desktop\proje_github_clone\flatfoot_classifier\data\processed\pes_planus\PESPLANUS_0396.jpg,3026,3008,right,False,2366,1492,2396,322,2355,success
PESPLANUS_0397,pes_planus,1,C:\Users\tahsinsoyak\Desktop\proje_github_clone\flatfoot_classifier\data\raw\duz_taban_PNG\PESPLANUS_0397.png,C:\Users\tahsinsoyak\Desktop\proje_github_clone\flatfoot_classifier\data\processed\pes_planus\PESPLANUS_0397.jpg,3026,3008,left,True,1887,1013,1917,458,2491,success
PESPLANUS_0399,pes_planus,1,C:\Users\tahsinsoyak\Desktop\proje_github_clone\flatfoot_classifier\data\raw\duz_taban_PNG\PESPLANUS_0399.png,C:\Users\tahsinsoyak\Desktop\proje_github_clone\flatfoot_classifier\data\processed\pes_planus\PESPLANUS_0399.jpg,3026,3008,left,True,2355,1481,2385,388,2421,success
PESPLANUS_0400,pes_planus,1,C:\Users\tahsinsoyak\Desktop\proje_github_clone\flatfoot_classifier\data\raw\duz_taban_PNG\PESPLANUS_0400.png,C:\Users\tahsinsoyak\Desktop\proje_github_clone\flatfoot_classifier\data\processed\pes_planus\PESPLANUS_0400.jpg,3026,3008,right,False,2356,1482,2386,465,2498,success
PESPLANUS_0404,pes_planus,1,C:\Users\tahsinsoyak\Desktop\proje_github_clone\flatfoot_classifier\data\raw\duz_taban_PNG\PESPLANUS_0404.png,C:\Users\tahsinsoyak\Desktop\proje_github_clone\flatfoot_classifier\data\processed\pes_planus\PESPLANUS_0404.jpg,3026,3008,right,False,2075,1201,2105,165,2198,success
PESPLANUS_0405,pes_planus,1,C:\Users\tahsinsoyak\Desktop\proje_github_clone\flatfoot_classifier\data\raw\duz_taban_PNG\PESPLANUS_0405.png,C:\Users\tahsinsoyak\Desktop\proje_github_clone\flatfoot_classifier\data\processed\pes_planus\PESPLANUS_0405.jpg,3026,3008,left,True,2267,1393,2297,269,2302,success
PESPLANUS_0406,pes_planus,1,C:\Users\tahsinsoyak\Desktop\proje_github_clone\flatfoot_classifier\data\raw\duz_taban_PNG\PESPLANUS_0406.png,C:\Users\tahsinsoyak\Desktop\proje_github_clone\flatfoot_classifier\data\processed\pes_planus\PESPLANUS_0406.jpg,3026,3008,right,False,2266,1392,2296,540,2573,success
PESPLANUS_0408,pes_planus,1,C:\Users\tahsinsoyak\Desktop\proje_github_clone\flatfoot_classifier\data\raw\duz_taban_PNG\PESPLANUS_0408.png,C:\Users\tahsinsoyak\Desktop\proje_github_clone\flatfoot_classifier\data\processed\pes_planus\PESPLANUS_0408.jpg,3026,3008,right,False,1655,781,1685,236,2269,success
PESPLANUS_0409,pes_planus,1,C:\Users\tahsinsoyak\Desktop\proje_github_clone\flatfoot_classifier\data\raw\duz_taban_PNG\PESPLANUS_0409.png,C:\Users\tahsinsoyak\Desktop\proje_github_clone\flatfoot_classifier\data\processed\pes_planus\PESPLANUS_0409.jpg,3026,3008,left,True,1729,855,1759,96,2129,success
PESPLANUS_0410,pes_planus,1,C:\Users\tahsinsoyak\Desktop\proje_github_clone\flatfoot_classifier\data\raw\duz_taban_PNG\PESPLANUS_0410.png,C:\Users\tahsinsoyak\Desktop\proje_github_clone\flatfoot_classifier\data\processed\pes_planus\PESPLANUS_0410.jpg,3026,3008,right,False,1741,867,1771,492,2525,success
PESPLANUS_0412,pes_planus,1,C:\Users\tahsinsoyak\Desktop\proje_github_clone\flatfoot_classifier\data\raw\duz_taban_PNG\PESPLANUS_0412.png,C:\Users\tahsinsoyak\Desktop\proje_github_clone\flatfoot_classifier\data\processed\pes_planus\PESPLANUS_0412.jpg,3026,3008,right,False,1898,1024,1928,238,2271,success
PESPLANUS_0413,pes_planus,1,C:\Users\tahsinsoyak\Desktop\proje_github_clone\flatfoot_classifier\data\raw\duz_taban_PNG\PESPLANUS_0413.png,C:\Users\tahsinsoyak\Desktop\proje_github_clone\flatfoot_classifier\data\processed\pes_planus\PESPLANUS_0413.jpg,3026,3008,left,True,1815,941,1845,769,2802,success
PESPLANUS_0417,pes_planus,1,C:\Users\tahsinsoyak\Desktop\proje_github_clone\flatfoot_classifier\data\raw\duz_taban_PNG\PESPLANUS_0417.png,C:\Users\tahsinsoyak\Desktop\proje_github_clone\flatfoot_classifier\data\processed\pes_planus\PESPLANUS_0417.jpg,3026,3008,right,False,1806,940,1836,994,3008,success
PESPLANUS_0418,pes_planus,1,C:\Users\tahsinsoyak\Desktop\proje_github_clone\flatfoot_classifier\data\raw\duz_taban_PNG\PESPLANUS_0418.png,C:\Users\tahsinsoyak\Desktop\proje_github_clone\flatfoot_classifier\data\processed\pes_planus\PESPLANUS_0418.jpg,3026,3008,right,False,1807,933,1837,57,2090,success
PESPLANUS_0420,pes_planus,1,C:\Users\tahsinsoyak\Desktop\proje_github_clone\flatfoot_classifier\data\raw\duz_taban_PNG\PESPLANUS_0420.png,C:\Users\tahsinsoyak\Desktop\proje_github_clone\flatfoot_classifier\data\processed\pes_planus\PESPLANUS_0420.jpg,3026,3008,left,True,2368,1494,2398,412,2445,success
PESPLANUS_0421,pes_planus,1,C:\Users\tahsinsoyak\Desktop\proje_github_clone\flatfoot_classifier\data\raw\duz_taban_PNG\PESPLANUS_0421.png,C:\Users\tahsinsoyak\Desktop\proje_github_clone\flatfoot_classifier\data\processed\pes_planus\PESPLANUS_0421.jpg,3026,3008,right,False,2261,1387,2291,475,2508,success
PESPLANUS_0422,pes_planus,1,C:\Users\tahsinsoyak\Desktop\proje_github_clone\flatfoot_classifier\data\raw\duz_taban_PNG\PESPLANUS_0422.png,C:\Users\tahsinsoyak\Desktop\proje_github_clone\flatfoot_classifier\data\processed\pes_planus\PESPLANUS_0422.jpg,3026,3008,left,True,2263,1389,2293,505,2538,success
PESPLANUS_0423,pes_planus,1,C:\Users\tahsinsoyak\Desktop\proje_github_clone\flatfoot_classifier\data\raw\duz_taban_PNG\PESPLANUS_0423.png,C:\Users\tahsinsoyak\Desktop\proje_github_clone\flatfoot_classifier\data\processed\pes_planus\PESPLANUS_0423.jpg,3026,3008,left,True,1595,721,1625,577,2610,success
PESPLANUS_0424,pes_planus,1,C:\Users\tahsinsoyak\Desktop\proje_github_clone\flatfoot_classifier\data\raw\duz_taban_PNG\PESPLANUS_0424.png,C:\Users\tahsinsoyak\Desktop\proje_github_clone\flatfoot_classifier\data\processed\pes_planus\PESPLANUS_0424.jpg,3026,3008,right,False,1604,730,1634,299,2332,success
PESPLANUS_0425,pes_planus,1,C:\Users\tahsinsoyak\Desktop\proje_github_clone\flatfoot_classifier\data\raw\duz_taban_PNG\PESPLANUS_0425.png,C:\Users\tahsinsoyak\Desktop\proje_github_clone\flatfoot_classifier\data\processed\pes_planus\PESPLANUS_0425.jpg,3026,3008,right,False,2164,1290,2194,417,2450,success
PESPLANUS_0426,pes_planus,1,C:\Users\tahsinsoyak\Desktop\proje_github_clone\flatfoot_classifier\data\raw\duz_taban_PNG\PESPLANUS_0426.png,C:\Users\tahsinsoyak\Desktop\proje_github_clone\flatfoot_classifier\data\processed\pes_planus\PESPLANUS_0426.jpg,3026,3008,left,True,1760,886,1790,330,2363,success
PESPLANUS_0427,pes_planus,1,C:\Users\tahsinsoyak\Desktop\proje_github_clone\flatfoot_classifier\data\raw\duz_taban_PNG\PESPLANUS_0427.png,C:\Users\tahsinsoyak\Desktop\proje_github_clone\flatfoot_classifier\data\processed\pes_planus\PESPLANUS_0427.jpg,3026,3008,right,False,1760,886,1790,338,2371,success
PESPLANUS_0429,pes_planus,1,C:\Users\tahsinsoyak\Desktop\proje_github_clone\flatfoot_classifier\data\raw\duz_taban_PNG\PESPLANUS_0429.png,C:\Users\tahsinsoyak\Desktop\proje_github_clone\flatfoot_classifier\data\processed\pes_planus\PESPLANUS_0429.jpg,1366,3003,left,True,1040,168,1070,526,2555,success
PESPLANUS_0430,pes_planus,1,C:\Users\tahsinsoyak\Desktop\proje_github_clone\flatfoot_classifier\data\raw\duz_taban_PNG\PESPLANUS_0430.png,C:\Users\tahsinsoyak\Desktop\proje_github_clone\flatfoot_classifier\data\processed\pes_planus\PESPLANUS_0430.jpg,3026,3008,left,True,1983,1109,2013,131,2164,success
PESPLANUS_0431,pes_planus,1,C:\Users\tahsinsoyak\Desktop\proje_github_clone\flatfoot_classifier\data\raw\duz_taban_PNG\PESPLANUS_0431.png,C:\Users\tahsinsoyak\Desktop\proje_github_clone\flatfoot_classifier\data\processed\pes_planus\PESPLANUS_0431.jpg,3026,3008,right,False,2247,1373,2277,186,2219,success
PESPLANUS_0432,pes_planus,1,C:\Users\tahsinsoyak\Desktop\proje_github_clone\flatfoot_classifier\data\raw\duz_taban_PNG\PESPLANUS_0432.png,C:\Users\tahsinsoyak\Desktop\proje_github_clone\flatfoot_classifier\data\processed\pes_planus\PESPLANUS_0432.jpg,3026,3008,left,True,2126,1252,2156,395,2428,success
PESPLANUS_0433,pes_planus,1,C:\Users\tahsinsoyak\Desktop\proje_github_clone\flatfoot_classifier\data\raw\duz_taban_PNG\PESPLANUS_0433.png,C:\Users\tahsinsoyak\Desktop\proje_github_clone\flatfoot_classifier\data\processed\pes_planus\PESPLANUS_0433.jpg,3026,3008,left,True,2126,1252,2156,304,2337,success
PESPLANUS_0434,pes_planus,1,C:\Users\tahsinsoyak\Desktop\proje_github_clone\flatfoot_classifier\data\raw\duz_taban_PNG\PESPLANUS_0434.png,C:\Users\tahsinsoyak\Desktop\proje_github_clone\flatfoot_classifier\data\processed\pes_planus\PESPLANUS_0434.jpg,3026,3008,left,True,1768,894,1798,680,2713,success
PESPLANUS_0435,pes_planus,1,C:\Users\tahsinsoyak\Desktop\proje_github_clone\flatfoot_classifier\data\raw\duz_taban_PNG\PESPLANUS_0435.png,C:\Users\tahsinsoyak\Desktop\proje_github_clone\flatfoot_classifier\data\processed\pes_planus\PESPLANUS_0435.jpg,3026,3008,right,False,1767,893,1797,379,2412,success
PESPLANUS_0437,pes_planus,1,C:\Users\tahsinsoyak\Desktop\proje_github_clone\flatfoot_classifier\data\raw\duz_taban_PNG\PESPLANUS_0437.png,C:\Users\tahsinsoyak\Desktop\proje_github_clone\flatfoot_classifier\data\processed\pes_planus\PESPLANUS_0437.jpg,2285,2916,right,False,1667,820,1697,503,2474,success
PESPLANUS_0438,pes_planus,1,C:\Users\tahsinsoyak\Desktop\proje_github_clone\flatfoot_classifier\data\raw\duz_taban_PNG\PESPLANUS_0438.png,C:\Users\tahsinsoyak\Desktop\proje_github_clone\flatfoot_classifier\data\processed\pes_planus\PESPLANUS_0438.jpg,3026,3008,right,False,1891,1017,1921,466,2499,success
PESPLANUS_0440,pes_planus,1,C:\Users\tahsinsoyak\Desktop\proje_github_clone\flatfoot_classifier\data\raw\duz_taban_PNG\PESPLANUS_0440.png,C:\Users\tahsinsoyak\Desktop\proje_github_clone\flatfoot_classifier\data\processed\pes_planus\PESPLANUS_0440.jpg,3026,3008,left,True,2355,1481,2385,341,2374,success
PESPLANUS_0441,pes_planus,1,C:\Users\tahsinsoyak\Desktop\proje_github_clone\flatfoot_classifier\data\raw\duz_taban_PNG\PESPLANUS_0441.png,C:\Users\tahsinsoyak\Desktop\proje_github_clone\flatfoot_classifier\data\processed\pes_planus\PESPLANUS_0441.jpg,3026,3008,right,False,2353,1479,2383,446,2479,success
PESPLANUS_0443,pes_planus,1,C:\Users\tahsinsoyak\Desktop\proje_github_clone\flatfoot_classifier\data\raw\duz_taban_PNG\PESPLANUS_0443.png,C:\Users\tahsinsoyak\Desktop\proje_github_clone\flatfoot_classifier\data\processed\pes_planus\PESPLANUS_0443.jpg,3026,3008,left,True,2165,1291,2195,660,2693,success
PESPLANUS_0444,pes_planus,1,C:\Users\tahsinsoyak\Desktop\proje_github_clone\flatfoot_classifier\data\raw\duz_taban_PNG\PESPLANUS_0444.png,C:\Users\tahsinsoyak\Desktop\proje_github_clone\flatfoot_classifier\data\processed\pes_planus\PESPLANUS_0444.jpg,2031,3003,left,True,1397,525,1427,597,2626,success
PESPLANUS_0445,pes_planus,1,C:\Users\tahsinsoyak\Desktop\proje_github_clone\flatfoot_classifier\data\raw\duz_taban_PNG\PESPLANUS_0445.png,C:\Users\tahsinsoyak\Desktop\proje_github_clone\flatfoot_classifier\data\processed\pes_planus\PESPLANUS_0445.jpg,3026,3008,right,False,2016,1142,2046,354,2387,success
PESPLANUS_0446,pes_planus,1,C:\Users\tahsinsoyak\Desktop\proje_github_clone\flatfoot_classifier\data\raw\duz_taban_PNG\PESPLANUS_0446.png,C:\Users\tahsinsoyak\Desktop\proje_github_clone\flatfoot_classifier\data\processed\pes_planus\PESPLANUS_0446.jpg,3026,3008,left,True,2312,1438,2342,313,2346,success
PESPLANUS_0447,pes_planus,1,C:\Users\tahsinsoyak\Desktop\proje_github_clone\flatfoot_classifier\data\raw\duz_taban_PNG\PESPLANUS_0447.png,C:\Users\tahsinsoyak\Desktop\proje_github_clone\flatfoot_classifier\data\processed\pes_planus\PESPLANUS_0447.jpg,3026,3008,right,False,2304,1430,2334,788,2821,success
PESPLANUS_0448,pes_planus,1,C:\Users\tahsinsoyak\Desktop\proje_github_clone\flatfoot_classifier\data\raw\duz_taban_PNG\PESPLANUS_0448.png,C:\Users\tahsinsoyak\Desktop\proje_github_clone\flatfoot_classifier\data\processed\pes_planus\PESPLANUS_0448.jpg,3026,3008,left,True,2116,1242,2146,643,2676,success
PESPLANUS_0449,pes_planus,1,C:\Users\tahsinsoyak\Desktop\proje_github_clone\flatfoot_classifier\data\raw\duz_taban_PNG\PESPLANUS_0449.png,C:\Users\tahsinsoyak\Desktop\proje_github_clone\flatfoot_classifier\data\processed\pes_planus\PESPLANUS_0449.jpg,3026,3008,right,False,2119,1245,2149,280,2313,success
PESPLANUS_0450,pes_planus,1,C:\Users\tahsinsoyak\Desktop\proje_github_clone\flatfoot_classifier\data\raw\duz_taban_PNG\PESPLANUS_0450.png,C:\Users\tahsinsoyak\Desktop\proje_github_clone\flatfoot_classifier\data\processed\pes_planus\PESPLANUS_0450.jpg,3026,3008,right,False,2078,1204,2108,362,2395,success
PESPLANUS_0451,pes_planus,1,C:\Users\tahsinsoyak\Desktop\proje_github_clone\flatfoot_classifier\data\raw\duz_taban_PNG\PESPLANUS_0451.png,C:\Users\tahsinsoyak\Desktop\proje_github_clone\flatfoot_classifier\data\processed\pes_planus\PESPLANUS_0451.jpg,3026,3008,left,True,2288,1414,2318,560,2593,success
PESPLANUS_0452,pes_planus,1,C:\Users\tahsinsoyak\Desktop\proje_github_clone\flatfoot_classifier\data\raw\duz_taban_PNG\PESPLANUS_0452.png,C:\Users\tahsinsoyak\Desktop\proje_github_clone\flatfoot_classifier\data\processed\pes_planus\PESPLANUS_0452.jpg,3026,3008,right,False,1708,834,1738,313,2346,success
PESPLANUS_0453,pes_planus,1,C:\Users\tahsinsoyak\Desktop\proje_github_clone\flatfoot_classifier\data\raw\duz_taban_PNG\PESPLANUS_0453.png,C:\Users\tahsinsoyak\Desktop\proje_github_clone\flatfoot_classifier\data\processed\pes_planus\PESPLANUS_0453.jpg,3026,3008,left,True,1708,834,1738,548,2581,success
PESPLANUS_0454,pes_planus,1,C:\Users\tahsinsoyak\Desktop\proje_github_clone\flatfoot_classifier\data\raw\duz_taban_PNG\PESPLANUS_0454.png,C:\Users\tahsinsoyak\Desktop\proje_github_clone\flatfoot_classifier\data\processed\pes_planus\PESPLANUS_0454.jpg,3026,3008,left,True,2071,1197,2101,595,2628,success
PESPLANUS_0457,pes_planus,1,C:\Users\tahsinsoyak\Desktop\proje_github_clone\flatfoot_classifier\data\raw\duz_taban_PNG\PESPLANUS_0457.png,C:\Users\tahsinsoyak\Desktop\proje_github_clone\flatfoot_classifier\data\processed\pes_planus\PESPLANUS_0457.jpg,3026,3008,left,True,1801,927,1831,557,2590,success
PESPLANUS_0458,pes_planus,1,C:\Users\tahsinsoyak\Desktop\proje_github_clone\flatfoot_classifier\data\raw\duz_taban_PNG\PESPLANUS_0458.png,C:\Users\tahsinsoyak\Desktop\proje_github_clone\flatfoot_classifier\data\processed\pes_planus\PESPLANUS_0458.jpg,3026,3008,right,False,1703,829,1733,727,2760,success
PESPLANUS_0463,pes_planus,1,C:\Users\tahsinsoyak\Desktop\proje_github_clone\flatfoot_classifier\data\raw\duz_taban_PNG\PESPLANUS_0463.png,C:\Users\tahsinsoyak\Desktop\proje_github_clone\flatfoot_classifier\data\processed\pes_planus\PESPLANUS_0463.jpg,3026,3008,right,False,1740,866,1770,445,2478,success
PESPLANUS_0465,pes_planus,1,C:\Users\tahsinsoyak\Desktop\proje_github_clone\flatfoot_classifier\data\raw\duz_taban_PNG\PESPLANUS_0465.png,C:\Users\tahsinsoyak\Desktop\proje_github_clone\flatfoot_classifier\data\processed\pes_planus\PESPLANUS_0465.jpg,3026,3008,right,False,2343,1469,2373,481,2514,success
PESPLANUS_0466,pes_planus,1,C:\Users\tahsinsoyak\Desktop\proje_github_clone\flatfoot_classifier\data\raw\duz_taban_PNG\PESPLANUS_0466.png,C:\Users\tahsinsoyak\Desktop\proje_github_clone\flatfoot_classifier\data\processed\pes_planus\PESPLANUS_0466.jpg,3026,3008,left,True,2242,1368,2272,792,2825,success
PESPLANUS_0468,pes_planus,1,C:\Users\tahsinsoyak\Desktop\proje_github_clone\flatfoot_classifier\data\raw\duz_taban_PNG\PESPLANUS_0468.png,C:\Users\tahsinsoyak\Desktop\proje_github_clone\flatfoot_classifier\data\processed\pes_planus\PESPLANUS_0468.jpg,3026,3008,left,True,1778,904,1808,659,2692,success
PESPLANUS_0469,pes_planus,1,C:\Users\tahsinsoyak\Desktop\proje_github_clone\flatfoot_classifier\data\raw\duz_taban_PNG\PESPLANUS_0469.png,C:\Users\tahsinsoyak\Desktop\proje_github_clone\flatfoot_classifier\data\processed\pes_planus\PESPLANUS_0469.jpg,3026,3008,right,False,1780,906,1810,460,2493,success
PESPLANUS_0470,pes_planus,1,C:\Users\tahsinsoyak\Desktop\proje_github_clone\flatfoot_classifier\data\raw\duz_taban_PNG\PESPLANUS_0470.png,C:\Users\tahsinsoyak\Desktop\proje_github_clone\flatfoot_classifier\data\processed\pes_planus\PESPLANUS_0470.jpg,3026,3008,left,True,2049,1175,2079,145,2178,success
PESPLANUS_0471,pes_planus,1,C:\Users\tahsinsoyak\Desktop\proje_github_clone\flatfoot_classifier\data\raw\duz_taban_PNG\PESPLANUS_0471.png,C:\Users\tahsinsoyak\Desktop\proje_github_clone\flatfoot_classifier\data\processed\pes_planus\PESPLANUS_0471.jpg,3026,3008,right,False,2048,1174,2078,445,2478,success
PESPLANUS_0474,pes_planus,1,C:\Users\tahsinsoyak\Desktop\proje_github_clone\flatfoot_classifier\data\raw\duz_taban_PNG\PESPLANUS_0474.png,C:\Users\tahsinsoyak\Desktop\proje_github_clone\flatfoot_classifier\data\processed\pes_planus\PESPLANUS_0474.jpg,3026,3008,right,False,1467,593,1497,316,2349,success
PESPLANUS_0478,pes_planus,1,C:\Users\tahsinsoyak\Desktop\proje_github_clone\flatfoot_classifier\data\raw\duz_taban_PNG\PESPLANUS_0478.png,C:\Users\tahsinsoyak\Desktop\proje_github_clone\flatfoot_classifier\data\processed\pes_planus\PESPLANUS_0478.jpg,3026,3008,left,True,2343,1469,2373,443,2476,success
PESPLANUS_0479,pes_planus,1,C:\Users\tahsinsoyak\Desktop\proje_github_clone\flatfoot_classifier\data\raw\duz_taban_PNG\PESPLANUS_0479.png,C:\Users\tahsinsoyak\Desktop\proje_github_clone\flatfoot_classifier\data\processed\pes_planus\PESPLANUS_0479.jpg,3026,3008,right,False,2319,1445,2349,187,2220,success
PESPLANUS_0480,pes_planus,1,C:\Users\tahsinsoyak\Desktop\proje_github_clone\flatfoot_classifier\data\raw\duz_taban_PNG\PESPLANUS_0480.png,C:\Users\tahsinsoyak\Desktop\proje_github_clone\flatfoot_classifier\data\processed\pes_planus\PESPLANUS_0480.jpg,3026,3008,left,True,1663,789,1693,128,2161,success
PESPLANUS_0481,pes_planus,1,C:\Users\tahsinsoyak\Desktop\proje_github_clone\flatfoot_classifier\data\raw\duz_taban_PNG\PESPLANUS_0481.png,C:\Users\tahsinsoyak\Desktop\proje_github_clone\flatfoot_classifier\data\processed\pes_planus\PESPLANUS_0481.jpg,3026,3008,left,True,1660,786,1690,283,2316,success
PESPLANUS_0482,pes_planus,1,C:\Users\tahsinsoyak\Desktop\proje_github_clone\flatfoot_classifier\data\raw\duz_taban_PNG\PESPLANUS_0482.png,C:\Users\tahsinsoyak\Desktop\proje_github_clone\flatfoot_classifier\data\processed\pes_planus\PESPLANUS_0482.jpg,3026,3008,right,False,1973,1099,2003,481,2514,success
PESPLANUS_0483,pes_planus,1,C:\Users\tahsinsoyak\Desktop\proje_github_clone\flatfoot_classifier\data\raw\duz_taban_PNG\PESPLANUS_0483.png,C:\Users\tahsinsoyak\Desktop\proje_github_clone\flatfoot_classifier\data\processed\pes_planus\PESPLANUS_0483.jpg,3026,3008,left,True,1956,1082,1986,475,2508,success
PESPLANUS_0484,pes_planus,1,C:\Users\tahsinsoyak\Desktop\proje_github_clone\flatfoot_classifier\data\raw\duz_taban_PNG\PESPLANUS_0484.png,C:\Users\tahsinsoyak\Desktop\proje_github_clone\flatfoot_classifier\data\processed\pes_planus\PESPLANUS_0484.jpg,2250,3003,left,True,1427,555,1457,564,2593,success
PESPLANUS_0486,pes_planus,1,C:\Users\tahsinsoyak\Desktop\proje_github_clone\flatfoot_classifier\data\raw\duz_taban_PNG\PESPLANUS_0486.png,C:\Users\tahsinsoyak\Desktop\proje_github_clone\flatfoot_classifier\data\processed\pes_planus\PESPLANUS_0486.jpg,3026,3008,left,True,2121,1247,2151,495,2528,success
PESPLANUS_0487,pes_planus,1,C:\Users\tahsinsoyak\Desktop\proje_github_clone\flatfoot_classifier\data\raw\duz_taban_PNG\PESPLANUS_0487.png,C:\Users\tahsinsoyak\Desktop\proje_github_clone\flatfoot_classifier\data\processed\pes_planus\PESPLANUS_0487.jpg,3026,3008,right,False,2105,1231,2135,458,2491,success
PESPLANUS_0488,pes_planus,1,C:\Users\tahsinsoyak\Desktop\proje_github_clone\flatfoot_classifier\data\raw\duz_taban_PNG\PESPLANUS_0488.png,C:\Users\tahsinsoyak\Desktop\proje_github_clone\flatfoot_classifier\data\processed\pes_planus\PESPLANUS_0488.jpg,3026,3008,left,True,2137,1263,2167,369,2402,success
PESPLANUS_0491,pes_planus,1,C:\Users\tahsinsoyak\Desktop\proje_github_clone\flatfoot_classifier\data\raw\duz_taban_PNG\PESPLANUS_0491.png,C:\Users\tahsinsoyak\Desktop\proje_github_clone\flatfoot_classifier\data\processed\pes_planus\PESPLANUS_0491.jpg,3026,3008,right,False,1557,683,1587,146,2179,success
PESPLANUS_0494,pes_planus,1,C:\Users\tahsinsoyak\Desktop\proje_github_clone\flatfoot_classifier\data\raw\duz_taban_PNG\PESPLANUS_0494.png,C:\Users\tahsinsoyak\Desktop\proje_github_clone\flatfoot_classifier\data\processed\pes_planus\PESPLANUS_0494.jpg,3026,3008,left,True,1756,882,1786,274,2307,success
PESPLANUS_0495,pes_planus,1,C:\Users\tahsinsoyak\Desktop\proje_github_clone\flatfoot_classifier\data\raw\duz_taban_PNG\PESPLANUS_0495.png,C:\Users\tahsinsoyak\Desktop\proje_github_clone\flatfoot_classifier\data\processed\pes_planus\PESPLANUS_0495.jpg,3026,3008,right,False,1757,883,1787,266,2299,success
PESPLANUS_0496,pes_planus,1,C:\Users\tahsinsoyak\Desktop\proje_github_clone\flatfoot_classifier\data\raw\duz_taban_PNG\PESPLANUS_0496.png,C:\Users\tahsinsoyak\Desktop\proje_github_clone\flatfoot_classifier\data\processed\pes_planus\PESPLANUS_0496.jpg,3026,3008,right,False,1567,693,1597,423,2456,success
PESPLANUS_0498,pes_planus,1,C:\Users\tahsinsoyak\Desktop\proje_github_clone\flatfoot_classifier\data\raw\duz_taban_PNG\PESPLANUS_0498.png,C:\Users\tahsinsoyak\Desktop\proje_github_clone\flatfoot_classifier\data\processed\pes_planus\PESPLANUS_0498.jpg,3026,3008,right,False,1762,888,1792,103,2136,success
PESPLANUS_0500,pes_planus,1,C:\Users\tahsinsoyak\Desktop\proje_github_clone\flatfoot_classifier\data\raw\duz_taban_PNG\PESPLANUS_0500.png,C:\Users\tahsinsoyak\Desktop\proje_github_clone\flatfoot_classifier\data\processed\pes_planus\PESPLANUS_0500.jpg,3026,3008,left,True,2261,1387,2291,580,2613,success
PESPLANUS_0501,pes_planus,1,C:\Users\tahsinsoyak\Desktop\proje_github_clone\flatfoot_classifier\data\raw\duz_taban_PNG\PESPLANUS_0501.png,C:\Users\tahsinsoyak\Desktop\proje_github_clone\flatfoot_classifier\data\processed\pes_planus\PESPLANUS_0501.jpg,3026,3008,right,False,2261,1387,2291,221,2254,success
PESPLANUS_0502,pes_planus,1,C:\Users\tahsinsoyak\Desktop\proje_github_clone\flatfoot_classifier\data\raw\duz_taban_PNG\PESPLANUS_0502.png,C:\Users\tahsinsoyak\Desktop\proje_github_clone\flatfoot_classifier\data\processed\pes_planus\PESPLANUS_0502.jpg,3026,3008,left,True,2354,1480,2384,506,2539,success
PESPLANUS_0504,pes_planus,1,C:\Users\tahsinsoyak\Desktop\proje_github_clone\flatfoot_classifier\data\raw\duz_taban_PNG\PESPLANUS_0504.png,C:\Users\tahsinsoyak\Desktop\proje_github_clone\flatfoot_classifier\data\processed\pes_planus\PESPLANUS_0504.jpg,3026,3008,left,True,1678,804,1708,482,2515,success
PESPLANUS_0507,pes_planus,1,C:\Users\tahsinsoyak\Desktop\proje_github_clone\flatfoot_classifier\data\raw\duz_taban_PNG\PESPLANUS_0507.png,C:\Users\tahsinsoyak\Desktop\proje_github_clone\flatfoot_classifier\data\processed\pes_planus\PESPLANUS_0507.jpg,3026,3008,right,False,2127,1253,2157,416,2449,success
PESPLANUS_0508,pes_planus,1,C:\Users\tahsinsoyak\Desktop\proje_github_clone\flatfoot_classifier\data\raw\duz_taban_PNG\PESPLANUS_0508.png,C:\Users\tahsinsoyak\Desktop\proje_github_clone\flatfoot_classifier\data\processed\pes_planus\PESPLANUS_0508.jpg,3026,3008,left,True,1826,952,1856,491,2524,success
PESPLANUS_0512,pes_planus,1,C:\Users\tahsinsoyak\Desktop\proje_github_clone\flatfoot_classifier\data\raw\duz_taban_PNG\PESPLANUS_0512.png,C:\Users\tahsinsoyak\Desktop\proje_github_clone\flatfoot_classifier\data\processed\pes_planus\PESPLANUS_0512.jpg,3026,3008,right,False,2124,1250,2154,334,2367,success
PESPLANUS_0513,pes_planus,1,C:\Users\tahsinsoyak\Desktop\proje_github_clone\flatfoot_classifier\data\raw\duz_taban_PNG\PESPLANUS_0513.png,C:\Users\tahsinsoyak\Desktop\proje_github_clone\flatfoot_classifier\data\processed\pes_planus\PESPLANUS_0513.jpg,3026,3008,left,True,2121,1247,2151,696,2729,success
PESPLANUS_0514,pes_planus,1,C:\Users\tahsinsoyak\Desktop\proje_github_clone\flatfoot_classifier\data\raw\duz_taban_PNG\PESPLANUS_0514.png,C:\Users\tahsinsoyak\Desktop\proje_github_clone\flatfoot_classifier\data\processed\pes_planus\PESPLANUS_0514.jpg,3026,3008,left,True,1745,871,1775,369,2402,success
PESPLANUS_0515,pes_planus,1,C:\Users\tahsinsoyak\Desktop\proje_github_clone\flatfoot_classifier\data\raw\duz_taban_PNG\PESPLANUS_0515.png,C:\Users\tahsinsoyak\Desktop\proje_github_clone\flatfoot_classifier\data\processed\pes_planus\PESPLANUS_0515.jpg,3026,3008,right,False,1746,872,1776,23,2056,success
PESPLANUS_0516,pes_planus,1,C:\Users\tahsinsoyak\Desktop\proje_github_clone\flatfoot_classifier\data\raw\duz_taban_PNG\PESPLANUS_0516.png,C:\Users\tahsinsoyak\Desktop\proje_github_clone\flatfoot_classifier\data\processed\pes_planus\PESPLANUS_0516.jpg,3026,3008,left,True,1687,813,1717,186,2219,success
PESPLANUS_0517,pes_planus,1,C:\Users\tahsinsoyak\Desktop\proje_github_clone\flatfoot_classifier\data\raw\duz_taban_PNG\PESPLANUS_0517.png,C:\Users\tahsinsoyak\Desktop\proje_github_clone\flatfoot_classifier\data\processed\pes_planus\PESPLANUS_0517.jpg,3026,3008,right,False,1687,813,1717,166,2199,success
PESPLANUS_0518,pes_planus,1,C:\Users\tahsinsoyak\Desktop\proje_github_clone\flatfoot_classifier\data\raw\duz_taban_PNG\PESPLANUS_0518.png,C:\Users\tahsinsoyak\Desktop\proje_github_clone\flatfoot_classifier\data\processed\pes_planus\PESPLANUS_0518.jpg,3026,3008,right,False,1755,881,1785,605,2638,success
PESPLANUS_0519,pes_planus,1,C:\Users\tahsinsoyak\Desktop\proje_github_clone\flatfoot_classifier\data\raw\duz_taban_PNG\PESPLANUS_0519.png,C:\Users\tahsinsoyak\Desktop\proje_github_clone\flatfoot_classifier\data\processed\pes_planus\PESPLANUS_0519.jpg,3026,3008,left,True,1719,845,1749,507,2540,success
PESPLANUS_0520,pes_planus,1,C:\Users\tahsinsoyak\Desktop\proje_github_clone\flatfoot_classifier\data\raw\duz_taban_PNG\PESPLANUS_0520.png,C:\Users\tahsinsoyak\Desktop\proje_github_clone\flatfoot_classifier\data\processed\pes_planus\PESPLANUS_0520.jpg,3026,3008,right,False,1720,846,1750,646,2679,success
PESPLANUS_0522,pes_planus,1,C:\Users\tahsinsoyak\Desktop\proje_github_clone\flatfoot_classifier\data\raw\duz_taban_PNG\PESPLANUS_0522.png,C:\Users\tahsinsoyak\Desktop\proje_github_clone\flatfoot_classifier\data\processed\pes_planus\PESPLANUS_0522.jpg,3026,3008,left,True,1580,706,1610,625,2658,success
PESPLANUS_0523,pes_planus,1,C:\Users\tahsinsoyak\Desktop\proje_github_clone\flatfoot_classifier\data\raw\duz_taban_PNG\PESPLANUS_0523.png,C:\Users\tahsinsoyak\Desktop\proje_github_clone\flatfoot_classifier\data\processed\pes_planus\PESPLANUS_0523.jpg,3026,3008,right,False,1577,703,1607,249,2282,success
PESPLANUS_0524,pes_planus,1,C:\Users\tahsinsoyak\Desktop\proje_github_clone\flatfoot_classifier\data\raw\duz_taban_PNG\PESPLANUS_0524.png,C:\Users\tahsinsoyak\Desktop\proje_github_clone\flatfoot_classifier\data\processed\pes_planus\PESPLANUS_0524.jpg,3026,3008,left,True,1717,843,1747,316,2349,success
PESPLANUS_0526,pes_planus,1,C:\Users\tahsinsoyak\Desktop\proje_github_clone\flatfoot_classifier\data\raw\duz_taban_PNG\PESPLANUS_0526.png,C:\Users\tahsinsoyak\Desktop\proje_github_clone\flatfoot_classifier\data\processed\pes_planus\PESPLANUS_0526.jpg,3026,3008,left,True,1799,925,1829,226,2259,success
PESPLANUS_0527,pes_planus,1,C:\Users\tahsinsoyak\Desktop\proje_github_clone\flatfoot_classifier\data\raw\duz_taban_PNG\PESPLANUS_0527.png,C:\Users\tahsinsoyak\Desktop\proje_github_clone\flatfoot_classifier\data\processed\pes_planus\PESPLANUS_0527.jpg,3026,3008,right,False,1881,1007,1911,194,2227,success
PESPLANUS_0528,pes_planus,1,C:\Users\tahsinsoyak\Desktop\proje_github_clone\flatfoot_classifier\data\raw\duz_taban_PNG\PESPLANUS_0528.png,C:\Users\tahsinsoyak\Desktop\proje_github_clone\flatfoot_classifier\data\processed\pes_planus\PESPLANUS_0528.jpg,3026,3008,left,True,1367,493,1397,537,2570,success
PESPLANUS_0529,pes_planus,1,C:\Users\tahsinsoyak\Desktop\proje_github_clone\flatfoot_classifier\data\raw\duz_taban_PNG\PESPLANUS_0529.png,C:\Users\tahsinsoyak\Desktop\proje_github_clone\flatfoot_classifier\data\processed\pes_planus\PESPLANUS_0529.jpg,3026,3008,right,False,1367,493,1397,379,2412,success
PESPLANUS_0530,pes_planus,1,C:\Users\tahsinsoyak\Desktop\proje_github_clone\flatfoot_classifier\data\raw\duz_taban_PNG\PESPLANUS_0530.png,C:\Users\tahsinsoyak\Desktop\proje_github_clone\flatfoot_classifier\data\processed\pes_planus\PESPLANUS_0530.jpg,3026,3008,left,True,1778,904,1808,563,2596,success
PESPLANUS_0531,pes_planus,1,C:\Users\tahsinsoyak\Desktop\proje_github_clone\flatfoot_classifier\data\raw\duz_taban_PNG\PESPLANUS_0531.png,C:\Users\tahsinsoyak\Desktop\proje_github_clone\flatfoot_classifier\data\processed\pes_planus\PESPLANUS_0531.jpg,3026,3008,right,False,1778,904,1808,489,2522,success
PESPLANUS_0532,pes_planus,1,C:\Users\tahsinsoyak\Desktop\proje_github_clone\flatfoot_classifier\data\raw\duz_taban_PNG\PESPLANUS_0532.png,C:\Users\tahsinsoyak\Desktop\proje_github_clone\flatfoot_classifier\data\processed\pes_planus\PESPLANUS_0532.jpg,3026,3008,left,True,2032,1158,2062,764,2797,success
PESPLANUS_0533,pes_planus,1,C:\Users\tahsinsoyak\Desktop\proje_github_clone\flatfoot_classifier\data\raw\duz_taban_PNG\PESPLANUS_0533.png,C:\Users\tahsinsoyak\Desktop\proje_github_clone\flatfoot_classifier\data\processed\pes_planus\PESPLANUS_0533.jpg,3026,3008,right,False,2067,1193,2097,496,2529,success
PESPLANUS_0534,pes_planus,1,C:\Users\tahsinsoyak\Desktop\proje_github_clone\flatfoot_classifier\data\raw\duz_taban_PNG\PESPLANUS_0534.png,C:\Users\tahsinsoyak\Desktop\proje_github_clone\flatfoot_classifier\data\processed\pes_planus\PESPLANUS_0534.jpg,3026,3008,left,True,2342,1468,2372,794,2827,success
PESPLANUS_0535,pes_planus,1,C:\Users\tahsinsoyak\Desktop\proje_github_clone\flatfoot_classifier\data\raw\duz_taban_PNG\PESPLANUS_0535.png,C:\Users\tahsinsoyak\Desktop\proje_github_clone\flatfoot_classifier\data\processed\pes_planus\PESPLANUS_0535.jpg,3026,3008,right,False,2343,1469,2373,140,2173,success
PESPLANUS_0536,pes_planus,1,C:\Users\tahsinsoyak\Desktop\proje_github_clone\flatfoot_classifier\data\raw\duz_taban_PNG\PESPLANUS_0536.png,C:\Users\tahsinsoyak\Desktop\proje_github_clone\flatfoot_classifier\data\processed\pes_planus\PESPLANUS_0536.jpg,3026,3008,right,False,1486,612,1516,283,2316,success
PESPLANUS_0537,pes_planus,1,C:\Users\tahsinsoyak\Desktop\proje_github_clone\flatfoot_classifier\data\raw\duz_taban_PNG\PESPLANUS_0537.png,C:\Users\tahsinsoyak\Desktop\proje_github_clone\flatfoot_classifier\data\processed\pes_planus\PESPLANUS_0537.jpg,3026,3008,left,True,1486,612,1516,659,2692,success
PESPLANUS_0538,pes_planus,1,C:\Users\tahsinsoyak\Desktop\proje_github_clone\flatfoot_classifier\data\raw\duz_taban_PNG\PESPLANUS_0538.png,C:\Users\tahsinsoyak\Desktop\proje_github_clone\flatfoot_classifier\data\processed\pes_planus\PESPLANUS_0538.jpg,3026,3008,left,True,1915,1041,1945,673,2706,success
PESPLANUS_0539,pes_planus,1,C:\Users\tahsinsoyak\Desktop\proje_github_clone\flatfoot_classifier\data\raw\duz_taban_PNG\PESPLANUS_0539.png,C:\Users\tahsinsoyak\Desktop\proje_github_clone\flatfoot_classifier\data\processed\pes_planus\PESPLANUS_0539.jpg,3026,3008,right,False,1914,1040,1944,386,2419,success
PESPLANUS_0540,pes_planus,1,C:\Users\tahsinsoyak\Desktop\proje_github_clone\flatfoot_classifier\data\raw\duz_taban_PNG\PESPLANUS_0540.png,C:\Users\tahsinsoyak\Desktop\proje_github_clone\flatfoot_classifier\data\processed\pes_planus\PESPLANUS_0540.jpg,2038,2320,left,True,1514,840,1544,646,2215,success
PESPLANUS_0542,pes_planus,1,C:\Users\tahsinsoyak\Desktop\proje_github_clone\flatfoot_classifier\data\raw\duz_taban_PNG\PESPLANUS_0542.png,C:\Users\tahsinsoyak\Desktop\proje_github_clone\flatfoot_classifier\data\processed\pes_planus\PESPLANUS_0542.jpg,3026,3008,left,True,1850,976,1880,524,2557,success
PESPLANUS_0543,pes_planus,1,C:\Users\tahsinsoyak\Desktop\proje_github_clone\flatfoot_classifier\data\raw\duz_taban_PNG\PESPLANUS_0543.png,C:\Users\tahsinsoyak\Desktop\proje_github_clone\flatfoot_classifier\data\processed\pes_planus\PESPLANUS_0543.jpg,3026,3008,right,False,1852,978,1882,487,2520,success
PESPLANUS_0544,pes_planus,1,C:\Users\tahsinsoyak\Desktop\proje_github_clone\flatfoot_classifier\data\raw\duz_taban_PNG\PESPLANUS_0544.png,C:\Users\tahsinsoyak\Desktop\proje_github_clone\flatfoot_classifier\data\processed\pes_planus\PESPLANUS_0544.jpg,3026,3008,left,True,1795,921,1825,319,2352,success
PESPLANUS_0545,pes_planus,1,C:\Users\tahsinsoyak\Desktop\proje_github_clone\flatfoot_classifier\data\raw\duz_taban_PNG\PESPLANUS_0545.png,C:\Users\tahsinsoyak\Desktop\proje_github_clone\flatfoot_classifier\data\processed\pes_planus\PESPLANUS_0545.jpg,3026,3008,right,False,1815,941,1845,277,2310,success
PESPLANUS_0546,pes_planus,1,C:\Users\tahsinsoyak\Desktop\proje_github_clone\flatfoot_classifier\data\raw\duz_taban_PNG\PESPLANUS_0546.png,C:\Users\tahsinsoyak\Desktop\proje_github_clone\flatfoot_classifier\data\processed\pes_planus\PESPLANUS_0546.jpg,3026,3008,left,True,2184,1310,2214,712,2745,success
PESPLANUS_0548,pes_planus,1,C:\Users\tahsinsoyak\Desktop\proje_github_clone\flatfoot_classifier\data\raw\duz_taban_PNG\PESPLANUS_0548.png,C:\Users\tahsinsoyak\Desktop\proje_github_clone\flatfoot_classifier\data\processed\pes_planus\PESPLANUS_0548.jpg,3026,3008,right,False,1839,965,1869,600,2633,success
PESPLANUS_0549,pes_planus,1,C:\Users\tahsinsoyak\Desktop\proje_github_clone\flatfoot_classifier\data\raw\duz_taban_PNG\PESPLANUS_0549.png,C:\Users\tahsinsoyak\Desktop\proje_github_clone\flatfoot_classifier\data\processed\pes_planus\PESPLANUS_0549.jpg,3026,3008,left,True,1830,956,1860,494,2527,success
PESPLANUS_0550,pes_planus,1,C:\Users\tahsinsoyak\Desktop\proje_github_clone\flatfoot_classifier\data\raw\duz_taban_PNG\PESPLANUS_0550.png,C:\Users\tahsinsoyak\Desktop\proje_github_clone\flatfoot_classifier\data\processed\pes_planus\PESPLANUS_0550.jpg,3026,3008,left,True,2084,1210,2114,60,2093,success
PESPLANUS_0552,pes_planus,1,C:\Users\tahsinsoyak\Desktop\proje_github_clone\flatfoot_classifier\data\raw\duz_taban_PNG\PESPLANUS_0552.png,C:\Users\tahsinsoyak\Desktop\proje_github_clone\flatfoot_classifier\data\processed\pes_planus\PESPLANUS_0552.jpg,3026,3008,left,True,1690,816,1720,455,2488,success
PESPLANUS_0553,pes_planus,1,C:\Users\tahsinsoyak\Desktop\proje_github_clone\flatfoot_classifier\data\raw\duz_taban_PNG\PESPLANUS_0553.png,C:\Users\tahsinsoyak\Desktop\proje_github_clone\flatfoot_classifier\data\processed\pes_planus\PESPLANUS_0553.jpg,3026,3008,right,False,1689,815,1719,267,2300,success
PESPLANUS_0555,pes_planus,1,C:\Users\tahsinsoyak\Desktop\proje_github_clone\flatfoot_classifier\data\raw\duz_taban_PNG\PESPLANUS_0555.png,C:\Users\tahsinsoyak\Desktop\proje_github_clone\flatfoot_classifier\data\processed\pes_planus\PESPLANUS_0555.jpg,3026,3008,left,True,2326,1452,2356,701,2734,success
PESPLANUS_0558,pes_planus,1,C:\Users\tahsinsoyak\Desktop\proje_github_clone\flatfoot_classifier\data\raw\duz_taban_PNG\PESPLANUS_0558.png,C:\Users\tahsinsoyak\Desktop\proje_github_clone\flatfoot_classifier\data\processed\pes_planus\PESPLANUS_0558.jpg,3026,3008,right,False,2228,1354,2258,445,2478,success
PESPLANUS_0559,pes_planus,1,C:\Users\tahsinsoyak\Desktop\proje_github_clone\flatfoot_classifier\data\raw\duz_taban_PNG\PESPLANUS_0559.png,C:\Users\tahsinsoyak\Desktop\proje_github_clone\flatfoot_classifier\data\processed\pes_planus\PESPLANUS_0559.jpg,3026,3008,left,True,2221,1347,2251,508,2541,success
PESPLANUS_0560,pes_planus,1,C:\Users\tahsinsoyak\Desktop\proje_github_clone\flatfoot_classifier\data\raw\duz_taban_PNG\PESPLANUS_0560.png,C:\Users\tahsinsoyak\Desktop\proje_github_clone\flatfoot_classifier\data\processed\pes_planus\PESPLANUS_0560.jpg,2142,3003,right,False,1603,731,1633,214,2243,success
PESPLANUS_0568,pes_planus,1,C:\Users\tahsinsoyak\Desktop\proje_github_clone\flatfoot_classifier\data\raw\duz_taban_PNG\PESPLANUS_0568.png,C:\Users\tahsinsoyak\Desktop\proje_github_clone\flatfoot_classifier\data\processed\pes_planus\PESPLANUS_0568.jpg,3026,3008,left,True,2071,1197,2101,353,2386,success
PESPLANUS_0569,pes_planus,1,C:\Users\tahsinsoyak\Desktop\proje_github_clone\flatfoot_classifier\data\raw\duz_taban_PNG\PESPLANUS_0569.png,C:\Users\tahsinsoyak\Desktop\proje_github_clone\flatfoot_classifier\data\processed\pes_planus\PESPLANUS_0569.jpg,3026,3008,right,False,2072,1198,2102,65,2098,success
PESPLANUS_0570,pes_planus,1,C:\Users\tahsinsoyak\Desktop\proje_github_clone\flatfoot_classifier\data\raw\duz_taban_PNG\PESPLANUS_0570.png,C:\Users\tahsinsoyak\Desktop\proje_github_clone\flatfoot_classifier\data\processed\pes_planus\PESPLANUS_0570.jpg,3026,3008,left,True,1784,910,1814,420,2453,success
PESPLANUS_0571,pes_planus,1,C:\Users\tahsinsoyak\Desktop\proje_github_clone\flatfoot_classifier\data\raw\duz_taban_PNG\PESPLANUS_0571.png,C:\Users\tahsinsoyak\Desktop\proje_github_clone\flatfoot_classifier\data\processed\pes_planus\PESPLANUS_0571.jpg,3026,3008,right,False,1785,911,1815,271,2304,success
PESPLANUS_0572,pes_planus,1,C:\Users\tahsinsoyak\Desktop\proje_github_clone\flatfoot_classifier\data\raw\duz_taban_PNG\PESPLANUS_0572.png,C:\Users\tahsinsoyak\Desktop\proje_github_clone\flatfoot_classifier\data\processed\pes_planus\PESPLANUS_0572.jpg,3026,3008,right,False,2397,1523,2427,377,2410,success
PESPLANUS_0573,pes_planus,1,C:\Users\tahsinsoyak\Desktop\proje_github_clone\flatfoot_classifier\data\raw\duz_taban_PNG\PESPLANUS_0573.png,C:\Users\tahsinsoyak\Desktop\proje_github_clone\flatfoot_classifier\data\processed\pes_planus\PESPLANUS_0573.jpg,3026,3008,left,True,2397,1523,2427,601,2634,success
PESPLANUS_0576,pes_planus,1,C:\Users\tahsinsoyak\Desktop\proje_github_clone\flatfoot_classifier\data\raw\duz_taban_PNG\PESPLANUS_0576.png,C:\Users\tahsinsoyak\Desktop\proje_github_clone\flatfoot_classifier\data\processed\pes_planus\PESPLANUS_0576.jpg,3026,3008,left,True,2201,1327,2231,458,2491,success
PESPLANUS_0577,pes_planus,1,C:\Users\tahsinsoyak\Desktop\proje_github_clone\flatfoot_classifier\data\raw\duz_taban_PNG\PESPLANUS_0577.png,C:\Users\tahsinsoyak\Desktop\proje_github_clone\flatfoot_classifier\data\processed\pes_planus\PESPLANUS_0577.jpg,3026,3008,left,True,2200,1326,2230,201,2234,success
PESPLANUS_0579,pes_planus,1,C:\Users\tahsinsoyak\Desktop\proje_github_clone\flatfoot_classifier\data\raw\duz_taban_PNG\PESPLANUS_0579.png,C:\Users\tahsinsoyak\Desktop\proje_github_clone\flatfoot_classifier\data\processed\pes_planus\PESPLANUS_0579.jpg,3026,3008,right,False,2378,1504,2408,130,2163,success
PESPLANUS_0580,pes_planus,1,C:\Users\tahsinsoyak\Desktop\proje_github_clone\flatfoot_classifier\data\raw\duz_taban_PNG\PESPLANUS_0580.png,C:\Users\tahsinsoyak\Desktop\proje_github_clone\flatfoot_classifier\data\processed\pes_planus\PESPLANUS_0580.jpg,3026,3008,right,False,1892,1018,1922,23,2056,success
PESPLANUS_0581,pes_planus,1,C:\Users\tahsinsoyak\Desktop\proje_github_clone\flatfoot_classifier\data\raw\duz_taban_PNG\PESPLANUS_0581.png,C:\Users\tahsinsoyak\Desktop\proje_github_clone\flatfoot_classifier\data\processed\pes_planus\PESPLANUS_0581.jpg,3026,3008,right,False,1903,1029,1933,971,3004,success
PESPLANUS_0582,pes_planus,1,C:\Users\tahsinsoyak\Desktop\proje_github_clone\flatfoot_classifier\data\raw\duz_taban_PNG\PESPLANUS_0582.png,C:\Users\tahsinsoyak\Desktop\proje_github_clone\flatfoot_classifier\data\processed\pes_planus\PESPLANUS_0582.jpg,3026,3008,left,True,2096,1222,2126,234,2267,success
PESPLANUS_0583,pes_planus,1,C:\Users\tahsinsoyak\Desktop\proje_github_clone\flatfoot_classifier\data\raw\duz_taban_PNG\PESPLANUS_0583.png,C:\Users\tahsinsoyak\Desktop\proje_github_clone\flatfoot_classifier\data\processed\pes_planus\PESPLANUS_0583.jpg,3026,3008,right,False,2096,1222,2126,378,2411,success
PESPLANUS_0584,pes_planus,1,C:\Users\tahsinsoyak\Desktop\proje_github_clone\flatfoot_classifier\data\raw\duz_taban_PNG\PESPLANUS_0584.png,C:\Users\tahsinsoyak\Desktop\proje_github_clone\flatfoot_classifier\data\processed\pes_planus\PESPLANUS_0584.jpg,3026,3008,right,False,2305,1431,2335,287,2320,success
PESPLANUS_0585,pes_planus,1,C:\Users\tahsinsoyak\Desktop\proje_github_clone\flatfoot_classifier\data\raw\duz_taban_PNG\PESPLANUS_0585.png,C:\Users\tahsinsoyak\Desktop\proje_github_clone\flatfoot_classifier\data\processed\pes_planus\PESPLANUS_0585.jpg,3026,3008,left,True,2307,1433,2337,544,2577,success
PESPLANUS_0586,pes_planus,1,C:\Users\tahsinsoyak\Desktop\proje_github_clone\flatfoot_classifier\data\raw\duz_taban_PNG\PESPLANUS_0586.png,C:\Users\tahsinsoyak\Desktop\proje_github_clone\flatfoot_classifier\data\processed\pes_planus\PESPLANUS_0586.jpg,3026,3008,right,False,2034,1160,2064,178,2211,success
PESPLANUS_0587,pes_planus,1,C:\Users\tahsinsoyak\Desktop\proje_github_clone\flatfoot_classifier\data\raw\duz_taban_PNG\PESPLANUS_0587.png,C:\Users\tahsinsoyak\Desktop\proje_github_clone\flatfoot_classifier\data\processed\pes_planus\PESPLANUS_0587.jpg,3026,3008,left,True,2035,1161,2065,620,2653,success
PESPLANUS_0588,pes_planus,1,C:\Users\tahsinsoyak\Desktop\proje_github_clone\flatfoot_classifier\data\raw\duz_taban_PNG\PESPLANUS_0588.png,C:\Users\tahsinsoyak\Desktop\proje_github_clone\flatfoot_classifier\data\processed\pes_planus\PESPLANUS_0588.jpg,3026,3008,right,False,2120,1246,2150,428,2461,success
PESPLANUS_0589,pes_planus,1,C:\Users\tahsinsoyak\Desktop\proje_github_clone\flatfoot_classifier\data\raw\duz_taban_PNG\PESPLANUS_0589.png,C:\Users\tahsinsoyak\Desktop\proje_github_clone\flatfoot_classifier\data\processed\pes_planus\PESPLANUS_0589.jpg,3026,3008,left,True,2058,1184,2088,548,2581,success
PESPLANUS_0590,pes_planus,1,C:\Users\tahsinsoyak\Desktop\proje_github_clone\flatfoot_classifier\data\raw\duz_taban_PNG\PESPLANUS_0590.png,C:\Users\tahsinsoyak\Desktop\proje_github_clone\flatfoot_classifier\data\processed\pes_planus\PESPLANUS_0590.jpg,3026,3008,left,True,2078,1204,2108,847,2880,success
PESPLANUS_0591,pes_planus,1,C:\Users\tahsinsoyak\Desktop\proje_github_clone\flatfoot_classifier\data\raw\duz_taban_PNG\PESPLANUS_0591.png,C:\Users\tahsinsoyak\Desktop\proje_github_clone\flatfoot_classifier\data\processed\pes_planus\PESPLANUS_0591.jpg,3026,3008,right,False,2080,1206,2110,143,2176,success
PESPLANUS_0592,pes_planus,1,C:\Users\tahsinsoyak\Desktop\proje_github_clone\flatfoot_classifier\data\raw\duz_taban_PNG\PESPLANUS_0592.png,C:\Users\tahsinsoyak\Desktop\proje_github_clone\flatfoot_classifier\data\processed\pes_planus\PESPLANUS_0592.jpg,3026,3008,left,True,1733,859,1763,316,2349,success
PESPLANUS_0594,pes_planus,1,C:\Users\tahsinsoyak\Desktop\proje_github_clone\flatfoot_classifier\data\raw\duz_taban_PNG\PESPLANUS_0594.png,C:\Users\tahsinsoyak\Desktop\proje_github_clone\flatfoot_classifier\data\processed\pes_planus\PESPLANUS_0594.jpg,3026,3008,left,True,1712,838,1742,400,2433,success
PESPLANUS_0595,pes_planus,1,C:\Users\tahsinsoyak\Desktop\proje_github_clone\flatfoot_classifier\data\raw\duz_taban_PNG\PESPLANUS_0595.png,C:\Users\tahsinsoyak\Desktop\proje_github_clone\flatfoot_classifier\data\processed\pes_planus\PESPLANUS_0595.jpg,3026,3008,right,False,1712,838,1742,195,2228,success
PESPLANUS_0596,pes_planus,1,C:\Users\tahsinsoyak\Desktop\proje_github_clone\flatfoot_classifier\data\raw\duz_taban_PNG\PESPLANUS_0596.png,C:\Users\tahsinsoyak\Desktop\proje_github_clone\flatfoot_classifier\data\processed\pes_planus\PESPLANUS_0596.jpg,3026,3008,left,True,1640,766,1670,249,2282,success
PESPLANUS_0597,pes_planus,1,C:\Users\tahsinsoyak\Desktop\proje_github_clone\flatfoot_classifier\data\raw\duz_taban_PNG\PESPLANUS_0597.png,C:\Users\tahsinsoyak\Desktop\proje_github_clone\flatfoot_classifier\data\processed\pes_planus\PESPLANUS_0597.jpg,3026,3008,right,False,1638,764,1668,110,2143,success
PESPLANUS_0598,pes_planus,1,C:\Users\tahsinsoyak\Desktop\proje_github_clone\flatfoot_classifier\data\raw\duz_taban_PNG\PESPLANUS_0598.png,C:\Users\tahsinsoyak\Desktop\proje_github_clone\flatfoot_classifier\data\processed\pes_planus\PESPLANUS_0598.jpg,3026,3008,left,True,1620,746,1650,463,2496,success
PESPLANUS_0599,pes_planus,1,C:\Users\tahsinsoyak\Desktop\proje_github_clone\flatfoot_classifier\data\raw\duz_taban_PNG\PESPLANUS_0599.png,C:\Users\tahsinsoyak\Desktop\proje_github_clone\flatfoot_classifier\data\processed\pes_planus\PESPLANUS_0599.jpg,3026,3008,right,False,1620,746,1650,223,2256,success
PESPLANUS_0600,pes_planus,1,C:\Users\tahsinsoyak\Desktop\proje_github_clone\flatfoot_classifier\data\raw\duz_taban_PNG\PESPLANUS_0600.png,C:\Users\tahsinsoyak\Desktop\proje_github_clone\flatfoot_classifier\data\processed\pes_planus\PESPLANUS_0600.jpg,3026,3008,right,False,2004,1130,2034,688,2721,success
PESPLANUS_0602,pes_planus,1,C:\Users\tahsinsoyak\Desktop\proje_github_clone\flatfoot_classifier\data\raw\duz_taban_PNG\PESPLANUS_0602.png,C:\Users\tahsinsoyak\Desktop\proje_github_clone\flatfoot_classifier\data\processed\pes_planus\PESPLANUS_0602.jpg,3026,3008,left,True,1897,1023,1927,450,2483,success
PESPLANUS_0603,pes_planus,1,C:\Users\tahsinsoyak\Desktop\proje_github_clone\flatfoot_classifier\data\raw\duz_taban_PNG\PESPLANUS_0603.png,C:\Users\tahsinsoyak\Desktop\proje_github_clone\flatfoot_classifier\data\processed\pes_planus\PESPLANUS_0603.jpg,3026,3008,right,False,1891,1017,1921,304,2337,success
PESPLANUS_0604,pes_planus,1,C:\Users\tahsinsoyak\Desktop\proje_github_clone\flatfoot_classifier\data\raw\duz_taban_PNG\PESPLANUS_0604.png,C:\Users\tahsinsoyak\Desktop\proje_github_clone\flatfoot_classifier\data\processed\pes_planus\PESPLANUS_0604.jpg,1773,3003,left,True,1246,374,1276,666,2695,success
PESPLANUS_0605,pes_planus,1,C:\Users\tahsinsoyak\Desktop\proje_github_clone\flatfoot_classifier\data\raw\duz_taban_PNG\PESPLANUS_0605.png,C:\Users\tahsinsoyak\Desktop\proje_github_clone\flatfoot_classifier\data\processed\pes_planus\PESPLANUS_0605.jpg,3026,3008,right,False,1707,833,1737,185,2218,success
PESPLANUS_0606,pes_planus,1,C:\Users\tahsinsoyak\Desktop\proje_github_clone\flatfoot_classifier\data\raw\duz_taban_PNG\PESPLANUS_0606.png,C:\Users\tahsinsoyak\Desktop\proje_github_clone\flatfoot_classifier\data\processed\pes_planus\PESPLANUS_0606.jpg,3026,3008,right,False,1707,833,1737,185,2218,success
PESPLANUS_0607,pes_planus,1,C:\Users\tahsinsoyak\Desktop\proje_github_clone\flatfoot_classifier\data\raw\duz_taban_PNG\PESPLANUS_0607.png,C:\Users\tahsinsoyak\Desktop\proje_github_clone\flatfoot_classifier\data\processed\pes_planus\PESPLANUS_0607.jpg,3026,3008,left,True,1832,958,1862,895,2928,success
PESPLANUS_0611,pes_planus,1,C:\Users\tahsinsoyak\Desktop\proje_github_clone\flatfoot_classifier\data\raw\duz_taban_PNG\PESPLANUS_0611.png,C:\Users\tahsinsoyak\Desktop\proje_github_clone\flatfoot_classifier\data\processed\pes_planus\PESPLANUS_0611.jpg,3026,3008,left,True,2071,1197,2101,525,2558,success
PESPLANUS_0612,pes_planus,1,C:\Users\tahsinsoyak\Desktop\proje_github_clone\flatfoot_classifier\data\raw\duz_taban_PNG\PESPLANUS_0612.png,C:\Users\tahsinsoyak\Desktop\proje_github_clone\flatfoot_classifier\data\processed\pes_planus\PESPLANUS_0612.jpg,3026,3008,right,False,2078,1204,2108,618,2651,success
PESPLANUS_0614,pes_planus,1,C:\Users\tahsinsoyak\Desktop\proje_github_clone\flatfoot_classifier\data\raw\duz_taban_PNG\PESPLANUS_0614.png,C:\Users\tahsinsoyak\Desktop\proje_github_clone\flatfoot_classifier\data\processed\pes_planus\PESPLANUS_0614.jpg,3026,3008,left,True,1704,830,1734,290,2323,success
PESPLANUS_0616,pes_planus,1,C:\Users\tahsinsoyak\Desktop\proje_github_clone\flatfoot_classifier\data\raw\duz_taban_PNG\PESPLANUS_0616.png,C:\Users\tahsinsoyak\Desktop\proje_github_clone\flatfoot_classifier\data\processed\pes_planus\PESPLANUS_0616.jpg,3026,3008,left,True,2018,1144,2048,389,2422,success
PESPLANUS_0617,pes_planus,1,C:\Users\tahsinsoyak\Desktop\proje_github_clone\flatfoot_classifier\data\raw\duz_taban_PNG\PESPLANUS_0617.png,C:\Users\tahsinsoyak\Desktop\proje_github_clone\flatfoot_classifier\data\processed\pes_planus\PESPLANUS_0617.jpg,3026,3008,right,False,2016,1142,2046,265,2298,success
PESPLANUS_0618,pes_planus,1,C:\Users\tahsinsoyak\Desktop\proje_github_clone\flatfoot_classifier\data\raw\duz_taban_PNG\PESPLANUS_0618.png,C:\Users\tahsinsoyak\Desktop\proje_github_clone\flatfoot_classifier\data\processed\pes_planus\PESPLANUS_0618.jpg,3026,3008,left,True,1697,823,1727,476,2509,success
PESPLANUS_0619,pes_planus,1,C:\Users\tahsinsoyak\Desktop\proje_github_clone\flatfoot_classifier\data\raw\duz_taban_PNG\PESPLANUS_0619.png,C:\Users\tahsinsoyak\Desktop\proje_github_clone\flatfoot_classifier\data\processed\pes_planus\PESPLANUS_0619.jpg,3026,3008,right,False,1697,823,1727,403,2436,success
PESPLANUS_0621,pes_planus,1,C:\Users\tahsinsoyak\Desktop\proje_github_clone\flatfoot_classifier\data\raw\duz_taban_PNG\PESPLANUS_0621.png,C:\Users\tahsinsoyak\Desktop\proje_github_clone\flatfoot_classifier\data\processed\pes_planus\PESPLANUS_0621.jpg,3026,3008,left,True,2077,1203,2107,598,2631,success
PESPLANUS_0622,pes_planus,1,C:\Users\tahsinsoyak\Desktop\proje_github_clone\flatfoot_classifier\data\raw\duz_taban_PNG\PESPLANUS_0622.png,C:\Users\tahsinsoyak\Desktop\proje_github_clone\flatfoot_classifier\data\processed\pes_planus\PESPLANUS_0622.jpg,3026,3008,right,False,2230,1356,2260,259,2292,success
PESPLANUS_0623,pes_planus,1,C:\Users\tahsinsoyak\Desktop\proje_github_clone\flatfoot_classifier\data\raw\duz_taban_PNG\PESPLANUS_0623.png,C:\Users\tahsinsoyak\Desktop\proje_github_clone\flatfoot_classifier\data\processed\pes_planus\PESPLANUS_0623.jpg,3026,3008,left,True,2221,1347,2251,188,2221,success
PESPLANUS_0624,pes_planus,1,C:\Users\tahsinsoyak\Desktop\proje_github_clone\flatfoot_classifier\data\raw\duz_taban_PNG\PESPLANUS_0624.png,C:\Users\tahsinsoyak\Desktop\proje_github_clone\flatfoot_classifier\data\processed\pes_planus\PESPLANUS_0624.jpg,3026,3008,left,True,1869,995,1899,603,2636,success
PESPLANUS_0626,pes_planus,1,C:\Users\tahsinsoyak\Desktop\proje_github_clone\flatfoot_classifier\data\raw\duz_taban_PNG\PESPLANUS_0626.png,C:\Users\tahsinsoyak\Desktop\proje_github_clone\flatfoot_classifier\data\processed\pes_planus\PESPLANUS_0626.jpg,3026,3008,right,False,1882,1008,1912,593,2626,success
PESPLANUS_0627,pes_planus,1,C:\Users\tahsinsoyak\Desktop\proje_github_clone\flatfoot_classifier\data\raw\duz_taban_PNG\PESPLANUS_0627.png,C:\Users\tahsinsoyak\Desktop\proje_github_clone\flatfoot_classifier\data\processed\pes_planus\PESPLANUS_0627.jpg,3026,3008,left,True,1884,1010,1914,494,2527,success
PESPLANUS_0629,pes_planus,1,C:\Users\tahsinsoyak\Desktop\proje_github_clone\flatfoot_classifier\data\raw\duz_taban_PNG\PESPLANUS_0629.png,C:\Users\tahsinsoyak\Desktop\proje_github_clone\flatfoot_classifier\data\processed\pes_planus\PESPLANUS_0629.jpg,3026,3008,left,True,1761,887,1791,339,2372,success
PESPLANUS_0630,pes_planus,1,C:\Users\tahsinsoyak\Desktop\proje_github_clone\flatfoot_classifier\data\raw\duz_taban_PNG\PESPLANUS_0630.png,C:\Users\tahsinsoyak\Desktop\proje_github_clone\flatfoot_classifier\data\processed\pes_planus\PESPLANUS_0630.jpg,3026,3008,left,True,2167,1293,2197,791,2824,success
PESPLANUS_0631,pes_planus,1,C:\Users\tahsinsoyak\Desktop\proje_github_clone\flatfoot_classifier\data\raw\duz_taban_PNG\PESPLANUS_0631.png,C:\Users\tahsinsoyak\Desktop\proje_github_clone\flatfoot_classifier\data\processed\pes_planus\PESPLANUS_0631.jpg,3026,3008,right,False,2167,1293,2197,563,2596,success
PESPLANUS_0632,pes_planus,1,C:\Users\tahsinsoyak\Desktop\proje_github_clone\flatfoot_classifier\data\raw\duz_taban_PNG\PESPLANUS_0632.png,C:\Users\tahsinsoyak\Desktop\proje_github_clone\flatfoot_classifier\data\processed\pes_planus\PESPLANUS_0632.jpg,2717,3003,left,True,1704,832,1734,278,2307,success
PESPLANUS_0634,pes_planus,1,C:\Users\tahsinsoyak\Desktop\proje_github_clone\flatfoot_classifier\data\raw\duz_taban_PNG\PESPLANUS_0634.png,C:\Users\tahsinsoyak\Desktop\proje_github_clone\flatfoot_classifier\data\processed\pes_planus\PESPLANUS_0634.jpg,3026,3008,right,False,2156,1282,2186,517,2550,success
PESPLANUS_0635,pes_planus,1,C:\Users\tahsinsoyak\Desktop\proje_github_clone\flatfoot_classifier\data\raw\duz_taban_PNG\PESPLANUS_0635.png,C:\Users\tahsinsoyak\Desktop\proje_github_clone\flatfoot_classifier\data\processed\pes_planus\PESPLANUS_0635.jpg,3026,3008,left,True,2155,1281,2185,811,2844,success
PESPLANUS_0636,pes_planus,1,C:\Users\tahsinsoyak\Desktop\proje_github_clone\flatfoot_classifier\data\raw\duz_taban_PNG\PESPLANUS_0636.png,C:\Users\tahsinsoyak\Desktop\proje_github_clone\flatfoot_classifier\data\processed\pes_planus\PESPLANUS_0636.jpg,3026,3008,left,True,2064,1190,2094,31,2064,success
PESPLANUS_0637,pes_planus,1,C:\Users\tahsinsoyak\Desktop\proje_github_clone\flatfoot_classifier\data\raw\duz_taban_PNG\PESPLANUS_0637.png,C:\Users\tahsinsoyak\Desktop\proje_github_clone\flatfoot_classifier\data\processed\pes_planus\PESPLANUS_0637.jpg,3026,3008,right,False,2056,1182,2086,549,2582,success
PESPLANUS_0639,pes_planus,1,C:\Users\tahsinsoyak\Desktop\proje_github_clone\flatfoot_classifier\data\raw\duz_taban_PNG\PESPLANUS_0639.png,C:\Users\tahsinsoyak\Desktop\proje_github_clone\flatfoot_classifier\data\processed\pes_planus\PESPLANUS_0639.jpg,3026,3008,right,False,2341,1467,2371,587,2620,success
PESPLANUS_0641,pes_planus,1,C:\Users\tahsinsoyak\Desktop\proje_github_clone\flatfoot_classifier\data\raw\duz_taban_PNG\PESPLANUS_0641.png,C:\Users\tahsinsoyak\Desktop\proje_github_clone\flatfoot_classifier\data\processed\pes_planus\PESPLANUS_0641.jpg,3026,3008,left,True,1442,568,1472,613,2646,success
PESPLANUS_0644,pes_planus,1,C:\Users\tahsinsoyak\Desktop\proje_github_clone\flatfoot_classifier\data\raw\duz_taban_PNG\PESPLANUS_0644.png,C:\Users\tahsinsoyak\Desktop\proje_github_clone\flatfoot_classifier\data\processed\pes_planus\PESPLANUS_0644.jpg,3026,3008,left,True,1675,801,1705,608,2641,success
PESPLANUS_0645,pes_planus,1,C:\Users\tahsinsoyak\Desktop\proje_github_clone\flatfoot_classifier\data\raw\duz_taban_PNG\PESPLANUS_0645.png,C:\Users\tahsinsoyak\Desktop\proje_github_clone\flatfoot_classifier\data\processed\pes_planus\PESPLANUS_0645.jpg,3026,3008,right,False,1676,802,1706,381,2414,success
PESPLANUS_0650,pes_planus,1,C:\Users\tahsinsoyak\Desktop\proje_github_clone\flatfoot_classifier\data\raw\duz_taban_PNG\PESPLANUS_0650.png,C:\Users\tahsinsoyak\Desktop\proje_github_clone\flatfoot_classifier\data\processed\pes_planus\PESPLANUS_0650.jpg,3026,3008,left,True,2059,1185,2089,253,2286,success
PESPLANUS_0651,pes_planus,1,C:\Users\tahsinsoyak\Desktop\proje_github_clone\flatfoot_classifier\data\raw\duz_taban_PNG\PESPLANUS_0651.png,C:\Users\tahsinsoyak\Desktop\proje_github_clone\flatfoot_classifier\data\processed\pes_planus\PESPLANUS_0651.jpg,3026,3008,right,False,2055,1181,2085,90,2123,success
PESPLANUS_0652,pes_planus,1,C:\Users\tahsinsoyak\Desktop\proje_github_clone\flatfoot_classifier\data\raw\duz_taban_PNG\PESPLANUS_0652.png,C:\Users\tahsinsoyak\Desktop\proje_github_clone\flatfoot_classifier\data\processed\pes_planus\PESPLANUS_0652.jpg,3026,3008,left,True,1836,962,1866,430,2463,success
PESPLANUS_0653,pes_planus,1,C:\Users\tahsinsoyak\Desktop\proje_github_clone\flatfoot_classifier\data\raw\duz_taban_PNG\PESPLANUS_0653.png,C:\Users\tahsinsoyak\Desktop\proje_github_clone\flatfoot_classifier\data\processed\pes_planus\PESPLANUS_0653.jpg,3026,3008,right,False,1837,963,1867,328,2361,success
PESPLANUS_0654,pes_planus,1,C:\Users\tahsinsoyak\Desktop\proje_github_clone\flatfoot_classifier\data\raw\duz_taban_PNG\PESPLANUS_0654.png,C:\Users\tahsinsoyak\Desktop\proje_github_clone\flatfoot_classifier\data\processed\pes_planus\PESPLANUS_0654.jpg,3026,3008,right,False,1679,805,1709,471,2504,success
PESPLANUS_0656,pes_planus,1,C:\Users\tahsinsoyak\Desktop\proje_github_clone\flatfoot_classifier\data\raw\duz_taban_PNG\PESPLANUS_0656.png,C:\Users\tahsinsoyak\Desktop\proje_github_clone\flatfoot_classifier\data\processed\pes_planus\PESPLANUS_0656.jpg,3026,3008,left,True,2387,1513,2417,327,2360,success
PESPLANUS_0658,pes_planus,1,C:\Users\tahsinsoyak\Desktop\proje_github_clone\flatfoot_classifier\data\raw\duz_taban_PNG\PESPLANUS_0658.png,C:\Users\tahsinsoyak\Desktop\proje_github_clone\flatfoot_classifier\data\processed\pes_planus\PESPLANUS_0658.jpg,3026,3008,left,True,1880,1006,1910,209,2242,success
PESPLANUS_0659,pes_planus,1,C:\Users\tahsinsoyak\Desktop\proje_github_clone\flatfoot_classifier\data\raw\duz_taban_PNG\PESPLANUS_0659.png,C:\Users\tahsinsoyak\Desktop\proje_github_clone\flatfoot_classifier\data\processed\pes_planus\PESPLANUS_0659.jpg,3026,3008,right,False,1881,1007,1911,188,2221,success
PESPLANUS_0660,pes_planus,1,C:\Users\tahsinsoyak\Desktop\proje_github_clone\flatfoot_classifier\data\raw\duz_taban_PNG\PESPLANUS_0660.png,C:\Users\tahsinsoyak\Desktop\proje_github_clone\flatfoot_classifier\data\processed\pes_planus\PESPLANUS_0660.jpg,3026,3008,right,False,2118,1244,2148,427,2460,success
PESPLANUS_0661,pes_planus,1,C:\Users\tahsinsoyak\Desktop\proje_github_clone\flatfoot_classifier\data\raw\duz_taban_PNG\PESPLANUS_0661.png,C:\Users\tahsinsoyak\Desktop\proje_github_clone\flatfoot_classifier\data\processed\pes_planus\PESPLANUS_0661.jpg,3026,3008,left,True,2098,1224,2128,335,2368,success
PESPLANUS_0663,pes_planus,1,C:\Users\tahsinsoyak\Desktop\proje_github_clone\flatfoot_classifier\data\raw\duz_taban_PNG\PESPLANUS_0663.png,C:\Users\tahsinsoyak\Desktop\proje_github_clone\flatfoot_classifier\data\processed\pes_planus\PESPLANUS_0663.jpg,3026,3008,left,True,1514,640,1544,546,2579,success
PESPLANUS_0665,pes_planus,1,C:\Users\tahsinsoyak\Desktop\proje_github_clone\flatfoot_classifier\data\raw\duz_taban_PNG\PESPLANUS_0665.png,C:\Users\tahsinsoyak\Desktop\proje_github_clone\flatfoot_classifier\data\processed\pes_planus\PESPLANUS_0665.jpg,3026,3008,right,False,1814,973,1844,0,1957,success
PESPLANUS_0666,pes_planus,1,C:\Users\tahsinsoyak\Desktop\proje_github_clone\flatfoot_classifier\data\raw\duz_taban_PNG\PESPLANUS_0666.png,C:\Users\tahsinsoyak\Desktop\proje_github_clone\flatfoot_classifier\data\processed\pes_planus\PESPLANUS_0666.jpg,3026,3008,left,True,2225,1351,2255,767,2800,success
PESPLANUS_0667,pes_planus,1,C:\Users\tahsinsoyak\Desktop\proje_github_clone\flatfoot_classifier\data\raw\duz_taban_PNG\PESPLANUS_0667.png,C:\Users\tahsinsoyak\Desktop\proje_github_clone\flatfoot_classifier\data\processed\pes_planus\PESPLANUS_0667.jpg,3026,3008,right,False,2225,1351,2255,314,2347,success
PESPLANUS_0668,pes_planus,1,C:\Users\tahsinsoyak\Desktop\proje_github_clone\flatfoot_classifier\data\raw\duz_taban_PNG\PESPLANUS_0668.png,C:\Users\tahsinsoyak\Desktop\proje_github_clone\flatfoot_classifier\data\processed\pes_planus\PESPLANUS_0668.jpg,3026,3008,left,True,1868,994,1898,544,2577,success
PESPLANUS_0669,pes_planus,1,C:\Users\tahsinsoyak\Desktop\proje_github_clone\flatfoot_classifier\data\raw\duz_taban_PNG\PESPLANUS_0669.png,C:\Users\tahsinsoyak\Desktop\proje_github_clone\flatfoot_classifier\data\processed\pes_planus\PESPLANUS_0669.jpg,3026,3008,right,False,1867,993,1897,563,2596,success
PESPLANUS_0670,pes_planus,1,C:\Users\tahsinsoyak\Desktop\proje_github_clone\flatfoot_classifier\data\raw\duz_taban_PNG\PESPLANUS_0670.png,C:\Users\tahsinsoyak\Desktop\proje_github_clone\flatfoot_classifier\data\processed\pes_planus\PESPLANUS_0670.jpg,3026,3008,right,False,2024,1173,2054,0,1981,success
PESPLANUS_0671,pes_planus,1,C:\Users\tahsinsoyak\Desktop\proje_github_clone\flatfoot_classifier\data\raw\duz_taban_PNG\PESPLANUS_0671.png,C:\Users\tahsinsoyak\Desktop\proje_github_clone\flatfoot_classifier\data\processed\pes_planus\PESPLANUS_0671.jpg,3026,3008,left,True,2026,1152,2056,338,2371,success
PESPLANUS_0673,pes_planus,1,C:\Users\tahsinsoyak\Desktop\proje_github_clone\flatfoot_classifier\data\raw\duz_taban_PNG\PESPLANUS_0673.png,C:\Users\tahsinsoyak\Desktop\proje_github_clone\flatfoot_classifier\data\processed\pes_planus\PESPLANUS_0673.jpg,3026,3008,right,False,1383,518,1413,0,2012,success
PESPLANUS_0674,pes_planus,1,C:\Users\tahsinsoyak\Desktop\proje_github_clone\flatfoot_classifier\data\raw\duz_taban_PNG\PESPLANUS_0674.png,C:\Users\tahsinsoyak\Desktop\proje_github_clone\flatfoot_classifier\data\processed\pes_planus\PESPLANUS_0674.jpg,3026,3008,left,True,2349,1475,2379,489,2522,success
PESPLANUS_0676,pes_planus,1,C:\Users\tahsinsoyak\Desktop\proje_github_clone\flatfoot_classifier\data\raw\duz_taban_PNG\PESPLANUS_0676.png,C:\Users\tahsinsoyak\Desktop\proje_github_clone\flatfoot_classifier\data\processed\pes_planus\PESPLANUS_0676.jpg,3026,3008,left,True,1556,682,1586,265,2298,success
PESPLANUS_0678,pes_planus,1,C:\Users\tahsinsoyak\Desktop\proje_github_clone\flatfoot_classifier\data\raw\duz_taban_PNG\PESPLANUS_0678.png,C:\Users\tahsinsoyak\Desktop\proje_github_clone\flatfoot_classifier\data\processed\pes_planus\PESPLANUS_0678.jpg,3026,3008,right,False,1838,964,1868,529,2562,success
PESPLANUS_0679,pes_planus,1,C:\Users\tahsinsoyak\Desktop\proje_github_clone\flatfoot_classifier\data\raw\duz_taban_PNG\PESPLANUS_0679.png,C:\Users\tahsinsoyak\Desktop\proje_github_clone\flatfoot_classifier\data\processed\pes_planus\PESPLANUS_0679.jpg,3026,3008,left,True,1836,962,1866,420,2453,success
PESPLANUS_0680,pes_planus,1,C:\Users\tahsinsoyak\Desktop\proje_github_clone\flatfoot_classifier\data\raw\duz_taban_PNG\PESPLANUS_0680.png,C:\Users\tahsinsoyak\Desktop\proje_github_clone\flatfoot_classifier\data\processed\pes_planus\PESPLANUS_0680.jpg,3026,3008,right,False,1449,575,1479,407,2440,success
PESPLANUS_0681,pes_planus,1,C:\Users\tahsinsoyak\Desktop\proje_github_clone\flatfoot_classifier\data\raw\duz_taban_PNG\PESPLANUS_0681.png,C:\Users\tahsinsoyak\Desktop\proje_github_clone\flatfoot_classifier\data\processed\pes_planus\PESPLANUS_0681.jpg,3026,3008,left,True,1448,574,1478,511,2544,success
PESPLANUS_0685,pes_planus,1,C:\Users\tahsinsoyak\Desktop\proje_github_clone\flatfoot_classifier\data\raw\duz_taban_PNG\PESPLANUS_0685.png,C:\Users\tahsinsoyak\Desktop\proje_github_clone\flatfoot_classifier\data\processed\pes_planus\PESPLANUS_0685.jpg,3026,3008,right,False,2245,1371,2275,320,2353,success
PESPLANUS_0686,pes_planus,1,C:\Users\tahsinsoyak\Desktop\proje_github_clone\flatfoot_classifier\data\raw\duz_taban_PNG\PESPLANUS_0686.png,C:\Users\tahsinsoyak\Desktop\proje_github_clone\flatfoot_classifier\data\processed\pes_planus\PESPLANUS_0686.jpg,3026,3008,left,True,2222,1348,2252,604,2637,success
PESPLANUS_0688,pes_planus,1,C:\Users\tahsinsoyak\Desktop\proje_github_clone\flatfoot_classifier\data\raw\duz_taban_PNG\PESPLANUS_0688.png,C:\Users\tahsinsoyak\Desktop\proje_github_clone\flatfoot_classifier\data\processed\pes_planus\PESPLANUS_0688.jpg,3026,3008,left,True,1833,959,1863,258,2291,success
PESPLANUS_0689,pes_planus,1,C:\Users\tahsinsoyak\Desktop\proje_github_clone\flatfoot_classifier\data\raw\duz_taban_PNG\PESPLANUS_0689.png,C:\Users\tahsinsoyak\Desktop\proje_github_clone\flatfoot_classifier\data\processed\pes_planus\PESPLANUS_0689.jpg,3026,3008,right,False,1831,957,1861,357,2390,success
PESPLANUS_0690,pes_planus,1,C:\Users\tahsinsoyak\Desktop\proje_github_clone\flatfoot_classifier\data\raw\duz_taban_PNG\PESPLANUS_0690.png,C:\Users\tahsinsoyak\Desktop\proje_github_clone\flatfoot_classifier\data\processed\pes_planus\PESPLANUS_0690.jpg,3026,3008,left,True,1879,1005,1909,832,2865,success
PESPLANUS_0692,pes_planus,1,C:\Users\tahsinsoyak\Desktop\proje_github_clone\flatfoot_classifier\data\raw\duz_taban_PNG\PESPLANUS_0692.png,C:\Users\tahsinsoyak\Desktop\proje_github_clone\flatfoot_classifier\data\processed\pes_planus\PESPLANUS_0692.jpg,2101,2560,left,True,1450,707,1480,409,2139,success
PESPLANUS_0693,pes_planus,1,C:\Users\tahsinsoyak\Desktop\proje_github_clone\flatfoot_classifier\data\raw\duz_taban_PNG\PESPLANUS_0693.png,C:\Users\tahsinsoyak\Desktop\proje_github_clone\flatfoot_classifier\data\processed\pes_planus\PESPLANUS_0693.jpg,2027,2655,right,False,1447,676,1477,273,2067,success
PESPLANUS_0694,pes_planus,1,C:\Users\tahsinsoyak\Desktop\proje_github_clone\flatfoot_classifier\data\raw\duz_taban_PNG\PESPLANUS_0694.png,C:\Users\tahsinsoyak\Desktop\proje_github_clone\flatfoot_classifier\data\processed\pes_planus\PESPLANUS_0694.jpg,3026,3008,right,False,2402,1528,2432,103,2136,success
PESPLANUS_0696,pes_planus,1,C:\Users\tahsinsoyak\Desktop\proje_github_clone\flatfoot_classifier\data\raw\duz_taban_PNG\PESPLANUS_0696.png,C:\Users\tahsinsoyak\Desktop\proje_github_clone\flatfoot_classifier\data\processed\pes_planus\PESPLANUS_0696.jpg,3026,3008,right,False,1988,1114,2018,255,2288,success
PESPLANUS_0697,pes_planus,1,C:\Users\tahsinsoyak\Desktop\proje_github_clone\flatfoot_classifier\data\raw\duz_taban_PNG\PESPLANUS_0697.png,C:\Users\tahsinsoyak\Desktop\proje_github_clone\flatfoot_classifier\data\processed\pes_planus\PESPLANUS_0697.jpg,3026,3008,left,True,1989,1115,2019,557,2590,success
PESPLANUS_0698,pes_planus,1,C:\Users\tahsinsoyak\Desktop\proje_github_clone\flatfoot_classifier\data\raw\duz_taban_PNG\PESPLANUS_0698.png,C:\Users\tahsinsoyak\Desktop\proje_github_clone\flatfoot_classifier\data\processed\pes_planus\PESPLANUS_0698.jpg,3026,3008,left,True,2409,1535,2439,465,2498,success
PESPLANUS_0704,pes_planus,1,C:\Users\tahsinsoyak\Desktop\proje_github_clone\flatfoot_classifier\data\raw\duz_taban_PNG\PESPLANUS_0704.png,C:\Users\tahsinsoyak\Desktop\proje_github_clone\flatfoot_classifier\data\processed\pes_planus\PESPLANUS_0704.jpg,2240,3003,right,False,1415,543,1445,238,2267,success
PESPLANUS_0705,pes_planus,1,C:\Users\tahsinsoyak\Desktop\proje_github_clone\flatfoot_classifier\data\raw\duz_taban_PNG\PESPLANUS_0705.png,C:\Users\tahsinsoyak\Desktop\proje_github_clone\flatfoot_classifier\data\processed\pes_planus\PESPLANUS_0705.jpg,2637,3003,left,True,1812,940,1842,197,2226,success
PESPLANUS_0706,pes_planus,1,C:\Users\tahsinsoyak\Desktop\proje_github_clone\flatfoot_classifier\data\raw\duz_taban_PNG\PESPLANUS_0706.png,C:\Users\tahsinsoyak\Desktop\proje_github_clone\flatfoot_classifier\data\processed\pes_planus\PESPLANUS_0706.jpg,3026,3008,left,True,2080,1206,2110,403,2436,success
PESPLANUS_0707,pes_planus,1,C:\Users\tahsinsoyak\Desktop\proje_github_clone\flatfoot_classifier\data\raw\duz_taban_PNG\PESPLANUS_0707.png,C:\Users\tahsinsoyak\Desktop\proje_github_clone\flatfoot_classifier\data\processed\pes_planus\PESPLANUS_0707.jpg,3026,3008,right,False,2082,1208,2112,509,2542,success
PESPLANUS_0708,pes_planus,1,C:\Users\tahsinsoyak\Desktop\proje_github_clone\flatfoot_classifier\data\raw\duz_taban_PNG\PESPLANUS_0708.png,C:\Users\tahsinsoyak\Desktop\proje_github_clone\flatfoot_classifier\data\processed\pes_planus\PESPLANUS_0708.jpg,3026,3008,left,True,2018,1144,2048,585,2618,success
PESPLANUS_0709,pes_planus,1,C:\Users\tahsinsoyak\Desktop\proje_github_clone\flatfoot_classifier\data\raw\duz_taban_PNG\PESPLANUS_0709.png,C:\Users\tahsinsoyak\Desktop\proje_github_clone\flatfoot_classifier\data\processed\pes_planus\PESPLANUS_0709.jpg,3026,3008,right,False,1996,1122,2026,325,2358,success
PESPLANUS_0710,pes_planus,1,C:\Users\tahsinsoyak\Desktop\proje_github_clone\flatfoot_classifier\data\raw\duz_taban_PNG\PESPLANUS_0710.png,C:\Users\tahsinsoyak\Desktop\proje_github_clone\flatfoot_classifier\data\processed\pes_planus\PESPLANUS_0710.jpg,3026,3008,left,True,1826,952,1856,466,2499,success
PESPLANUS_0711,pes_planus,1,C:\Users\tahsinsoyak\Desktop\proje_github_clone\flatfoot_classifier\data\raw\duz_taban_PNG\PESPLANUS_0711.png,C:\Users\tahsinsoyak\Desktop\proje_github_clone\flatfoot_classifier\data\processed\pes_planus\PESPLANUS_0711.jpg,3026,3008,right,False,1826,952,1856,143,2176,success
PESPLANUS_0714,pes_planus,1,C:\Users\tahsinsoyak\Desktop\proje_github_clone\flatfoot_classifier\data\raw\duz_taban_PNG\PESPLANUS_0714.png,C:\Users\tahsinsoyak\Desktop\proje_github_clone\flatfoot_classifier\data\processed\pes_planus\PESPLANUS_0714.jpg,3026,3008,left,True,1619,745,1649,721,2754,success
PESPLANUS_0715,pes_planus,1,C:\Users\tahsinsoyak\Desktop\proje_github_clone\flatfoot_classifier\data\raw\duz_taban_PNG\PESPLANUS_0715.png,C:\Users\tahsinsoyak\Desktop\proje_github_clone\flatfoot_classifier\data\processed\pes_planus\PESPLANUS_0715.jpg,3026,3008,right,False,1615,741,1645,331,2364,success
PESPLANUS_0717,pes_planus,1,C:\Users\tahsinsoyak\Desktop\proje_github_clone\flatfoot_classifier\data\raw\duz_taban_PNG\PESPLANUS_0717.png,C:\Users\tahsinsoyak\Desktop\proje_github_clone\flatfoot_classifier\data\processed\pes_planus\PESPLANUS_0717.jpg,3026,3008,right,False,1528,654,1558,514,2547,success
PESPLANUS_0718,pes_planus,1,C:\Users\tahsinsoyak\Desktop\proje_github_clone\flatfoot_classifier\data\raw\duz_taban_PNG\PESPLANUS_0718.png,C:\Users\tahsinsoyak\Desktop\proje_github_clone\flatfoot_classifier\data\processed\pes_planus\PESPLANUS_0718.jpg,3026,3008,right,False,1775,901,1805,875,2908,success
PESPLANUS_0721,pes_planus,1,C:\Users\tahsinsoyak\Desktop\proje_github_clone\flatfoot_classifier\data\raw\duz_taban_PNG\PESPLANUS_0721.png,C:\Users\tahsinsoyak\Desktop\proje_github_clone\flatfoot_classifier\data\processed\pes_planus\PESPLANUS_0721.jpg,3026,3008,right,False,2008,1173,2038,0,1943,success
PESPLANUS_0722,pes_planus,1,C:\Users\tahsinsoyak\Desktop\proje_github_clone\flatfoot_classifier\data\raw\duz_taban_PNG\PESPLANUS_0722.png,C:\Users\tahsinsoyak\Desktop\proje_github_clone\flatfoot_classifier\data\processed\pes_planus\PESPLANUS_0722.jpg,3026,3008,right,False,2238,1364,2268,648,2681,success
PESPLANUS_0723,pes_planus,1,C:\Users\tahsinsoyak\Desktop\proje_github_clone\flatfoot_classifier\data\raw\duz_taban_PNG\PESPLANUS_0723.png,C:\Users\tahsinsoyak\Desktop\proje_github_clone\flatfoot_classifier\data\processed\pes_planus\PESPLANUS_0723.jpg,3026,3008,left,True,2238,1364,2268,135,2168,success
PESPLANUS_0724,pes_planus,1,C:\Users\tahsinsoyak\Desktop\proje_github_clone\flatfoot_classifier\data\raw\duz_taban_PNG\PESPLANUS_0724.png,C:\Users\tahsinsoyak\Desktop\proje_github_clone\flatfoot_classifier\data\processed\pes_planus\PESPLANUS_0724.jpg,3026,3008,right,False,2293,1419,2323,124,2157,success
PESPLANUS_0729,pes_planus,1,C:\Users\tahsinsoyak\Desktop\proje_github_clone\flatfoot_classifier\data\raw\duz_taban_PNG\PESPLANUS_0729.png,C:\Users\tahsinsoyak\Desktop\proje_github_clone\flatfoot_classifier\data\processed\pes_planus\PESPLANUS_0729.jpg,3026,3008,left,True,2112,1238,2142,459,2492,success
PESPLANUS_0731,pes_planus,1,C:\Users\tahsinsoyak\Desktop\proje_github_clone\flatfoot_classifier\data\raw\duz_taban_PNG\PESPLANUS_0731.png,C:\Users\tahsinsoyak\Desktop\proje_github_clone\flatfoot_classifier\data\processed\pes_planus\PESPLANUS_0731.jpg,3026,3008,left,True,2061,1187,2091,250,2283,success
PESPLANUS_0732,pes_planus,1,C:\Users\tahsinsoyak\Desktop\proje_github_clone\flatfoot_classifier\data\raw\duz_taban_PNG\PESPLANUS_0732.png,C:\Users\tahsinsoyak\Desktop\proje_github_clone\flatfoot_classifier\data\processed\pes_planus\PESPLANUS_0732.jpg,3026,3008,right,False,2062,1188,2092,231,2264,success
PESPLANUS_0733,pes_planus,1,C:\Users\tahsinsoyak\Desktop\proje_github_clone\flatfoot_classifier\data\raw\duz_taban_PNG\PESPLANUS_0733.png,C:\Users\tahsinsoyak\Desktop\proje_github_clone\flatfoot_classifier\data\processed\pes_planus\PESPLANUS_0733.jpg,3026,3008,left,True,1517,643,1547,422,2455,success
PESPLANUS_0735,pes_planus,1,C:\Users\tahsinsoyak\Desktop\proje_github_clone\flatfoot_classifier\data\raw\duz_taban_PNG\PESPLANUS_0735.png,C:\Users\tahsinsoyak\Desktop\proje_github_clone\flatfoot_classifier\data\processed\pes_planus\PESPLANUS_0735.jpg,3026,3008,left,True,1622,748,1652,462,2495,success
PESPLANUS_0736,pes_planus,1,C:\Users\tahsinsoyak\Desktop\proje_github_clone\flatfoot_classifier\data\raw\duz_taban_PNG\PESPLANUS_0736.png,C:\Users\tahsinsoyak\Desktop\proje_github_clone\flatfoot_classifier\data\processed\pes_planus\PESPLANUS_0736.jpg,3026,3008,right,False,1622,748,1652,242,2275,success
PESPLANUS_0737,pes_planus,1,C:\Users\tahsinsoyak\Desktop\proje_github_clone\flatfoot_classifier\data\raw\duz_taban_PNG\PESPLANUS_0737.png,C:\Users\tahsinsoyak\Desktop\proje_github_clone\flatfoot_classifier\data\processed\pes_planus\PESPLANUS_0737.jpg,3026,3008,left,True,1855,981,1885,203,2236,success
PESPLANUS_0738,pes_planus,1,C:\Users\tahsinsoyak\Desktop\proje_github_clone\flatfoot_classifier\data\raw\duz_taban_PNG\PESPLANUS_0738.png,C:\Users\tahsinsoyak\Desktop\proje_github_clone\flatfoot_classifier\data\processed\pes_planus\PESPLANUS_0738.jpg,3026,3008,right,False,1857,989,1887,0,2019,success
PESPLANUS_0740,pes_planus,1,C:\Users\tahsinsoyak\Desktop\proje_github_clone\flatfoot_classifier\data\raw\duz_taban_PNG\PESPLANUS_0740.png,C:\Users\tahsinsoyak\Desktop\proje_github_clone\flatfoot_classifier\data\processed\pes_planus\PESPLANUS_0740.jpg,3026,3008,right,False,1749,875,1779,397,2430,success
PESPLANUS_0741,pes_planus,1,C:\Users\tahsinsoyak\Desktop\proje_github_clone\flatfoot_classifier\data\raw\duz_taban_PNG\PESPLANUS_0741.png,C:\Users\tahsinsoyak\Desktop\proje_github_clone\flatfoot_classifier\data\processed\pes_planus\PESPLANUS_0741.jpg,3026,3008,left,True,1737,863,1767,422,2455,success
PESPLANUS_0742,pes_planus,1,C:\Users\tahsinsoyak\Desktop\proje_github_clone\flatfoot_classifier\data\raw\duz_taban_PNG\PESPLANUS_0742.png,C:\Users\tahsinsoyak\Desktop\proje_github_clone\flatfoot_classifier\data\processed\pes_planus\PESPLANUS_0742.jpg,3026,3008,right,False,1736,862,1766,31,2064,success
PESPLANUS_0745,pes_planus,1,C:\Users\tahsinsoyak\Desktop\proje_github_clone\flatfoot_classifier\data\raw\duz_taban_PNG\PESPLANUS_0745.png,C:\Users\tahsinsoyak\Desktop\proje_github_clone\flatfoot_classifier\data\processed\pes_planus\PESPLANUS_0745.jpg,3026,3008,right,False,2049,1175,2079,495,2528,success
PESPLANUS_0746,pes_planus,1,C:\Users\tahsinsoyak\Desktop\proje_github_clone\flatfoot_classifier\data\raw\duz_taban_PNG\PESPLANUS_0746.png,C:\Users\tahsinsoyak\Desktop\proje_github_clone\flatfoot_classifier\data\processed\pes_planus\PESPLANUS_0746.jpg,3026,3008,left,True,1700,826,1730,310,2343,success
PESPLANUS_0747,pes_planus,1,C:\Users\tahsinsoyak\Desktop\proje_github_clone\flatfoot_classifier\data\raw\duz_taban_PNG\PESPLANUS_0747.png,C:\Users\tahsinsoyak\Desktop\proje_github_clone\flatfoot_classifier\data\processed\pes_planus\PESPLANUS_0747.jpg,3026,3008,right,False,1700,826,1730,546,2579,success
PESPLANUS_0750,pes_planus,1,C:\Users\tahsinsoyak\Desktop\proje_github_clone\flatfoot_classifier\data\raw\duz_taban_PNG\PESPLANUS_0750.png,C:\Users\tahsinsoyak\Desktop\proje_github_clone\flatfoot_classifier\data\processed\pes_planus\PESPLANUS_0750.jpg,3026,3008,left,True,2090,1216,2120,387,2420,success
PESPLANUS_0751,pes_planus,1,C:\Users\tahsinsoyak\Desktop\proje_github_clone\flatfoot_classifier\data\raw\duz_taban_PNG\PESPLANUS_0751.png,C:\Users\tahsinsoyak\Desktop\proje_github_clone\flatfoot_classifier\data\processed\pes_planus\PESPLANUS_0751.jpg,3026,3008,right,False,2089,1215,2119,210,2243,success
PESPLANUS_0752,pes_planus,1,C:\Users\tahsinsoyak\Desktop\proje_github_clone\flatfoot_classifier\data\raw\duz_taban_PNG\PESPLANUS_0752.png,C:\Users\tahsinsoyak\Desktop\proje_github_clone\flatfoot_classifier\data\processed\pes_planus\PESPLANUS_0752.jpg,3026,3008,left,True,1865,991,1895,739,2772,success
PESPLANUS_0753,pes_planus,1,C:\Users\tahsinsoyak\Desktop\proje_github_clone\flatfoot_classifier\data\raw\duz_taban_PNG\PESPLANUS_0753.png,C:\Users\tahsinsoyak\Desktop\proje_github_clone\flatfoot_classifier\data\processed\pes_planus\PESPLANUS_0753.jpg,3026,3008,right,False,1865,991,1895,375,2408,success
PESPLANUS_0754,pes_planus,1,C:\Users\tahsinsoyak\Desktop\proje_github_clone\flatfoot_classifier\data\raw\duz_taban_PNG\PESPLANUS_0754.png,C:\Users\tahsinsoyak\Desktop\proje_github_clone\flatfoot_classifier\data\processed\pes_planus\PESPLANUS_0754.jpg,3026,3008,left,True,2068,1194,2098,751,2784,success
PESPLANUS_0755,pes_planus,1,C:\Users\tahsinsoyak\Desktop\proje_github_clone\flatfoot_classifier\data\raw\duz_taban_PNG\PESPLANUS_0755.png,C:\Users\tahsinsoyak\Desktop\proje_github_clone\flatfoot_classifier\data\processed\pes_planus\PESPLANUS_0755.jpg,3026,3008,right,False,2067,1193,2097,25,2058,success
PESPLANUS_0756,pes_planus,1,C:\Users\tahsinsoyak\Desktop\proje_github_clone\flatfoot_classifier\data\raw\duz_taban_PNG\PESPLANUS_0756.png,C:\Users\tahsinsoyak\Desktop\proje_github_clone\flatfoot_classifier\data\processed\pes_planus\PESPLANUS_0756.jpg,3026,3008,left,True,2172,1298,2202,351,2384,success
PESPLANUS_0757,pes_planus,1,C:\Users\tahsinsoyak\Desktop\proje_github_clone\flatfoot_classifier\data\raw\duz_taban_PNG\PESPLANUS_0757.png,C:\Users\tahsinsoyak\Desktop\proje_github_clone\flatfoot_classifier\data\processed\pes_planus\PESPLANUS_0757.jpg,3026,3008,right,False,2170,1296,2200,279,2312,success
PESPLANUS_0758,pes_planus,1,C:\Users\tahsinsoyak\Desktop\proje_github_clone\flatfoot_classifier\data\raw\duz_taban_PNG\PESPLANUS_0758.png,C:\Users\tahsinsoyak\Desktop\proje_github_clone\flatfoot_classifier\data\processed\pes_planus\PESPLANUS_0758.jpg,3026,3008,left,True,1811,937,1841,134,2167,success
PESPLANUS_0759,pes_planus,1,C:\Users\tahsinsoyak\Desktop\proje_github_clone\flatfoot_classifier\data\raw\duz_taban_PNG\PESPLANUS_0759.png,C:\Users\tahsinsoyak\Desktop\proje_github_clone\flatfoot_classifier\data\processed\pes_planus\PESPLANUS_0759.jpg,3026,3008,right,False,1811,937,1841,593,2626,success
PESPLANUS_0762,pes_planus,1,C:\Users\tahsinsoyak\Desktop\proje_github_clone\flatfoot_classifier\data\raw\duz_taban_PNG\PESPLANUS_0762.png,C:\Users\tahsinsoyak\Desktop\proje_github_clone\flatfoot_classifier\data\processed\pes_planus\PESPLANUS_0762.jpg,3026,3008,left,True,1715,841,1745,280,2313,success
PESPLANUS_0763,pes_planus,1,C:\Users\tahsinsoyak\Desktop\proje_github_clone\flatfoot_classifier\data\raw\duz_taban_PNG\PESPLANUS_0763.png,C:\Users\tahsinsoyak\Desktop\proje_github_clone\flatfoot_classifier\data\processed\pes_planus\PESPLANUS_0763.jpg,3026,3008,right,False,1715,841,1745,258,2291,success
PESPLANUS_0765,pes_planus,1,C:\Users\tahsinsoyak\Desktop\proje_github_clone\flatfoot_classifier\data\raw\duz_taban_PNG\PESPLANUS_0765.png,C:\Users\tahsinsoyak\Desktop\proje_github_clone\flatfoot_classifier\data\processed\pes_planus\PESPLANUS_0765.jpg,3026,3008,left,True,2031,1157,2061,547,2580,success
PESPLANUS_0766,pes_planus,1,C:\Users\tahsinsoyak\Desktop\proje_github_clone\flatfoot_classifier\data\raw\duz_taban_PNG\PESPLANUS_0766.png,C:\Users\tahsinsoyak\Desktop\proje_github_clone\flatfoot_classifier\data\processed\pes_planus\PESPLANUS_0766.jpg,3026,3008,right,False,2306,1432,2336,385,2418,success
PESPLANUS_0771,pes_planus,1,C:\Users\tahsinsoyak\Desktop\proje_github_clone\flatfoot_classifier\data\raw\duz_taban_PNG\PESPLANUS_0771.png,C:\Users\tahsinsoyak\Desktop\proje_github_clone\flatfoot_classifier\data\processed\pes_planus\PESPLANUS_0771.jpg,3026,3008,right,False,1684,810,1714,534,2567,success
PESPLANUS_0775,pes_planus,1,C:\Users\tahsinsoyak\Desktop\proje_github_clone\flatfoot_classifier\data\raw\duz_taban_PNG\PESPLANUS_0775.png,C:\Users\tahsinsoyak\Desktop\proje_github_clone\flatfoot_classifier\data\processed\pes_planus\PESPLANUS_0775.jpg,3026,3008,right,False,2302,1428,2332,130,2163,success
PESPLANUS_0778,pes_planus,1,C:\Users\tahsinsoyak\Desktop\proje_github_clone\flatfoot_classifier\data\raw\duz_taban_PNG\PESPLANUS_0778.png,C:\Users\tahsinsoyak\Desktop\proje_github_clone\flatfoot_classifier\data\processed\pes_planus\PESPLANUS_0778.jpg,3026,3008,left,True,2099,1225,2129,422,2455,success
PESPLANUS_0779,pes_planus,1,C:\Users\tahsinsoyak\Desktop\proje_github_clone\flatfoot_classifier\data\raw\duz_taban_PNG\PESPLANUS_0779.png,C:\Users\tahsinsoyak\Desktop\proje_github_clone\flatfoot_classifier\data\processed\pes_planus\PESPLANUS_0779.jpg,3026,3008,right,False,2103,1229,2133,442,2475,success
PESPLANUS_0780,pes_planus,1,C:\Users\tahsinsoyak\Desktop\proje_github_clone\flatfoot_classifier\data\raw\duz_taban_PNG\PESPLANUS_0780.png,C:\Users\tahsinsoyak\Desktop\proje_github_clone\flatfoot_classifier\data\processed\pes_planus\PESPLANUS_0780.jpg,3026,3008,left,True,1737,863,1767,223,2256,success
PESPLANUS_0781,pes_planus,1,C:\Users\tahsinsoyak\Desktop\proje_github_clone\flatfoot_classifier\data\raw\duz_taban_PNG\PESPLANUS_0781.png,C:\Users\tahsinsoyak\Desktop\proje_github_clone\flatfoot_classifier\data\processed\pes_planus\PESPLANUS_0781.jpg,3026,3008,right,False,1737,863,1767,280,2313,success
PESPLANUS_0782,pes_planus,1,C:\Users\tahsinsoyak\Desktop\proje_github_clone\flatfoot_classifier\data\raw\duz_taban_PNG\PESPLANUS_0782.png,C:\Users\tahsinsoyak\Desktop\proje_github_clone\flatfoot_classifier\data\processed\pes_planus\PESPLANUS_0782.jpg,3026,3008,left,True,2049,1175,2079,219,2252,success
PESPLANUS_0784,pes_planus,1,C:\Users\tahsinsoyak\Desktop\proje_github_clone\flatfoot_classifier\data\raw\duz_taban_PNG\PESPLANUS_0784.png,C:\Users\tahsinsoyak\Desktop\proje_github_clone\flatfoot_classifier\data\processed\pes_planus\PESPLANUS_0784.jpg,3026,3008,right,False,1829,955,1859,515,2548,success
PESPLANUS_0785,pes_planus,1,C:\Users\tahsinsoyak\Desktop\proje_github_clone\flatfoot_classifier\data\raw\duz_taban_PNG\PESPLANUS_0785.png,C:\Users\tahsinsoyak\Desktop\proje_github_clone\flatfoot_classifier\data\processed\pes_planus\PESPLANUS_0785.jpg,3026,3008,left,True,1813,939,1843,691,2724,success
PESPLANUS_0786,pes_planus,1,C:\Users\tahsinsoyak\Desktop\proje_github_clone\flatfoot_classifier\data\raw\duz_taban_PNG\PESPLANUS_0786.png,C:\Users\tahsinsoyak\Desktop\proje_github_clone\flatfoot_classifier\data\processed\pes_planus\PESPLANUS_0786.jpg,3026,3008,right,False,2008,1134,2038,427,2460,success
PESPLANUS_0787,pes_planus,1,C:\Users\tahsinsoyak\Desktop\proje_github_clone\flatfoot_classifier\data\raw\duz_taban_PNG\PESPLANUS_0787.png,C:\Users\tahsinsoyak\Desktop\proje_github_clone\flatfoot_classifier\data\processed\pes_planus\PESPLANUS_0787.jpg,3026,3008,left,True,2005,1131,2035,437,2470,success
PESPLANUS_0789,pes_planus,1,C:\Users\tahsinsoyak\Desktop\proje_github_clone\flatfoot_classifier\data\raw\duz_taban_PNG\PESPLANUS_0789.png,C:\Users\tahsinsoyak\Desktop\proje_github_clone\flatfoot_classifier\data\processed\pes_planus\PESPLANUS_0789.jpg,3026,3008,right,False,1742,868,1772,585,2618,success
PESPLANUS_0790,pes_planus,1,C:\Users\tahsinsoyak\Desktop\proje_github_clone\flatfoot_classifier\data\raw\duz_taban_PNG\PESPLANUS_0790.png,C:\Users\tahsinsoyak\Desktop\proje_github_clone\flatfoot_classifier\data\processed\pes_planus\PESPLANUS_0790.jpg,3026,3008,left,True,2347,1473,2377,165,2198,success
PESPLANUS_0791,pes_planus,1,C:\Users\tahsinsoyak\Desktop\proje_github_clone\flatfoot_classifier\data\raw\duz_taban_PNG\PESPLANUS_0791.png,C:\Users\tahsinsoyak\Desktop\proje_github_clone\flatfoot_classifier\data\processed\pes_planus\PESPLANUS_0791.jpg,3026,3008,right,False,2284,1410,2314,207,2240,success
PESPLANUS_0793,pes_planus,1,C:\Users\tahsinsoyak\Desktop\proje_github_clone\flatfoot_classifier\data\raw\duz_taban_PNG\PESPLANUS_0793.png,C:\Users\tahsinsoyak\Desktop\proje_github_clone\flatfoot_classifier\data\processed\pes_planus\PESPLANUS_0793.jpg,3026,3008,right,False,1970,1096,2000,71,2104,success
PESPLANUS_0795,pes_planus,1,C:\Users\tahsinsoyak\Desktop\proje_github_clone\flatfoot_classifier\data\raw\duz_taban_PNG\PESPLANUS_0795.png,C:\Users\tahsinsoyak\Desktop\proje_github_clone\flatfoot_classifier\data\processed\pes_planus\PESPLANUS_0795.jpg,3026,3008,right,False,2211,1337,2241,463,2496,success
PESPLANUS_0797,pes_planus,1,C:\Users\tahsinsoyak\Desktop\proje_github_clone\flatfoot_classifier\data\raw\duz_taban_PNG\PESPLANUS_0797.png,C:\Users\tahsinsoyak\Desktop\proje_github_clone\flatfoot_classifier\data\processed\pes_planus\PESPLANUS_0797.jpg,2299,3003,left,True,1702,830,1732,587,2616,success
PESPLANUS_0798,pes_planus,1,C:\Users\tahsinsoyak\Desktop\proje_github_clone\flatfoot_classifier\data\raw\duz_taban_PNG\PESPLANUS_0798.png,C:\Users\tahsinsoyak\Desktop\proje_github_clone\flatfoot_classifier\data\processed\pes_planus\PESPLANUS_0798.jpg,3026,3008,left,True,1921,1047,1951,792,2825,success
PESPLANUS_0799,pes_planus,1,C:\Users\tahsinsoyak\Desktop\proje_github_clone\flatfoot_classifier\data\raw\duz_taban_PNG\PESPLANUS_0799.png,C:\Users\tahsinsoyak\Desktop\proje_github_clone\flatfoot_classifier\data\processed\pes_planus\PESPLANUS_0799.jpg,3026,3008,right,False,1923,1049,1953,387,2420,success
PESPLANUS_0801,pes_planus,1,C:\Users\tahsinsoyak\Desktop\proje_github_clone\flatfoot_classifier\data\raw\duz_taban_PNG\PESPLANUS_0801.png,C:\Users\tahsinsoyak\Desktop\proje_github_clone\flatfoot_classifier\data\processed\pes_planus\PESPLANUS_0801.jpg,2661,3003,left,True,1584,712,1614,597,2626,success
PESPLANUS_0802,pes_planus,1,C:\Users\tahsinsoyak\Desktop\proje_github_clone\flatfoot_classifier\data\raw\duz_taban_PNG\PESPLANUS_0802.png,C:\Users\tahsinsoyak\Desktop\proje_github_clone\flatfoot_classifier\data\processed\pes_planus\PESPLANUS_0802.jpg,3026,3008,left,True,1886,1012,1916,541,2574,success
PESPLANUS_0805,pes_planus,1,C:\Users\tahsinsoyak\Desktop\proje_github_clone\flatfoot_classifier\data\raw\duz_taban_PNG\PESPLANUS_0805.png,C:\Users\tahsinsoyak\Desktop\proje_github_clone\flatfoot_classifier\data\processed\pes_planus\PESPLANUS_0805.jpg,3026,3008,right,False,1991,1117,2021,278,2311,success
PESPLANUS_0807,pes_planus,1,C:\Users\tahsinsoyak\Desktop\proje_github_clone\flatfoot_classifier\data\raw\duz_taban_PNG\PESPLANUS_0807.png,C:\Users\tahsinsoyak\Desktop\proje_github_clone\flatfoot_classifier\data\processed\pes_planus\PESPLANUS_0807.jpg,3026,3008,right,False,2365,1491,2395,418,2451,success
PESPLANUS_0808,pes_planus,1,C:\Users\tahsinsoyak\Desktop\proje_github_clone\flatfoot_classifier\data\raw\duz_taban_PNG\PESPLANUS_0808.png,C:\Users\tahsinsoyak\Desktop\proje_github_clone\flatfoot_classifier\data\processed\pes_planus\PESPLANUS_0808.jpg,3026,3008,left,True,2151,1277,2181,225,2258,success
PESPLANUS_0809,pes_planus,1,C:\Users\tahsinsoyak\Desktop\proje_github_clone\flatfoot_classifier\data\raw\duz_taban_PNG\PESPLANUS_0809.png,C:\Users\tahsinsoyak\Desktop\proje_github_clone\flatfoot_classifier\data\processed\pes_planus\PESPLANUS_0809.jpg,3026,3008,right,False,2150,1276,2180,262,2295,success
PESPLANUS_0810,pes_planus,1,C:\Users\tahsinsoyak\Desktop\proje_github_clone\flatfoot_classifier\data\raw\duz_taban_PNG\PESPLANUS_0810.png,C:\Users\tahsinsoyak\Desktop\proje_github_clone\flatfoot_classifier\data\processed\pes_planus\PESPLANUS_0810.jpg,3026,3008,left,True,1880,1006,1910,604,2637,success
PESPLANUS_0811,pes_planus,1,C:\Users\tahsinsoyak\Desktop\proje_github_clone\flatfoot_classifier\data\raw\duz_taban_PNG\PESPLANUS_0811.png,C:\Users\tahsinsoyak\Desktop\proje_github_clone\flatfoot_classifier\data\processed\pes_planus\PESPLANUS_0811.jpg,3026,3008,right,False,1883,1009,1913,415,2448,success
PESPLANUS_0814,pes_planus,1,C:\Users\tahsinsoyak\Desktop\proje_github_clone\flatfoot_classifier\data\raw\duz_taban_PNG\PESPLANUS_0814.png,C:\Users\tahsinsoyak\Desktop\proje_github_clone\flatfoot_classifier\data\processed\pes_planus\PESPLANUS_0814.jpg,3026,3008,right,False,2030,1156,2060,560,2593,success
PESPLANUS_0815,pes_planus,1,C:\Users\tahsinsoyak\Desktop\proje_github_clone\flatfoot_classifier\data\raw\duz_taban_PNG\PESPLANUS_0815.png,C:\Users\tahsinsoyak\Desktop\proje_github_clone\flatfoot_classifier\data\processed\pes_planus\PESPLANUS_0815.jpg,3026,3008,left,True,2028,1154,2058,523,2556,success
PESPLANUS_0816,pes_planus,1,C:\Users\tahsinsoyak\Desktop\proje_github_clone\flatfoot_classifier\data\raw\duz_taban_PNG\PESPLANUS_0816.png,C:\Users\tahsinsoyak\Desktop\proje_github_clone\flatfoot_classifier\data\processed\pes_planus\PESPLANUS_0816.jpg,3026,3008,left,True,2266,1392,2296,460,2493,success
PESPLANUS_0817,pes_planus,1,C:\Users\tahsinsoyak\Desktop\proje_github_clone\flatfoot_classifier\data\raw\duz_taban_PNG\PESPLANUS_0817.png,C:\Users\tahsinsoyak\Desktop\proje_github_clone\flatfoot_classifier\data\processed\pes_planus\PESPLANUS_0817.jpg,3026,3008,right,False,2263,1389,2293,257,2290,success
PESPLANUS_0820,pes_planus,1,C:\Users\tahsinsoyak\Desktop\proje_github_clone\flatfoot_classifier\data\raw\duz_taban_PNG\PESPLANUS_0820.png,C:\Users\tahsinsoyak\Desktop\proje_github_clone\flatfoot_classifier\data\processed\pes_planus\PESPLANUS_0820.jpg,3026,3008,left,True,2337,1463,2367,324,2357,success
PESPLANUS_0821,pes_planus,1,C:\Users\tahsinsoyak\Desktop\proje_github_clone\flatfoot_classifier\data\raw\duz_taban_PNG\PESPLANUS_0821.png,C:\Users\tahsinsoyak\Desktop\proje_github_clone\flatfoot_classifier\data\processed\pes_planus\PESPLANUS_0821.jpg,3026,3008,right,False,2327,1538,2357,0,1836,success
PESPLANUS_0823,pes_planus,1,C:\Users\tahsinsoyak\Desktop\proje_github_clone\flatfoot_classifier\data\raw\duz_taban_PNG\PESPLANUS_0823.png,C:\Users\tahsinsoyak\Desktop\proje_github_clone\flatfoot_classifier\data\processed\pes_planus\PESPLANUS_0823.jpg,3026,3008,left,True,1985,1111,2015,634,2667,success
PESPLANUS_0825,pes_planus,1,C:\Users\tahsinsoyak\Desktop\proje_github_clone\flatfoot_classifier\data\raw\duz_taban_PNG\PESPLANUS_0825.png,C:\Users\tahsinsoyak\Desktop\proje_github_clone\flatfoot_classifier\data\processed\pes_planus\PESPLANUS_0825.jpg,3026,3008,left,True,1361,487,1391,523,2556,success
PESPLANUS_0827,pes_planus,1,C:\Users\tahsinsoyak\Desktop\proje_github_clone\flatfoot_classifier\data\raw\duz_taban_PNG\PESPLANUS_0827.png,C:\Users\tahsinsoyak\Desktop\proje_github_clone\flatfoot_classifier\data\processed\pes_planus\PESPLANUS_0827.jpg,3026,3008,right,False,1841,967,1871,365,2398,success
PESPLANUS_0829,pes_planus,1,C:\Users\tahsinsoyak\Desktop\proje_github_clone\flatfoot_classifier\data\raw\duz_taban_PNG\PESPLANUS_0829.png,C:\Users\tahsinsoyak\Desktop\proje_github_clone\flatfoot_classifier\data\processed\pes_planus\PESPLANUS_0829.jpg,3026,3008,right,False,1889,1015,1919,522,2555,success
PESPLANUS_0830,pes_planus,1,C:\Users\tahsinsoyak\Desktop\proje_github_clone\flatfoot_classifier\data\raw\duz_taban_PNG\PESPLANUS_0830.png,C:\Users\tahsinsoyak\Desktop\proje_github_clone\flatfoot_classifier\data\processed\pes_planus\PESPLANUS_0830.jpg,3026,3008,left,True,1934,1060,1964,182,2215,success
PESPLANUS_0833,pes_planus,1,C:\Users\tahsinsoyak\Desktop\proje_github_clone\flatfoot_classifier\data\raw\duz_taban_PNG\PESPLANUS_0833.png,C:\Users\tahsinsoyak\Desktop\proje_github_clone\flatfoot_classifier\data\processed\pes_planus\PESPLANUS_0833.jpg,3026,3008,right,False,1700,826,1730,361,2394,success
PESPLANUS_0835,pes_planus,1,C:\Users\tahsinsoyak\Desktop\proje_github_clone\flatfoot_classifier\data\raw\duz_taban_PNG\PESPLANUS_0835.png,C:\Users\tahsinsoyak\Desktop\proje_github_clone\flatfoot_classifier\data\processed\pes_planus\PESPLANUS_0835.jpg,2519,3003,right,False,1586,714,1616,154,2183,success
PESPLANUS_0836,pes_planus,1,C:\Users\tahsinsoyak\Desktop\proje_github_clone\flatfoot_classifier\data\raw\duz_taban_PNG\PESPLANUS_0836.png,C:\Users\tahsinsoyak\Desktop\proje_github_clone\flatfoot_classifier\data\processed\pes_planus\PESPLANUS_0836.jpg,3026,3008,left,True,1648,774,1678,331,2364,success
PESPLANUS_0837,pes_planus,1,C:\Users\tahsinsoyak\Desktop\proje_github_clone\flatfoot_classifier\data\raw\duz_taban_PNG\PESPLANUS_0837.png,C:\Users\tahsinsoyak\Desktop\proje_github_clone\flatfoot_classifier\data\processed\pes_planus\PESPLANUS_0837.jpg,3026,3008,right,False,1647,773,1677,213,2246,success
PESPLANUS_0838,pes_planus,1,C:\Users\tahsinsoyak\Desktop\proje_github_clone\flatfoot_classifier\data\raw\duz_taban_PNG\PESPLANUS_0838.png,C:\Users\tahsinsoyak\Desktop\proje_github_clone\flatfoot_classifier\data\processed\pes_planus\PESPLANUS_0838.jpg,3026,3008,right,False,1844,970,1874,280,2313,success
PESPLANUS_0839,pes_planus,1,C:\Users\tahsinsoyak\Desktop\proje_github_clone\flatfoot_classifier\data\raw\duz_taban_PNG\PESPLANUS_0839.png,C:\Users\tahsinsoyak\Desktop\proje_github_clone\flatfoot_classifier\data\processed\pes_planus\PESPLANUS_0839.jpg,3026,3008,left,True,1841,967,1871,756,2789,success
PESPLANUS_0843,pes_planus,1,C:\Users\tahsinsoyak\Desktop\proje_github_clone\flatfoot_classifier\data\raw\duz_taban_PNG\PESPLANUS_0843.png,C:\Users\tahsinsoyak\Desktop\proje_github_clone\flatfoot_classifier\data\processed\pes_planus\PESPLANUS_0843.jpg,3026,3008,right,False,1690,816,1720,447,2480,success
PESPLANUS_0844,pes_planus,1,C:\Users\tahsinsoyak\Desktop\proje_github_clone\flatfoot_classifier\data\raw\duz_taban_PNG\PESPLANUS_0844.png,C:\Users\tahsinsoyak\Desktop\proje_github_clone\flatfoot_classifier\data\processed\pes_planus\PESPLANUS_0844.jpg,3026,3008,left,True,2134,1260,2164,428,2461,success
PESPLANUS_0845,pes_planus,1,C:\Users\tahsinsoyak\Desktop\proje_github_clone\flatfoot_classifier\data\raw\duz_taban_PNG\PESPLANUS_0845.png,C:\Users\tahsinsoyak\Desktop\proje_github_clone\flatfoot_classifier\data\processed\pes_planus\PESPLANUS_0845.jpg,3026,3008,right,False,2131,1257,2161,172,2205,success
PESPLANUS_0846,pes_planus,1,C:\Users\tahsinsoyak\Desktop\proje_github_clone\flatfoot_classifier\data\raw\duz_taban_PNG\PESPLANUS_0846.png,C:\Users\tahsinsoyak\Desktop\proje_github_clone\flatfoot_classifier\data\processed\pes_planus\PESPLANUS_0846.jpg,3026,3008,left,True,2037,1163,2067,675,2708,success
PESPLANUS_0847,pes_planus,1,C:\Users\tahsinsoyak\Desktop\proje_github_clone\flatfoot_classifier\data\raw\duz_taban_PNG\PESPLANUS_0847.png,C:\Users\tahsinsoyak\Desktop\proje_github_clone\flatfoot_classifier\data\processed\pes_planus\PESPLANUS_0847.jpg,3026,3008,right,False,2038,1164,2068,273,2306,success
PESPLANUS_0849,pes_planus,1,C:\Users\tahsinsoyak\Desktop\proje_github_clone\flatfoot_classifier\data\raw\duz_taban_PNG\PESPLANUS_0849.png,C:\Users\tahsinsoyak\Desktop\proje_github_clone\flatfoot_classifier\data\processed\pes_planus\PESPLANUS_0849.jpg,3026,3008,left,True,2180,1306,2210,746,2779,success
PESPLANUS_0850,pes_planus,1,C:\Users\tahsinsoyak\Desktop\proje_github_clone\flatfoot_classifier\data\raw\duz_taban_PNG\PESPLANUS_0850.png,C:\Users\tahsinsoyak\Desktop\proje_github_clone\flatfoot_classifier\data\processed\pes_planus\PESPLANUS_0850.jpg,3026,3008,left,True,2176,1302,2206,585,2618,success
PESPLANUS_0851,pes_planus,1,C:\Users\tahsinsoyak\Desktop\proje_github_clone\flatfoot_classifier\data\raw\duz_taban_PNG\PESPLANUS_0851.png,C:\Users\tahsinsoyak\Desktop\proje_github_clone\flatfoot_classifier\data\processed\pes_planus\PESPLANUS_0851.jpg,3026,3008,right,False,2177,1303,2207,303,2336,success
PESPLANUS_0852,pes_planus,1,C:\Users\tahsinsoyak\Desktop\proje_github_clone\flatfoot_classifier\data\raw\duz_taban_PNG\PESPLANUS_0852.png,C:\Users\tahsinsoyak\Desktop\proje_github_clone\flatfoot_classifier\data\processed\pes_planus\PESPLANUS_0852.jpg,3026,3008,left,True,2272,1398,2302,117,2150,success
PESPLANUS_0853,pes_planus,1,C:\Users\tahsinsoyak\Desktop\proje_github_clone\flatfoot_classifier\data\raw\duz_taban_PNG\PESPLANUS_0853.png,C:\Users\tahsinsoyak\Desktop\proje_github_clone\flatfoot_classifier\data\processed\pes_planus\PESPLANUS_0853.jpg,3026,3008,right,False,2276,1402,2306,125,2158,success
PESPLANUS_0854,pes_planus,1,C:\Users\tahsinsoyak\Desktop\proje_github_clone\flatfoot_classifier\data\raw\duz_taban_PNG\PESPLANUS_0854.png,C:\Users\tahsinsoyak\Desktop\proje_github_clone\flatfoot_classifier\data\processed\pes_planus\PESPLANUS_0854.jpg,3026,3008,right,False,1989,1115,2019,55,2088,success
PESPLANUS_0856,pes_planus,1,C:\Users\tahsinsoyak\Desktop\proje_github_clone\flatfoot_classifier\data\raw\duz_taban_PNG\PESPLANUS_0856.png,C:\Users\tahsinsoyak\Desktop\proje_github_clone\flatfoot_classifier\data\processed\pes_planus\PESPLANUS_0856.jpg,3026,3008,left,True,2015,1141,2045,502,2535,success
PESPLANUS_0858,pes_planus,1,C:\Users\tahsinsoyak\Desktop\proje_github_clone\flatfoot_classifier\data\raw\duz_taban_PNG\PESPLANUS_0858.png,C:\Users\tahsinsoyak\Desktop\proje_github_clone\flatfoot_classifier\data\processed\pes_planus\PESPLANUS_0858.jpg,2480,3003,left,True,1881,1009,1911,325,2354,success
PESPLANUS_0859,pes_planus,1,C:\Users\tahsinsoyak\Desktop\proje_github_clone\flatfoot_classifier\data\raw\duz_taban_PNG\PESPLANUS_0859.png,C:\Users\tahsinsoyak\Desktop\proje_github_clone\flatfoot_classifier\data\processed\pes_planus\PESPLANUS_0859.jpg,3026,3008,right,False,2082,1208,2112,683,2716,success
PESPLANUS_0860,pes_planus,1,C:\Users\tahsinsoyak\Desktop\proje_github_clone\flatfoot_classifier\data\raw\duz_taban_PNG\PESPLANUS_0860.png,C:\Users\tahsinsoyak\Desktop\proje_github_clone\flatfoot_classifier\data\processed\pes_planus\PESPLANUS_0860.jpg,3026,3008,left,True,2181,1307,2211,367,2400,success
PESPLANUS_0862,pes_planus,1,C:\Users\tahsinsoyak\Desktop\proje_github_clone\flatfoot_classifier\data\raw\duz_taban_PNG\PESPLANUS_0862.png,C:\Users\tahsinsoyak\Desktop\proje_github_clone\flatfoot_classifier\data\processed\pes_planus\PESPLANUS_0862.jpg,3026,3008,left,True,1881,1007,1911,654,2687,success
PESPLANUS_0864,pes_planus,1,C:\Users\tahsinsoyak\Desktop\proje_github_clone\flatfoot_classifier\data\raw\duz_taban_PNG\PESPLANUS_0864.png,C:\Users\tahsinsoyak\Desktop\proje_github_clone\flatfoot_classifier\data\processed\pes_planus\PESPLANUS_0864.jpg,3026,3008,left,True,1820,946,1850,634,2667,success
PESPLANUS_0866,pes_planus,1,C:\Users\tahsinsoyak\Desktop\proje_github_clone\flatfoot_classifier\data\raw\duz_taban_PNG\PESPLANUS_0866.png,C:\Users\tahsinsoyak\Desktop\proje_github_clone\flatfoot_classifier\data\processed\pes_planus\PESPLANUS_0866.jpg,3026,3008,right,False,1802,928,1832,480,2513,success
PESPLANUS_0869,pes_planus,1,C:\Users\tahsinsoyak\Desktop\proje_github_clone\flatfoot_classifier\data\raw\duz_taban_PNG\PESPLANUS_0869.png,C:\Users\tahsinsoyak\Desktop\proje_github_clone\flatfoot_classifier\data\processed\pes_planus\PESPLANUS_0869.jpg,3026,3008,left,True,1720,846,1750,504,2537,success
PESPLANUS_0870,pes_planus,1,C:\Users\tahsinsoyak\Desktop\proje_github_clone\flatfoot_classifier\data\raw\duz_taban_PNG\PESPLANUS_0870.png,C:\Users\tahsinsoyak\Desktop\proje_github_clone\flatfoot_classifier\data\processed\pes_planus\PESPLANUS_0870.jpg,3026,3008,right,False,1760,886,1790,236,2269,success
PESPLANUS_0871,pes_planus,1,C:\Users\tahsinsoyak\Desktop\proje_github_clone\flatfoot_classifier\data\raw\duz_taban_PNG\PESPLANUS_0871.png,C:\Users\tahsinsoyak\Desktop\proje_github_clone\flatfoot_classifier\data\processed\pes_planus\PESPLANUS_0871.jpg,3026,3008,left,True,1760,886,1790,347,2380,success
PESPLANUS_0874,pes_planus,1,C:\Users\tahsinsoyak\Desktop\proje_github_clone\flatfoot_classifier\data\raw\duz_taban_PNG\PESPLANUS_0874.png,C:\Users\tahsinsoyak\Desktop\proje_github_clone\flatfoot_classifier\data\processed\pes_planus\PESPLANUS_0874.jpg,3026,3008,right,False,2103,1229,2133,420,2453,success
PESPLANUS_0875,pes_planus,1,C:\Users\tahsinsoyak\Desktop\proje_github_clone\flatfoot_classifier\data\raw\duz_taban_PNG\PESPLANUS_0875.png,C:\Users\tahsinsoyak\Desktop\proje_github_clone\flatfoot_classifier\data\processed\pes_planus\PESPLANUS_0875.jpg,3026,3008,left,True,2103,1229,2133,541,2574,success
PESPLANUS_0876,pes_planus,1,C:\Users\tahsinsoyak\Desktop\proje_github_clone\flatfoot_classifier\data\raw\duz_taban_PNG\PESPLANUS_0876.png,C:\Users\tahsinsoyak\Desktop\proje_github_clone\flatfoot_classifier\data\processed\pes_planus\PESPLANUS_0876.jpg,3026,3008,right,False,1948,1074,1978,515,2548,success
PESPLANUS_0877,pes_planus,1,C:\Users\tahsinsoyak\Desktop\proje_github_clone\flatfoot_classifier\data\raw\duz_taban_PNG\PESPLANUS_0877.png,C:\Users\tahsinsoyak\Desktop\proje_github_clone\flatfoot_classifier\data\processed\pes_planus\PESPLANUS_0877.jpg,3026,3008,left,True,1948,1074,1978,534,2567,success
PESPLANUS_0878,pes_planus,1,C:\Users\tahsinsoyak\Desktop\proje_github_clone\flatfoot_classifier\data\raw\duz_taban_PNG\PESPLANUS_0878.png,C:\Users\tahsinsoyak\Desktop\proje_github_clone\flatfoot_classifier\data\processed\pes_planus\PESPLANUS_0878.jpg,3026,3008,left,True,1631,757,1661,617,2650,success
PESPLANUS_0879,pes_planus,1,C:\Users\tahsinsoyak\Desktop\proje_github_clone\flatfoot_classifier\data\raw\duz_taban_PNG\PESPLANUS_0879.png,C:\Users\tahsinsoyak\Desktop\proje_github_clone\flatfoot_classifier\data\processed\pes_planus\PESPLANUS_0879.jpg,3026,3008,right,False,1631,757,1661,161,2194,success
PESPLANUS_0880,pes_planus,1,C:\Users\tahsinsoyak\Desktop\proje_github_clone\flatfoot_classifier\data\raw\duz_taban_PNG\PESPLANUS_0880.png,C:\Users\tahsinsoyak\Desktop\proje_github_clone\flatfoot_classifier\data\processed\pes_planus\PESPLANUS_0880.jpg,3026,3008,left,True,2247,1373,2277,349,2382,success
PESPLANUS_0882,pes_planus,1,C:\Users\tahsinsoyak\Desktop\proje_github_clone\flatfoot_classifier\data\raw\duz_taban_PNG\PESPLANUS_0882.png,C:\Users\tahsinsoyak\Desktop\proje_github_clone\flatfoot_classifier\data\processed\pes_planus\PESPLANUS_0882.jpg,3026,3008,right,False,2171,1297,2201,436,2469,success
PESPLANUS_0883,pes_planus,1,C:\Users\tahsinsoyak\Desktop\proje_github_clone\flatfoot_classifier\data\raw\duz_taban_PNG\PESPLANUS_0883.png,C:\Users\tahsinsoyak\Desktop\proje_github_clone\flatfoot_classifier\data\processed\pes_planus\PESPLANUS_0883.jpg,3026,3008,left,True,2170,1296,2200,360,2393,success
PESPLANUS_0884,pes_planus,1,C:\Users\tahsinsoyak\Desktop\proje_github_clone\flatfoot_classifier\data\raw\duz_taban_PNG\PESPLANUS_0884.png,C:\Users\tahsinsoyak\Desktop\proje_github_clone\flatfoot_classifier\data\processed\pes_planus\PESPLANUS_0884.jpg,3026,3008,right,False,1949,1075,1979,177,2210,success
PESPLANUS_0886,pes_planus,1,C:\Users\tahsinsoyak\Desktop\proje_github_clone\flatfoot_classifier\data\raw\duz_taban_PNG\PESPLANUS_0886.png,C:\Users\tahsinsoyak\Desktop\proje_github_clone\flatfoot_classifier\data\processed\pes_planus\PESPLANUS_0886.jpg,3026,3008,right,False,1876,1002,1906,230,2263,success
PESPLANUS_0887,pes_planus,1,C:\Users\tahsinsoyak\Desktop\proje_github_clone\flatfoot_classifier\data\raw\duz_taban_PNG\PESPLANUS_0887.png,C:\Users\tahsinsoyak\Desktop\proje_github_clone\flatfoot_classifier\data\processed\pes_planus\PESPLANUS_0887.jpg,3026,3008,left,True,1877,1003,1907,457,2490,success
PESPLANUS_0888,pes_planus,1,C:\Users\tahsinsoyak\Desktop\proje_github_clone\flatfoot_classifier\data\raw\duz_taban_PNG\PESPLANUS_0888.png,C:\Users\tahsinsoyak\Desktop\proje_github_clone\flatfoot_classifier\data\processed\pes_planus\PESPLANUS_0888.jpg,3026,3008,right,False,1941,1067,1971,502,2535,success
PESPLANUS_0891,pes_planus,1,C:\Users\tahsinsoyak\Desktop\proje_github_clone\flatfoot_classifier\data\raw\duz_taban_PNG\PESPLANUS_0891.png,C:\Users\tahsinsoyak\Desktop\proje_github_clone\flatfoot_classifier\data\processed\pes_planus\PESPLANUS_0891.jpg,3026,3008,right,False,1710,836,1740,91,2124,success
PESPLANUS_0892,pes_planus,1,C:\Users\tahsinsoyak\Desktop\proje_github_clone\flatfoot_classifier\data\raw\duz_taban_PNG\PESPLANUS_0892.png,C:\Users\tahsinsoyak\Desktop\proje_github_clone\flatfoot_classifier\data\processed\pes_planus\PESPLANUS_0892.jpg,3026,3008,right,False,2048,1174,2078,372,2405,success
PESPLANUS_0893,pes_planus,1,C:\Users\tahsinsoyak\Desktop\proje_github_clone\flatfoot_classifier\data\raw\duz_taban_PNG\PESPLANUS_0893.png,C:\Users\tahsinsoyak\Desktop\proje_github_clone\flatfoot_classifier\data\processed\pes_planus\PESPLANUS_0893.jpg,3026,3008,left,True,2046,1172,2076,430,2463,success
PESPLANUS_0894,pes_planus,1,C:\Users\tahsinsoyak\Desktop\proje_github_clone\flatfoot_classifier\data\raw\duz_taban_PNG\PESPLANUS_0894.png,C:\Users\tahsinsoyak\Desktop\proje_github_clone\flatfoot_classifier\data\processed\pes_planus\PESPLANUS_0894.jpg,3023,3008,right,False,1853,979,1883,51,2084,success
PESPLANUS_0895,pes_planus,1,C:\Users\tahsinsoyak\Desktop\proje_github_clone\flatfoot_classifier\data\raw\duz_taban_PNG\PESPLANUS_0895.png,C:\Users\tahsinsoyak\Desktop\proje_github_clone\flatfoot_classifier\data\processed\pes_planus\PESPLANUS_0895.jpg,3026,3008,right,False,1950,1076,1980,304,2337,success
PESPLANUS_0897,pes_planus,1,C:\Users\tahsinsoyak\Desktop\proje_github_clone\flatfoot_classifier\data\raw\duz_taban_PNG\PESPLANUS_0897.png,C:\Users\tahsinsoyak\Desktop\proje_github_clone\flatfoot_classifier\data\processed\pes_planus\PESPLANUS_0897.jpg,3026,3008,right,False,2255,1381,2285,304,2337,success
PESPLANUS_0898,pes_planus,1,C:\Users\tahsinsoyak\Desktop\proje_github_clone\flatfoot_classifier\data\raw\duz_taban_PNG\PESPLANUS_0898.png,C:\Users\tahsinsoyak\Desktop\proje_github_clone\flatfoot_classifier\data\processed\pes_planus\PESPLANUS_0898.jpg,3026,3008,right,False,1891,1017,1921,829,2862,success
PESPLANUS_0899,pes_planus,1,C:\Users\tahsinsoyak\Desktop\proje_github_clone\flatfoot_classifier\data\raw\duz_taban_PNG\PESPLANUS_0899.png,C:\Users\tahsinsoyak\Desktop\proje_github_clone\flatfoot_classifier\data\processed\pes_planus\PESPLANUS_0899.jpg,3026,3008,left,True,1892,1018,1922,91,2124,success
PESPLANUS_0900,pes_planus,1,C:\Users\tahsinsoyak\Desktop\proje_github_clone\flatfoot_classifier\data\raw\duz_taban_PNG\PESPLANUS_0900.png,C:\Users\tahsinsoyak\Desktop\proje_github_clone\flatfoot_classifier\data\processed\pes_planus\PESPLANUS_0900.jpg,3026,3008,left,True,1374,500,1404,124,2157,success
PESPLANUS_0902,pes_planus,1,C:\Users\tahsinsoyak\Desktop\proje_github_clone\flatfoot_classifier\data\raw\duz_taban_PNG\PESPLANUS_0902.png,C:\Users\tahsinsoyak\Desktop\proje_github_clone\flatfoot_classifier\data\processed\pes_planus\PESPLANUS_0902.jpg,3026,3008,left,True,2285,1411,2315,668,2701,success
PESPLANUS_0903,pes_planus,1,C:\Users\tahsinsoyak\Desktop\proje_github_clone\flatfoot_classifier\data\raw\duz_taban_PNG\PESPLANUS_0903.png,C:\Users\tahsinsoyak\Desktop\proje_github_clone\flatfoot_classifier\data\processed\pes_planus\PESPLANUS_0903.jpg,3026,3008,right,False,2283,1409,2313,696,2729,success
PESPLANUS_0904,pes_planus,1,C:\Users\tahsinsoyak\Desktop\proje_github_clone\flatfoot_classifier\data\raw\duz_taban_PNG\PESPLANUS_0904.png,C:\Users\tahsinsoyak\Desktop\proje_github_clone\flatfoot_classifier\data\processed\pes_planus\PESPLANUS_0904.jpg,1825,2717,left,True,1200,411,1230,557,2394,success
PESPLANUS_0906,pes_planus,1,C:\Users\tahsinsoyak\Desktop\proje_github_clone\flatfoot_classifier\data\raw\duz_taban_PNG\PESPLANUS_0906.png,C:\Users\tahsinsoyak\Desktop\proje_github_clone\flatfoot_classifier\data\processed\pes_planus\PESPLANUS_0906.jpg,3026,3008,left,True,2296,1422,2326,586,2619,success
PESPLANUS_0907,pes_planus,1,C:\Users\tahsinsoyak\Desktop\proje_github_clone\flatfoot_classifier\data\raw\duz_taban_PNG\PESPLANUS_0907.png,C:\Users\tahsinsoyak\Desktop\proje_github_clone\flatfoot_classifier\data\processed\pes_planus\PESPLANUS_0907.jpg,3026,3008,right,False,2272,1398,2302,472,2505,success
PESPLANUS_0908,pes_planus,1,C:\Users\tahsinsoyak\Desktop\proje_github_clone\flatfoot_classifier\data\raw\duz_taban_PNG\PESPLANUS_0908.png,C:\Users\tahsinsoyak\Desktop\proje_github_clone\flatfoot_classifier\data\processed\pes_planus\PESPLANUS_0908.jpg,3026,3008,right,False,1710,836,1740,531,2564,success
